age,job,marital,education,default,housing,loan,contact,month,day_of_week,duration,campaign,pdays,previous,poutcome,emp.var.rate,cons.price.idx,cons.conf.idx,euribor3m,nr.employed,y
70,management,married,university.degree,yes,unknown,no,cellular,jun,mon,3174,18,21,0,nonexistent,-1.6331063019774588,94.61078643607895,-27.973500352006646,1.677175034993861,5024.360962229342,yes
18,admin.,divorced,university.degree,unknown,no,no,telephone,aug,mon,3507,20,5,3,nonexistent,0.0774440883816419,94.10519572122057,-45.07427368411384,2.0564376310250094,5162.795670248996,yes
20,self-employed,married,university.degree,yes,unknown,no,cellular,jun,thu,860,4,20,0,nonexistent,-0.7572359038722982,92.69003512140435,-44.0163557422316,1.8704435691955499,5083.393104053623,no
20,admin.,divorced,university.degree,yes,no,yes,telephone,feb,fri,1294,1,25,5,nonexistent,1.3060178183951372,92.42177739980262,-28.801765855756276,0.9226388207482865,5115.189195742654,no
45,services,married,university.degree,no,no,unknown,cellular,jul,tue,1130,28,12,3,nonexistent,0.9588371753089192,92.13806859611569,-39.858320525758906,3.1510384681836388,5168.864779205895,no
31,admin.,single,basic.6y,no,no,no,telephone,oct,wed,1095,8,20,5,nonexistent,0.5544948242947009,92.53354833702582,-39.87161725878066,2.6907902731318303,5065.171409447485,yes
69,blue-collar,married,basic.4y,yes,unknown,unknown,cellular,apr,fri,3772,11,24,5,failure,-3.235194665344824,94.05065061648409,-30.049814483017734,1.0684366386447568,5209.54361557715,yes
47,management,married,basic.6y,yes,unknown,unknown,cellular,nov,mon,3092,3,18,2,success,-1.5739139800335948,93.76269405695298,-43.724392163173135,2.640957413375485,5098.517193495343,yes
75,self-employed,married,basic.6y,no,unknown,yes,cellular,nov,fri,1638,28,14,1,nonexistent,-0.6482023667070385,94.70882262278991,-34.14414641270371,0.9474440356709781,5149.740625699368,yes
71,technician,single,university.degree,unknown,no,unknown,telephone,mar,tue,2169,29,26,5,success,-0.8962422029083333,92.90151868101641,-33.55559854635164,4.698729059860264,5163.33171062926,yes
22,technician,married,basic.4y,yes,no,unknown,cellular,aug,mon,466,12,25,2,nonexistent,0.2651152994820206,94.20248053827319,-40.22667951387992,1.7399464919737506,5059.941489205346,yes
66,blue-collar,married,university.degree,no,unknown,no,cellular,oct,tue,1238,13,6,3,nonexistent,0.9636024166035605,92.33728507265582,-42.81834363982911,3.789227131067457,5031.8712857778055,no
32,self-employed,single,basic.6y,yes,unknown,no,telephone,dec,wed,330,20,12,5,nonexistent,0.378286170486359,93.57523155365793,-32.95493025011461,1.7054968480032189,5207.827935571782,yes
55,admin.,divorced,basic.4y,no,yes,unknown,telephone,dec,fri,1482,18,19,1,nonexistent,-2.343034730208986,93.3070141619268,-44.683422095803856,2.6878569518251547,5046.518041411851,yes
31,technician,married,high.school,unknown,yes,no,cellular,may,wed,2135,12,1,0,success,-1.0690615415553766,94.34695845877495,-31.21849328956415,4.706371513253606,4992.570236783176,yes
31,admin.,single,university.degree,yes,yes,yes,cellular,apr,thu,3444,10,25,0,nonexistent,-1.5106642730785895,93.96448904895054,-40.847765768494995,4.4354233922765145,5094.727475917596,yes
74,blue-collar,married,high.school,yes,yes,unknown,cellular,nov,fri,3171,21,18,4,nonexistent,0.27776303723765705,92.54408306461875,-50.36078207418133,4.027075090736157,5181.72807657475,yes
76,technician,single,high.school,unknown,yes,unknown,cellular,apr,thu,2919,28,18,6,nonexistent,0.8965953086885462,94.75487649975632,-37.19441942493328,4.076841282946515,5038.195912574653,yes
66,services,divorced,high.school,yes,unknown,yes,telephone,may,tue,3735,21,2,0,nonexistent,-2.023226759292887,94.30480136965626,-46.153415172766906,4.223233125672422,5094.199285687154,yes
25,management,divorced,high.school,yes,no,yes,cellular,dec,thu,130,15,2,4,failure,-1.0532327412581015,92.99296508851924,-39.64909111095987,3.867597876699861,5059.2281708397495,no
25,admin.,married,basic.4y,yes,no,yes,telephone,apr,tue,1685,3,25,1,nonexistent,0.11320841116889038,94.3128847133964,-31.48078223682598,4.546164864774613,4970.122435257147,yes
36,self-employed,single,university.degree,no,unknown,yes,telephone,mar,wed,3380,24,5,2,nonexistent,-3.160225737930217,94.67934979892549,-46.25868809457741,2.141035186167432,4999.988344745874,yes
49,admin.,divorced,basic.4y,no,unknown,unknown,cellular,apr,mon,769,15,12,5,nonexistent,1.2227449776340436,94.4927894305525,-45.82610350636297,2.9149617003056534,5174.410469942875,no
48,admin.,divorced,university.degree,yes,unknown,no,telephone,oct,wed,2391,17,13,5,nonexistent,0.4398269726690102,93.55738797971537,-39.475080946494494,3.444222701569666,5210.780635707394,yes
46,admin.,single,university.degree,unknown,yes,no,cellular,may,thu,1515,29,5,6,nonexistent,-0.7947210690382465,93.61601391816859,-39.41162288013175,1.4703019205978216,4964.7343618794785,yes
58,blue-collar,married,university.degree,unknown,yes,no,telephone,dec,tue,3485,16,26,2,nonexistent,0.33752236029500343,92.29847658225601,-39.957288717070135,2.814357984575751,5191.385053046394,yes
28,blue-collar,divorced,basic.4y,yes,yes,no,telephone,feb,thu,2853,2,8,5,nonexistent,0.6145183039909082,92.46117827581685,-34.20161783081846,1.1459491242204167,5155.064362072844,yes
62,self-employed,divorced,basic.6y,no,unknown,yes,telephone,jul,mon,2433,1,23,1,failure,-1.0295904836733745,94.75130418800633,-44.36855916246768,3.2912189897462016,5144.747990470599,yes
30,blue-collar,divorced,high.school,no,unknown,no,cellular,may,fri,1215,22,9,5,failure,-1.2876559293230239,94.15541247920495,-44.573385544890115,1.0295336663191086,5077.343460933563,yes
44,self-employed,married,basic.6y,yes,no,no,telephone,sep,fri,955,4,15,6,failure,0.6209766606888477,92.07141960757306,-50.26556988127319,2.814753225321662,5051.3017014984525,no
73,self-employed,divorced,basic.6y,no,unknown,unknown,telephone,jun,fri,2324,26,22,5,nonexistent,0.7264255751504061,93.5331198351882,-41.676541039885244,2.6312445852296893,5072.213238414043,yes
36,blue-collar,single,basic.6y,no,yes,unknown,telephone,nov,thu,1184,17,14,1,nonexistent,-2.806587877101277,92.9668312176625,-46.12102032942094,1.0918801685746204,5122.687444586182,no
43,technician,married,high.school,unknown,no,no,telephone,jan,fri,459,7,11,3,nonexistent,0.9576420185721547,92.87223625683355,-36.66080024629037,2.533077320727597,5214.013902755881,yes
70,blue-collar,divorced,basic.6y,yes,unknown,yes,telephone,sep,tue,3385,25,27,0,failure,-2.0713889425729235,93.55849062338663,-46.47002051532523,3.5823499784698383,5018.344316129638,no
68,technician,single,high.school,no,no,no,telephone,may,mon,21,5,12,0,nonexistent,-0.19759649746070349,92.89642227744345,-29.42070785557197,3.2167422340042617,5221.137692478687,no
54,services,single,high.school,no,no,yes,cellular,sep,wed,2300,23,17,0,nonexistent,0.004690154137917054,92.70435272601603,-30.508557694964303,2.6154071586788787,5025.194267756375,yes
65,blue-collar,married,high.school,no,unknown,unknown,telephone,jan,tue,747,4,25,4,nonexistent,-2.057326579999562,94.62588453911128,-32.51243881975527,2.205758408202963,5187.306069453561,no
26,services,single,university.degree,yes,yes,yes,telephone,feb,mon,2904,20,1,0,nonexistent,-1.939954830372835,92.11160017416985,-31.47627195789318,0.8525085467486738,5138.17767715127,yes
45,blue-collar,married,university.degree,yes,yes,no,cellular,mar,wed,3632,20,13,5,nonexistent,-0.009756786309603919,93.22127880883296,-27.86595989290922,4.805949172714035,5160.663309627555,yes
49,services,married,basic.6y,no,no,unknown,telephone,dec,fri,474,29,16,5,nonexistent,-2.559635285749167,93.43132109656285,-43.15656632379904,2.3719140092512765,5183.553544625785,no
69,management,married,university.degree,unknown,unknown,no,telephone,may,wed,1082,5,22,3,failure,0.7203840107292778,93.23186500716581,-27.381365094369134,2.4324996459205224,4966.710096641434,no
71,services,single,high.school,unknown,unknown,no,cellular,jun,thu,2558,8,22,2,nonexistent,-2.330102007570794,93.84030346658122,-29.516508291157066,1.1647084048432386,5155.1468000369405,yes
20,technician,married,university.degree,yes,yes,yes,cellular,may,thu,3753,20,999,6,nonexistent,-1.7143721981009004,92.07189285297022,-42.150779057930144,2.9437401412889184,5226.959645467973,yes
68,admin.,married,high.school,unknown,unknown,no,telephone,jan,fri,2047,23,21,2,nonexistent,-2.1200394995258725,94.47799563669722,-30.148633767136506,4.9085723873637175,5094.4239552585905,yes
49,self-employed,single,basic.4y,no,unknown,no,telephone,apr,fri,3547,9,10,5,nonexistent,-2.222570133365569,93.40059426418775,-29.35441537140529,1.713312107523079,5106.927887710232,yes
22,services,married,university.degree,yes,no,unknown,telephone,jun,tue,2747,6,13,4,nonexistent,1.2985579365139277,93.55028846498953,-49.93748932776757,1.9786793767869695,4991.633316957236,yes
25,admin.,divorced,basic.6y,yes,unknown,yes,telephone,apr,tue,975,4,11,3,failure,-2.1840425350580754,93.29575903829908,-29.86449937348808,1.639343855793816,5053.733212814704,yes
31,management,single,basic.4y,unknown,unknown,yes,cellular,apr,thu,1806,5,22,1,nonexistent,-0.6240206376257341,93.24462386005561,-40.44545387636239,4.412976572542053,5125.608157877064,yes
73,management,single,basic.4y,yes,unknown,unknown,telephone,may,mon,189,8,13,5,failure,0.1778306771617863,92.52275833525974,-31.40887921905326,2.6909237094725635,4995.332437489153,no
20,technician,single,university.degree,unknown,yes,unknown,cellular,aug,tue,3005,20,16,2,nonexistent,-3.1985224809843613,93.41230741975515,-48.14318060411265,4.223503349071774,5051.772993968132,yes
41,technician,divorced,university.degree,unknown,yes,yes,telephone,may,mon,2734,13,11,6,nonexistent,0.8315455325285999,93.17977225540339,-46.68473044245532,4.340382112347343,5055.620940117675,yes
30,services,married,basic.6y,no,no,unknown,cellular,jul,thu,3005,4,5,3,failure,-2.666132141674432,93.310734457874,-27.407250626442995,3.8959945529817306,5178.608035710409,yes
60,blue-collar,single,basic.4y,unknown,yes,yes,telephone,aug,tue,562,7,25,6,nonexistent,-0.5772843177093796,92.03872646598778,-40.85328570423577,1.7485943579495529,5105.808753168131,no
46,management,single,high.school,unknown,yes,unknown,cellular,jun,mon,1899,22,8,6,nonexistent,-0.32258502262648875,92.36650175010334,-31.716917462895346,0.75516028607606,5110.251716700418,yes
25,admin.,single,university.degree,yes,yes,yes,cellular,jun,mon,3638,1,11,1,nonexistent,-0.3780839697901433,94.13687964953667,-32.869165778542616,1.2304732961418747,5038.265508778231,yes
68,blue-collar,divorced,basic.4y,no,yes,yes,cellular,feb,tue,1267,9,16,6,nonexistent,0.12054137654037507,93.17349115174694,-32.01342243153391,3.6665784498194496,5046.501388308523,no
59,management,divorced,basic.4y,no,no,unknown,cellular,oct,fri,2879,29,15,4,failure,1.0699402781284122,94.08013962694237,-32.52552509928251,3.8584206032789026,5082.942723168157,no
48,services,divorced,high.school,unknown,unknown,no,cellular,may,wed,1528,5,1,5,nonexistent,1.0490625629709398,92.47911153106028,-28.956366053248274,3.9720575085009764,5179.6695628718135,yes
78,management,married,basic.4y,yes,unknown,no,telephone,jan,fri,3202,10,17,0,failure,-0.6252256304939675,93.95498885476758,-36.6371736727156,1.6734648794527034,5047.430600808727,yes
43,technician,married,university.degree,yes,unknown,unknown,telephone,sep,wed,3556,11,15,5,failure,-1.6243900093327992,92.80951261461826,-40.63163023061474,1.2733584525196835,5048.635624562814,yes
35,admin.,divorced,high.school,yes,no,yes,telephone,jul,mon,3890,18,9,3,nonexistent,-1.8567777947476078,93.97434055932891,-28.687006129697117,4.661470591470418,5114.112715659608,yes
75,admin.,married,university.degree,no,yes,unknown,cellular,feb,tue,646,5,18,5,success,0.8560986904414193,92.24299449974215,-42.2688277619559,3.5225310042026243,5185.721742534061,no
35,technician,divorced,basic.6y,no,no,no,cellular,jun,thu,2068,24,29,2,nonexistent,0.6950176417101258,92.93419611604564,-35.726298951785196,3.864636327330039,5096.877901464646,yes
74,blue-collar,married,basic.4y,unknown,no,yes,telephone,oct,tue,2888,22,3,4,success,-1.980054800843684,92.33419796040087,-30.360288081981523,1.0131815813429366,4997.557908767375,yes
24,technician,married,university.degree,unknown,no,yes,cellular,sep,fri,2214,24,6,5,nonexistent,-2.6687210027554467,93.7630037818282,-28.907183931363782,2.414818865187789,5205.7073406757945,no
65,admin.,divorced,university.degree,yes,unknown,yes,cellular,dec,wed,1297,21,15,3,nonexistent,0.7334821719086685,93.09927459300602,-28.108620104219963,0.8785547457250509,5088.202426579612,yes
55,services,single,basic.6y,unknown,yes,no,cellular,may,tue,2435,4,18,4,nonexistent,-0.4799239967773712,92.2079753944965,-35.02760755692422,3.494107595755166,5168.270762362763,yes
65,blue-collar,single,basic.4y,yes,unknown,no,cellular,mar,wed,600,26,22,1,nonexistent,-1.8969333515642548,93.47382467445134,-33.58721125443568,2.753176429069947,4975.059745634392,no
33,self-employed,married,university.degree,no,no,yes,telephone,nov,fri,2363,19,4,3,nonexistent,-0.4688855241868689,92.06971159948598,-38.9092553526317,2.586441247198267,5184.7802126926335,yes
72,management,married,high.school,unknown,no,yes,telephone,oct,fri,2061,16,4,5,failure,-3.0822552529762257,94.29173746245728,-43.99106947666354,4.572792275766026,4979.030244759019,yes
73,self-employed,married,university.degree,yes,unknown,no,telephone,nov,tue,241,2,22,5,nonexistent,-2.4873435712358787,94.6273696443635,-50.41330934001748,3.8565218587693835,5219.525685621069,no
77,services,married,university.degree,no,unknown,no,cellular,apr,thu,2041,15,22,0,nonexistent,-0.7802171083439495,94.26819821074206,-45.49322642370895,4.842714203352335,5199.1199140304525,no
50,self-employed,married,university.degree,yes,unknown,yes,telephone,mar,thu,2824,9,6,1,failure,-0.8119920314811828,94.66421633844912,-27.378971684810015,0.803585166344905,5034.112950029428,yes
73,blue-collar,married,university.degree,unknown,yes,unknown,cellular,jan,wed,3417,17,24,0,nonexistent,-2.215991492397934,94.51191276857261,-31.52747426613512,3.3089812318278313,5022.725146972669,yes
68,admin.,divorced,basic.4y,yes,unknown,unknown,telephone,oct,tue,2612,26,16,4,success,1.314025136959687,94.50580512352138,-39.3510399560555,3.3729556380054113,5170.798967867481,yes
20,admin.,single,university.degree,no,yes,unknown,telephone,nov,mon,2945,2,999,6,failure,-1.4203043135333833,92.68723236105681,-42.58817254651422,0.7167897977672196,5003.708878995182,yes
55,services,single,basic.6y,unknown,yes,no,cellular,jul,fri,1363,22,2,0,success,0.0009829155722776391,92.64727272406296,-49.262169511397616,4.06315656588836,5193.262950292514,yes
21,self-employed,divorced,university.degree,no,unknown,unknown,telephone,aug,wed,2139,29,15,1,failure,-2.15940720144096,94.2663847042176,-50.557728916789905,1.2759054934921226,4972.040945088127,yes
53,blue-collar,divorced,high.school,unknown,no,unknown,cellular,feb,fri,1390,6,21,1,nonexistent,-1.362508600385378,93.37587708315182,-32.754052256029546,3.685596935247974,5135.952058311361,yes
21,management,single,high.school,yes,no,no,telephone,aug,wed,3003,28,1,1,nonexistent,0.5898683923459965,94.63847514692873,-27.24479653810295,0.7664253417120541,5032.387010093709,yes
59,self-employed,single,university.degree,no,yes,unknown,telephone,dec,tue,1478,1,24,5,failure,0.6732675961887729,94.51232440592361,-44.733488996896256,3.3002247602228123,5186.462424306512,yes
26,self-employed,married,university.degree,no,yes,yes,telephone,sep,wed,3499,8,999,4,nonexistent,-2.7507547643709063,94.50089909734677,-44.2385712805549,2.8914355055829395,5063.3321811795595,yes
57,management,single,basic.6y,yes,yes,no,telephone,jul,wed,2556,11,29,2,nonexistent,-1.697584148395679,92.91313524973063,-28.461270559800326,2.7264185773882215,5078.046731169836,yes
68,technician,married,basic.6y,no,no,yes,telephone,nov,mon,775,20,20,4,nonexistent,-2.424877897780181,92.37212624021561,-36.410722621501705,2.2133276090529472,5002.098444626638,no
34,services,married,basic.4y,no,yes,unknown,telephone,jan,wed,34,23,6,1,success,0.8732885038027323,93.89824288316561,-46.64591400417067,2.4490469332950866,5129.243725924114,no
34,blue-collar,single,basic.4y,no,yes,yes,cellular,apr,thu,2253,26,9,4,nonexistent,0.21853454480504814,93.23361505413658,-49.70809235385135,2.698334821557743,5088.08919571081,yes
50,services,married,high.school,no,no,no,telephone,jul,wed,3152,15,2,6,nonexistent,-0.696106911270581,94.61503891790085,-37.33053812156931,1.9098338458347726,4965.899037831309,yes
37,management,married,university.degree,yes,unknown,unknown,telephone,jun,wed,1955,9,29,3,nonexistent,-0.27959650902546174,94.39081334008095,-39.98388107941454,4.715270988046524,5156.9112502725875,yes
31,blue-collar,divorced,university.degree,no,no,no,cellular,nov,tue,1585,2,17,6,nonexistent,0.9879429855556999,94.60072130328614,-40.47294403442136,4.846006912823181,4997.474726339789,yes
39,admin.,single,basic.6y,no,unknown,unknown,cellular,aug,wed,3943,7,28,6,nonexistent,-1.9442777109186187,93.59002553303641,-27.634583151256685,1.9195723740784334,5102.763776549753,yes
69,admin.,divorced,basic.6y,no,unknown,no,telephone,jun,mon,3459,17,2,3,nonexistent,-3.334359968126789,93.4734376943064,-44.517227375409256,4.026243652008608,5106.186638765215,yes
44,blue-collar,married,basic.4y,unknown,yes,no,telephone,oct,tue,3073,3,27,2,nonexistent,-3.2734943793284743,94.37183397846916,-39.13702479875062,3.9071227969034923,5042.787362923477,yes
60,services,married,basic.4y,unknown,yes,yes,cellular,jun,fri,1021,4,6,6,failure,-3.175900937020562,93.4332920930855,-45.701078075817314,4.452562577483361,5024.074051281572,no
20,services,divorced,high.school,yes,unknown,no,telephone,oct,thu,3461,3,14,4,nonexistent,-2.7832916243639994,94.52008075944977,-43.10923930294955,0.616921403860947,5045.952049816623,yes
41,admin.,divorced,basic.6y,yes,yes,no,telephone,jun,thu,2613,8,999,6,failure,-0.6598035742521597,92.09639942262741,-32.49514834896198,2.087719176904037,5068.873330767092,yes
47,admin.,divorced,university.degree,yes,unknown,yes,telephone,jul,fri,1129,11,23,6,failure,1.3092151759599862,93.00461057711284,-46.08451821396531,1.237946361125397,5210.715694084225,no
25,management,married,basic.6y,no,yes,unknown,cellular,may,wed,3843,28,18,5,nonexistent,-1.3843967400067965,94.33753418868025,-34.63202088174078,2.3197763125979796,5140.603143807021,yes
39,blue-collar,single,basic.6y,unknown,no,unknown,telephone,dec,mon,3893,16,4,6,nonexistent,0.019599214840074236,92.58786174352377,-47.70149788255894,3.1327636538994295,5218.954586252346,yes
42,services,married,basic.6y,unknown,unknown,no,cellular,nov,mon,1500,28,25,4,nonexistent,0.4024502268253847,93.11710750661852,-46.245311371378435,4.598935230191973,4986.074904817431,yes
77,management,divorced,basic.4y,yes,unknown,yes,telephone,sep,mon,702,14,26,3,failure,0.4467057416975103,92.02811928140022,-50.248069899376475,4.294301774948212,4975.631025424996,no
27,services,single,university.degree,unknown,yes,unknown,cellular,jul,mon,2449,23,20,1,nonexistent,-1.2721780170496777,92.8448107150397,-35.73189636504172,2.795698432442399,4979.0535234861745,yes
66,admin.,divorced,university.degree,yes,no,yes,cellular,jan,wed,2777,19,21,0,nonexistent,-0.7602592380362465,92.89218634621557,-27.131340344032424,0.7034093462545497,5190.860970586447,yes
46,blue-collar,married,basic.4y,no,yes,no,telephone,nov,fri,1579,23,6,1,nonexistent,-1.8219811475752865,94.05112824591805,-35.11023933358898,1.923931929169315,5184.275471853789,yes
57,technician,single,basic.4y,unknown,no,yes,cellular,dec,fri,161,2,10,2,nonexistent,-0.09826713771307907,93.89653109744722,-28.73262269705018,1.069084372616868,5079.457444197352,no
71,blue-collar,single,university.degree,no,yes,no,cellular,dec,thu,201,12,999,0,nonexistent,-1.5622361667559839,93.24588080955705,-38.218851041433375,3.4627854932569577,5078.785275355568,no
18,self-employed,married,high.school,no,unknown,unknown,telephone,sep,fri,1981,11,21,1,nonexistent,-1.906894820028068,94.03980883841838,-34.541154541769416,3.659883988262134,5076.658715927542,yes
69,technician,divorced,basic.6y,unknown,no,unknown,cellular,nov,mon,995,16,1,4,failure,-0.3889448625717277,93.19933788402567,-28.679762130404896,3.45473076997157,5213.415571921063,no
38,management,divorced,university.degree,yes,no,unknown,cellular,jun,wed,2317,11,13,5,nonexistent,-1.76197390503895,93.21691017719377,-48.739365555480404,1.8087546607135123,5032.862029552531,yes
56,technician,divorced,basic.4y,unknown,yes,unknown,cellular,nov,tue,3934,3,9,6,nonexistent,-1.4416028477615241,93.80755229646262,-36.52125337114861,4.645838365736369,5153.609024960039,yes
41,technician,married,university.degree,no,no,yes,cellular,aug,tue,815,23,2,4,nonexistent,0.012193570810589412,94.02407267013191,-37.04485748728199,3.1894274847474606,4992.671959533038,no
26,management,divorced,basic.6y,yes,yes,yes,telephone,sep,mon,3342,10,13,3,failure,0.6960056348668874,94.37133209234445,-50.00767942419097,3.2278941693446197,5032.774047773093,yes
77,blue-collar,single,university.degree,no,no,yes,telephone,nov,thu,455,29,4,4,nonexistent,-1.3129522182584359,94.1039270968596,-47.066836227043886,4.188452186136803,5121.865556763316,no
61,management,divorced,basic.4y,yes,yes,no,telephone,nov,tue,3533,5,16,4,failure,-0.8934399574057306,93.87688240012632,-37.59884756126084,0.9046765116419674,5121.676925341319,yes
71,self-employed,divorced,high.school,unknown,yes,unknown,cellular,feb,mon,3798,28,6,2,nonexistent,0.18263602944804477,93.572136974557,-38.905564587746674,1.5222743506997398,5110.030146945772,yes
43,admin.,single,basic.4y,no,yes,unknown,telephone,feb,wed,1275,13,999,6,nonexistent,-2.320247867879727,92.86270412784216,-42.58250291201678,3.194158421055888,4996.2652809859865,no
26,admin.,single,high.school,yes,unknown,unknown,cellular,may,tue,1016,25,23,5,nonexistent,-1.4079724521345374,92.73103475025394,-34.12454877663402,3.2859043344232526,5163.216758706426,no
37,technician,divorced,basic.6y,yes,no,yes,telephone,may,mon,3773,24,10,0,nonexistent,0.49499367515238607,94.36110280369967,-42.19045709366083,2.6537679600854855,5151.691665092207,yes
73,management,single,basic.4y,unknown,unknown,yes,cellular,dec,tue,2343,6,27,1,nonexistent,0.8935187459503234,94.00856390421275,-32.42403660632302,4.031729033529326,5143.7088361721835,yes
52,management,married,university.degree,yes,unknown,unknown,telephone,oct,wed,3796,28,5,1,nonexistent,-0.30445811972608133,93.86315325119382,-31.459228599171116,2.120743181487548,4997.805104867747,yes
53,management,single,basic.4y,yes,unknown,no,cellular,oct,fri,2767,20,15,2,failure,-1.5117021754041569,92.72474472725189,-35.39458293828152,0.6494291669791264,5022.018005553504,yes
59,self-employed,married,basic.4y,no,unknown,yes,cellular,feb,fri,3820,3,26,0,nonexistent,-0.4915708675431873,94.71543326662953,-44.132354937114556,2.0958208256595747,5204.495385644195,yes
53,self-employed,single,basic.6y,unknown,no,unknown,cellular,oct,wed,337,22,13,6,nonexistent,-2.5415584482587184,92.227676461176,-31.616471381714604,4.849873998324706,5091.255322817055,no
71,blue-collar,married,high.school,unknown,no,unknown,cellular,apr,wed,878,9,16,4,nonexistent,-3.259380097296334,94.34710882005125,-44.782286047490906,4.027756690037711,5074.147845575871,yes
26,services,married,high.school,no,unknown,unknown,telephone,sep,fri,1076,21,14,5,nonexistent,-3.0418468332962196,92.5901845889207,-43.55807248878354,2.0003067593361115,5194.3865940195865,no
39,services,divorced,university.degree,no,no,no,cellular,apr,wed,791,28,13,6,nonexistent,-2.880772392397474,93.09833629194519,-36.249549087335666,1.5787772693635187,5041.591979107144,no
18,services,single,basic.4y,no,no,unknown,cellular,jan,wed,3993,7,6,2,nonexistent,-2.316834415692825,93.19806243992379,-34.331809367852124,4.165179283120811,5182.101844185272,yes
22,blue-collar,single,basic.6y,yes,yes,yes,cellular,may,wed,2264,23,9,4,nonexistent,-1.1837165939035905,93.85556350216815,-41.92616071969645,1.479549918381785,5080.375292174535,yes
26,management,single,high.school,unknown,no,no,telephone,feb,fri,763,7,18,1,nonexistent,-2.284919646944866,93.53065461484668,-36.66583479287097,3.152872390010574,5127.988041461878,no
54,services,married,university.degree,unknown,unknown,no,telephone,jun,fri,2235,25,6,2,nonexistent,-0.5918473017978599,92.52103515435161,-44.8730721243488,2.835026337472065,5060.097699793296,yes
55,management,divorced,high.school,unknown,no,unknown,telephone,jan,tue,379,2,14,5,nonexistent,1.3918391766698521,92.08404616256566,-31.80391689213849,2.4597441357679695,5205.978091562388,no
36,technician,single,university.degree,yes,unknown,yes,cellular,jul,fri,492,8,26,2,nonexistent,-1.0087307464222812,94.00819745577344,-27.088137109005345,2.474230002880806,4991.692388585781,no
25,services,divorced,high.school,unknown,no,yes,cellular,jul,tue,3112,18,23,2,nonexistent,0.23290570192065424,93.41378431028407,-34.10900545189282,3.690387592506728,5021.038354560442,yes
59,technician,divorced,university.degree,unknown,unknown,unknown,telephone,apr,fri,1180,27,25,6,success,-1.996472524501259,93.01300036511357,-43.16717157478727,1.0524827753062898,5017.19084252061,no
60,blue-collar,married,high.school,unknown,no,unknown,cellular,sep,thu,2062,1,13,1,nonexistent,1.221822735006906,92.79671001901757,-42.464697980026685,2.338993670777015,5032.439181167779,yes
49,admin.,single,high.school,unknown,no,yes,telephone,mar,tue,3884,28,14,5,nonexistent,-2.2042937171574555,94.30452408703916,-50.0704415102113,4.860877819102119,5083.7902610353085,yes
30,self-employed,divorced,basic.4y,no,no,no,cellular,may,wed,64,10,18,1,nonexistent,-0.536171183572321,94.22748754853251,-35.33781805547017,4.0239015374502065,4994.50376393284,no
37,blue-collar,single,university.degree,yes,unknown,no,cellular,may,thu,3928,6,20,3,failure,1.3199873570443237,94.31294090312038,-36.459494244440556,0.6925455035424667,4973.876537242462,yes
53,blue-collar,single,university.degree,unknown,yes,unknown,telephone,aug,fri,3910,18,25,5,failure,0.4795789171003521,92.61349385445315,-27.985331888853647,2.5670482257320115,5113.29141152768,yes
60,blue-collar,single,basic.4y,unknown,unknown,unknown,cellular,oct,fri,2568,13,15,1,nonexistent,1.3617598706107348,94.38548776514877,-41.18898460700883,1.1156543854017122,5096.40982329355,no
61,services,divorced,basic.4y,unknown,no,yes,cellular,oct,thu,1367,21,1,5,success,-1.5772576685182709,94.75951196484606,-28.503114042620894,2.7327339793245615,5053.704315046227,yes
54,technician,married,high.school,unknown,unknown,yes,cellular,apr,mon,1152,1,29,1,nonexistent,-3.027368813373726,93.67762752797518,-32.630076078867624,1.0557656077690156,5008.750658937769,no
47,self-employed,married,high.school,unknown,no,yes,telephone,jan,wed,2027,23,1,4,nonexistent,-2.2312448507746123,92.13207892129556,-43.91672546781691,2.312543522534324,4994.643664002684,yes
27,services,divorced,high.school,no,no,yes,cellular,nov,tue,2695,29,999,1,failure,1.1965448197941215,93.96634303310837,-50.407254334867716,2.9979815847607054,5198.74675332348,yes
48,admin.,single,basic.4y,no,yes,unknown,cellular,may,thu,1495,1,15,5,failure,-1.6212254944902595,93.5066992630875,-33.432798295643266,2.216158301574978,5078.523367596265,yes
42,self-employed,single,high.school,yes,no,unknown,cellular,jan,tue,3134,12,18,0,nonexistent,-2.801086555512463,93.9937324619452,-38.937289054303,3.14573419302629,5215.532197353827,yes
46,blue-collar,married,basic.4y,yes,no,yes,cellular,mar,fri,1162,28,3,4,nonexistent,-0.5530969476130857,92.52705911920434,-27.811641652519832,4.934212003454929,5049.638629006567,no
41,management,divorced,high.school,unknown,no,unknown,telephone,jun,mon,1522,8,2,5,nonexistent,-0.9979666349428863,93.69623672074117,-50.27168695114917,1.6814611957551093,5125.651062439044,yes
56,admin.,divorced,basic.4y,unknown,yes,unknown,telephone,jan,mon,2640,28,10,5,nonexistent,-3.1001484859239574,93.50974416241651,-38.32647485736508,3.0838349336236677,5113.70165300907,yes
38,technician,married,university.degree,no,unknown,yes,telephone,oct,tue,391,21,23,5,failure,-1.2258608949838437,93.68697412777445,-31.94712727906731,2.673829972404091,5006.59589390934,yes
58,admin.,divorced,basic.6y,yes,yes,no,cellular,mar,fri,1698,5,16,3,nonexistent,-0.36223027801411,94.03769296158374,-31.924432524948006,4.160763245054677,5094.211662027966,yes
26,services,divorced,high.school,unknown,unknown,no,telephone,jul,mon,418,3,4,0,nonexistent,-2.2830977760062607,93.52380696544628,-34.73777856409923,1.9854816090163,5091.801045785437,no
59,management,married,high.school,unknown,no,yes,telephone,feb,wed,2336,18,22,3,nonexistent,-2.802684488734868,92.90106924754905,-41.37449780101202,3.4072635375044005,5097.542124241039,yes
59,services,married,basic.4y,unknown,unknown,no,cellular,jun,fri,378,6,28,2,nonexistent,0.7510244037516837,92.8652106689379,-49.1928995114686,3.649017302909813,5043.465715866748,yes
19,self-employed,divorced,university.degree,yes,unknown,unknown,cellular,jul,thu,1796,4,8,6,nonexistent,-0.39784913241908093,93.94614968908579,-43.58795814953922,4.892904168347428,5027.847242376899,no
21,blue-collar,divorced,university.degree,no,unknown,no,cellular,dec,thu,3561,15,999,2,nonexistent,-2.6547671436108753,93.85878548311344,-35.237457982563605,1.2655648148926777,5072.1763001258905,yes
25,blue-collar,married,high.school,no,unknown,yes,telephone,dec,thu,2278,29,24,2,success,-0.38028112199596364,93.1816075739445,-32.37169199943611,4.992479281132282,5207.668957164356,yes
49,admin.,married,basic.4y,unknown,no,yes,cellular,feb,wed,3065,26,26,6,failure,0.12922831451131772,92.98990927939904,-31.264613390320136,3.7733225390254406,5114.20354692345,yes
78,blue-collar,single,basic.4y,unknown,yes,no,telephone,nov,fri,2088,28,8,1,nonexistent,-0.5318654668611142,93.73635793528423,-32.29945835386137,2.6078872912737885,5087.550023373143,no
31,blue-collar,divorced,basic.6y,unknown,unknown,no,cellular,nov,tue,3099,4,3,6,failure,-2.8424473043449288,92.87404999267923,-43.06137696439998,1.7596782331232852,5015.31006387651,yes
66,self-employed,divorced,university.degree,unknown,no,unknown,telephone,may,tue,2182,6,15,1,failure,-2.801225241534009,94.6971408257061,-34.211272307208304,3.366288588853697,5208.5568738356615,no
30,technician,married,basic.6y,unknown,no,no,cellular,oct,fri,200,18,14,4,failure,-3.1833046102854534,93.67013147736407,-27.639017745405038,1.2238891627341353,5138.086305317117,yes
38,technician,married,university.degree,yes,no,no,cellular,dec,wed,1863,18,9,0,nonexistent,-2.276780726272909,93.65743935563883,-47.537611469716694,4.765823265373188,5225.079683902599,yes
41,services,single,high.school,no,no,no,telephone,oct,fri,779,29,4,6,nonexistent,-3.1136843964698815,92.38173342704722,-33.32046295825032,1.4114706076108359,5008.247474115039,no
67,services,single,high.school,yes,unknown,unknown,cellular,jan,tue,2977,26,15,0,nonexistent,0.465456740725059,93.70701420824624,-41.00145356055063,4.006935034820884,5066.850148060665,yes
35,technician,married,basic.4y,yes,yes,no,telephone,mar,fri,3104,10,5,5,nonexistent,-3.326053466001641,92.82579035336441,-45.42265178318417,2.1186444122620194,5051.595669895232,yes
62,admin.,divorced,basic.4y,unknown,no,unknown,cellular,jan,thu,3119,13,15,2,nonexistent,-0.61111859333289,93.26512235478283,-43.15098339639975,1.54972052647438,5051.462745776896,yes
57,technician,single,basic.4y,yes,yes,unknown,telephone,dec,fri,502,20,3,2,nonexistent,0.48720035881607154,93.50695829238155,-46.82131879551011,4.158126965000221,4972.301193978837,no
43,services,married,university.degree,no,yes,yes,telephone,mar,mon,2454,22,21,5,nonexistent,0.8953423574321796,93.33826450118116,-31.313317284392678,4.506483731671419,5105.908216954333,yes
49,management,married,basic.4y,unknown,yes,yes,cellular,apr,fri,3645,18,20,1,failure,-1.4346157365613137,94.26630110341138,-41.53967146188838,0.6247329243318032,5124.631588683318,yes
61,blue-collar,married,high.school,no,no,unknown,cellular,dec,tue,1751,7,14,3,nonexistent,-0.41956337403201993,92.27849732102987,-28.390897549251484,4.886266585697763,4976.074959359906,yes
74,self-employed,divorced,basic.6y,yes,no,unknown,cellular,dec,tue,804,27,2,5,nonexistent,1.1656023688506343,92.46852085218895,-27.703373274790426,2.456444388947213,5196.314947170831,yes
72,management,married,high.school,unknown,no,unknown,telephone,may,tue,2146,8,18,6,success,-0.17626983353007264,92.43957207219734,-27.718757730982865,1.0227367258074584,5016.87111803698,yes
73,management,married,high.school,no,yes,yes,telephone,apr,thu,2731,25,8,0,success,0.9252433655541998,94.28713344127647,-47.07849742806767,2.594279168681167,5002.646881028461,yes
70,blue-collar,divorced,high.school,no,no,unknown,telephone,apr,tue,1895,6,4,0,failure,-0.11539835542914258,92.33102799204285,-42.52137321449559,1.121699514010439,5011.266119402821,yes
50,technician,married,basic.6y,unknown,no,yes,telephone,sep,mon,2773,2,15,3,success,-3.073613109042523,94.72003880818282,-43.38180186105625,1.738638515538001,5075.136544223585,yes
69,admin.,married,high.school,no,yes,yes,telephone,sep,fri,1570,22,26,0,nonexistent,-2.4549616000455416,94.71366281325821,-28.747980316334072,3.0530467376676587,4985.388514233644,yes
48,management,single,university.degree,unknown,no,unknown,telephone,sep,wed,960,8,2,0,success,1.1141649791527184,94.7770863652587,-48.7332422972786,2.180468828290137,5181.509265181769,yes
35,admin.,married,university.degree,unknown,unknown,unknown,telephone,nov,tue,3810,10,7,6,nonexistent,0.6524908417435324,94.743129648592,-36.73209152806715,1.6025140610241424,5143.457558838258,yes
52,self-employed,divorced,basic.6y,yes,unknown,unknown,cellular,may,fri,2660,17,23,1,nonexistent,-1.370935428526263,92.41725523971837,-39.19959763543329,1.4645229901546162,5088.490550452962,yes
29,self-employed,single,university.degree,no,unknown,yes,telephone,nov,thu,1485,27,13,0,nonexistent,-2.6265968276802685,93.84076858894191,-27.467157980822932,3.4009927948432206,5096.013374914601,yes
68,self-employed,married,basic.4y,unknown,unknown,no,cellular,may,fri,2690,22,29,2,nonexistent,-2.6455820123537683,93.11913296774743,-27.777138957809274,4.602632109641027,5070.991906683371,yes
42,services,divorced,university.degree,yes,yes,unknown,telephone,feb,tue,3840,12,28,2,nonexistent,0.943337659908148,94.04910516652237,-40.6664334446638,0.8482704171321441,5152.879765024251,yes
62,management,married,high.school,yes,no,no,telephone,jun,tue,1028,11,2,4,nonexistent,-2.6022021715869563,93.13657023226712,-40.25116060058326,1.6745910846569902,5215.7189362924255,no
48,self-employed,single,university.degree,unknown,unknown,no,telephone,feb,tue,3289,17,15,1,failure,-1.545856149503407,93.07306814738789,-41.60961592669937,3.5277997651152724,5109.99919902259,yes
27,services,divorced,basic.4y,unknown,unknown,no,cellular,oct,mon,502,16,6,1,nonexistent,0.9238606437827229,94.53106314908163,-31.938785813851382,4.94433131202883,5112.619361213392,yes
64,self-employed,single,basic.4y,no,no,no,telephone,may,fri,2814,22,8,2,nonexistent,-3.239522222919906,93.38473079694634,-48.405671762498166,3.5979377391365195,5101.748426436032,yes
69,technician,divorced,basic.4y,no,yes,no,telephone,nov,wed,397,10,2,1,failure,-0.3724425258401947,94.07132293594,-48.02408906735668,0.831544668781051,5204.326549625234,no
51,management,divorced,high.school,no,unknown,yes,telephone,dec,mon,870,20,7,6,nonexistent,-1.7171411757429687,93.81976801562998,-33.95784230744898,1.3869989092157426,5131.775399396196,no
68,services,married,basic.4y,unknown,no,yes,cellular,dec,wed,2842,3,27,1,nonexistent,-2.8826401022798573,93.84158371556163,-50.40118638490123,2.1297332274396967,5194.901810892711,yes
20,self-employed,divorced,high.school,yes,no,yes,cellular,may,tue,392,19,11,4,nonexistent,-0.6758852338613792,92.97752936936095,-34.76238858943458,1.2925722071391728,5118.182238850975,no
63,services,divorced,basic.4y,yes,unknown,no,telephone,apr,wed,206,4,16,3,nonexistent,-1.0724743041999507,92.70685535573372,-47.72416487464355,1.4020161656910684,5148.278261189168,no
56,self-employed,married,high.school,unknown,unknown,yes,telephone,may,wed,1038,19,27,5,nonexistent,-2.923832616691298,94.4792082742773,-32.0101646609256,1.8040784385909523,5137.018353687658,no
25,technician,divorced,high.school,no,no,unknown,telephone,jul,mon,1881,9,13,0,success,-2.1173859173665837,92.06885164029721,-33.122641082792505,2.2402143267183168,5080.167333809047,yes
78,admin.,divorced,high.school,yes,no,no,cellular,oct,mon,3625,20,15,4,nonexistent,0.15370969121528028,92.48419164327827,-46.44397885652275,2.324115645728561,4999.900378299809,yes
49,self-employed,divorced,university.degree,yes,unknown,unknown,telephone,feb,fri,2939,17,18,6,nonexistent,0.2280811401532961,92.37180427139596,-32.709308282380896,2.7972593709609535,5075.192136320028,yes
60,admin.,divorced,basic.4y,no,unknown,no,telephone,jan,wed,1484,4,27,3,failure,-0.5263228862609054,94.65828394436521,-31.91348909595929,4.684237613482398,5194.246957014462,no
46,management,married,high.school,yes,unknown,no,telephone,apr,mon,3762,17,3,0,failure,-2.869661538325515,92.01407384373367,-28.679065447622417,4.97073662327027,5137.077810659063,yes
39,technician,married,basic.4y,no,unknown,no,cellular,jul,fri,3646,26,2,2,nonexistent,0.6948406891361413,92.02246244001336,-33.48577260123636,0.6867430768840131,5213.166947324914,yes
37,management,single,university.degree,yes,yes,no,telephone,jan,wed,863,26,12,3,nonexistent,-2.5710208845237443,92.63483906654716,-30.064332035496903,2.7725813004855655,5037.319936442208,no
23,admin.,divorced,basic.6y,yes,no,unknown,telephone,apr,wed,2790,3,8,0,nonexistent,0.060504254636948356,92.78144485712373,-35.56423425824695,3.909154876883176,5088.387961896232,yes
78,technician,married,basic.4y,yes,unknown,no,cellular,jun,tue,3312,20,12,4,nonexistent,-3.1955955419495927,93.56750902416881,-35.850158783029634,0.9224973210820693,5160.207770421836,yes
60,blue-collar,divorced,basic.4y,no,no,no,telephone,jun,mon,563,4,28,0,nonexistent,-1.807216750486463,94.69144197257268,-34.65927907691522,4.741228912001603,4998.6353796096855,no
66,technician,married,university.degree,yes,unknown,yes,telephone,jan,thu,1020,9,11,1,nonexistent,-1.1038643488807167,93.30211899353732,-41.08820136498522,4.725929268113013,4989.629008561278,no
46,technician,single,high.school,yes,yes,no,telephone,jul,mon,95,6,25,5,success,-3.2657725735656578,92.80858262093645,-45.337086945866986,1.5169287282933366,5162.713621392889,no
59,blue-collar,divorced,basic.4y,yes,no,no,cellular,may,tue,1923,19,20,0,nonexistent,-2.57654261886055,94.2876008869534,-40.92177879085084,4.05727953984882,5139.563108692223,yes
73,services,single,basic.6y,unknown,yes,no,cellular,jun,fri,1757,7,14,2,nonexistent,-1.8692307857603059,93.0801899416344,-36.61797377611542,3.158449831989756,5090.7965969748,yes
34,services,single,university.degree,yes,no,no,telephone,jan,mon,2532,27,2,4,nonexistent,1.316035319632089,92.39689117129357,-34.308872366686934,0.7491600964421066,4981.254700159441,yes
48,services,single,high.school,yes,yes,no,cellular,jul,wed,3478,16,2,6,nonexistent,0.34148404903946167,94.2248217913059,-39.884783431803974,1.9081302117553778,5129.600884344495,yes
70,admin.,married,basic.4y,no,unknown,no,telephone,apr,thu,2278,15,26,3,nonexistent,0.6353430642457253,92.00676028806255,-42.91036066047996,1.7588538637827826,5140.413589007662,yes
51,technician,divorced,basic.4y,no,unknown,unknown,telephone,mar,fri,2796,16,1,0,nonexistent,-0.19591893259781587,92.57432157108246,-44.899303617701555,4.470760120390606,5043.0854243784615,yes
55,self-employed,married,university.degree,unknown,yes,unknown,cellular,dec,mon,1678,14,25,4,failure,-1.9965063593016412,93.77837277612495,-46.42154374027362,4.5490034892553135,4987.363748173316,yes
74,blue-collar,married,high.school,no,unknown,no,cellular,nov,fri,3242,4,5,2,nonexistent,0.005349936914697969,92.28689471254624,-39.414758811467664,0.7516546693631584,5096.94956604249,yes
54,self-employed,divorced,high.school,no,yes,unknown,cellular,apr,wed,540,23,24,6,nonexistent,-0.16604329813610286,92.71629111127285,-33.91725860048981,3.8622115064994755,5092.226994956376,no
21,admin.,divorced,university.degree,no,yes,yes,telephone,sep,thu,1059,2,15,5,nonexistent,-0.47223433078688565,93.1012521913047,-30.966628606014297,1.12735443936473,5041.640001360549,yes
79,blue-collar,divorced,basic.4y,unknown,no,yes,telephone,may,wed,2572,7,22,3,nonexistent,-1.9680567828887867,93.10997225039613,-42.547043580955716,4.080064877286055,5112.724148871213,yes
19,self-employed,divorced,basic.4y,unknown,yes,no,telephone,dec,thu,1183,24,17,6,nonexistent,-2.1365710570056624,94.72384832839829,-36.193173993234865,4.320686163238584,5124.564367883564,no
29,admin.,married,high.school,yes,no,no,telephone,may,fri,3910,28,8,0,nonexistent,-1.7857636957755803,93.89152795011599,-39.382778265635615,0.8606990982450948,5207.626956885509,yes
52,admin.,divorced,high.school,yes,yes,unknown,cellular,aug,mon,1722,7,29,2,nonexistent,-1.9004941631704577,92.10365997227805,-27.70633398328762,2.0355457137117043,5168.281033114797,yes
23,admin.,divorced,basic.6y,no,no,yes,telephone,jul,thu,3314,6,2,1,nonexistent,-3.026403442951976,92.6197806777888,-29.710810297865685,2.2706551918480566,5177.618436318412,yes
73,blue-collar,divorced,basic.6y,yes,no,no,cellular,mar,wed,3157,20,22,4,failure,0.450934308892153,93.72600691310494,-29.713664543922448,4.802653945206461,5012.707529369441,yes
63,self-employed,single,basic.6y,yes,unknown,yes,telephone,jan,thu,1819,29,25,4,success,-1.6275660646946835,93.99758391964683,-36.957093941467384,2.232043177040439,5084.781310225688,yes
25,self-employed,divorced,high.school,unknown,no,unknown,telephone,dec,fri,2625,9,22,0,failure,-0.00814329735010219,93.06566950085941,-40.35970110787337,1.726386296819169,5018.553921988497,yes
38,management,divorced,high.school,unknown,no,no,cellular,nov,fri,2729,17,15,2,failure,-2.056362604770387,94.39840077355869,-35.22061489920547,3.326669257839537,5013.087414451282,yes
70,admin.,married,high.school,yes,yes,no,cellular,feb,fri,2604,21,3,3,nonexistent,-0.5103216935308256,94.64159837263946,-46.98430666630606,1.2991309105925808,5097.290453321514,yes
75,services,single,basic.4y,yes,no,no,telephone,mar,mon,1597,11,13,3,success,-3.2335667114523177,93.71937447280446,-29.696951534594653,3.350375696332006,5037.684554570242,yes
63,technician,married,university.degree,yes,unknown,yes,cellular,nov,fri,3060,16,3,3,nonexistent,-2.8910158665583863,93.5746910366953,-44.317536953821715,2.617728026052879,5020.35756977621,yes
78,management,single,high.school,no,yes,unknown,telephone,jan,mon,2693,1,27,3,success,-1.6502573989213674,94.10225526864733,-31.037111756146814,3.8183311795528154,5155.535738305413,yes
52,management,married,basic.4y,unknown,no,yes,telephone,jan,tue,795,27,17,0,success,-2.110063455448973,94.1897226068346,-43.66582517849236,3.1468094566733025,4972.567415146229,yes
65,blue-collar,married,high.school,yes,yes,yes,telephone,aug,thu,1051,26,17,0,failure,-1.7036647950074564,92.60321791084039,-38.32373281549895,1.376962882924431,5162.5357721992095,no
32,management,divorced,university.degree,yes,yes,no,telephone,aug,wed,1643,27,17,6,success,1.0673223466763482,93.35399557805158,-32.342595735898755,4.724458013572933,5201.295515150043,yes
24,self-employed,divorced,high.school,no,yes,unknown,cellular,feb,mon,3627,16,27,4,nonexistent,-3.045276246743906,93.252811449548,-41.389640102067595,2.574636185911679,5150.008467276139,yes
32,blue-collar,single,basic.4y,unknown,yes,unknown,cellular,aug,mon,1363,17,26,6,nonexistent,-1.1788920402253358,94.63610700678488,-42.243709767837004,3.8760724004643756,5014.680058506746,no
62,blue-collar,single,high.school,no,yes,no,cellular,nov,wed,3869,6,20,2,nonexistent,-2.448368204616451,92.31294463392359,-29.5798543347987,2.9405430688512664,5158.252170359489,yes
23,services,single,high.school,no,no,unknown,cellular,feb,thu,1981,22,2,1,nonexistent,-1.6919751124362705,94.64171731795051,-49.153075072042014,4.407194492838067,5096.382821193485,yes
64,admin.,divorced,high.school,yes,yes,no,telephone,nov,fri,1354,11,25,0,nonexistent,-0.15023255904924027,93.60326472752304,-30.687330636433032,2.082911564960475,5132.344073593049,no
34,management,married,basic.6y,no,yes,no,telephone,may,thu,1663,7,6,6,nonexistent,1.2701078149395206,92.80654824068796,-28.61605699942445,3.4110003260256843,5067.468328634025,yes
21,admin.,single,high.school,no,unknown,unknown,cellular,jan,mon,1529,16,12,3,success,-0.06530701110216629,94.43416170158676,-37.34045314084288,0.9492995021743628,5013.937434913856,yes
39,admin.,divorced,basic.4y,yes,unknown,unknown,cellular,sep,fri,2038,26,6,1,nonexistent,0.847253265769949,92.14118967799165,-34.16630287246476,0.9420556943819766,4969.623690863586,yes
49,admin.,divorced,basic.4y,unknown,yes,unknown,cellular,apr,tue,3419,29,21,6,failure,-2.6931584046419257,92.89303251715144,-30.211397710388077,4.311566125789757,5159.641823406518,yes
76,blue-collar,married,basic.4y,yes,no,unknown,telephone,oct,wed,1496,25,12,4,success,-2.5293202507768497,94.10710251964494,-40.39088377150109,4.200859357813555,5076.45480980419,yes
39,admin.,married,high.school,unknown,unknown,yes,cellular,nov,thu,3302,22,23,3,success,0.8084887030020178,94.31753686855401,-29.796968701257132,2.1808909192282813,5027.64162900535,yes
44,management,divorced,university.degree,no,unknown,no,telephone,feb,fri,2237,2,26,5,success,-0.4838927582156899,92.46899408407766,-41.90295388133972,3.5744604570201797,5128.358527524006,yes
63,blue-collar,married,basic.4y,no,yes,no,cellular,jan,wed,3296,20,3,2,nonexistent,0.4021730369217646,94.6369543136087,-43.47533313719355,4.247533403009449,5173.23003889539,yes
32,management,married,basic.6y,yes,no,no,cellular,jun,thu,1408,13,15,1,success,-2.3302729211382176,92.15042304455399,-27.30150706272326,1.2329584744465454,5103.476517886659,yes
77,blue-collar,divorced,university.degree,yes,no,no,telephone,nov,mon,1400,13,24,4,failure,-1.7267441204693215,93.21395362908574,-50.05556288008299,4.932841659384714,5164.981769721776,no
61,technician,single,basic.4y,yes,unknown,yes,telephone,aug,mon,1306,15,27,6,nonexistent,-3.0110342670761945,92.27285281635591,-43.16249695468728,4.497747075485374,5053.153732720355,no
68,technician,single,high.school,no,unknown,unknown,cellular,apr,mon,2680,15,27,0,nonexistent,0.8988101558348363,92.27355369939362,-39.840653497522624,3.640030294616834,5136.3295843486,yes
39,technician,divorced,basic.6y,no,unknown,unknown,cellular,jan,tue,2675,9,14,2,failure,1.1905060383105948,94.55891614597284,-43.369865857330595,2.9902059535378616,5126.550024229096,yes
45,technician,single,basic.4y,unknown,unknown,unknown,telephone,jan,mon,972,18,12,3,nonexistent,0.7158264682078962,94.5311021215319,-44.056306900531254,4.537675174251999,5009.437891341982,yes
59,blue-collar,divorced,basic.6y,yes,unknown,no,telephone,jun,mon,1768,14,9,1,nonexistent,-1.3015344919776903,93.72272338994941,-41.94073061927304,3.853060514827538,5158.912707132003,yes
55,admin.,divorced,university.degree,no,yes,yes,telephone,feb,mon,1282,23,9,4,nonexistent,-1.7625533865149765,94.70560842662262,-41.28634212520855,3.172751359992693,5164.679838613318,yes
77,services,married,basic.4y,unknown,yes,yes,telephone,may,fri,3430,14,4,1,nonexistent,-1.1795162835557889,93.37494919278636,-49.088662707968595,4.522991232167476,5137.294377514768,yes
74,self-employed,single,high.school,yes,yes,unknown,telephone,feb,wed,709,4,3,2,nonexistent,-0.33943598556527377,94.191995426368,-32.27171692678453,1.526725839024773,5063.983912957224,yes
26,services,divorced,basic.6y,yes,unknown,no,cellular,sep,tue,1479,14,18,6,failure,-1.3287647504304354,92.27235425115536,-46.778900443538106,1.6752478687599102,5108.066784868375,yes
51,technician,single,basic.4y,unknown,yes,unknown,telephone,feb,thu,1434,10,29,0,nonexistent,-1.3762226646505482,93.10772897423361,-49.81958501724987,4.69249429260253,5079.512485687171,yes
53,admin.,single,university.degree,unknown,unknown,no,cellular,may,tue,648,11,14,0,nonexistent,-1.3310123517674692,93.44225738775668,-36.68993809284397,0.89522450440195,4964.38412263704,no
26,management,single,university.degree,unknown,no,unknown,telephone,apr,wed,317,22,8,6,nonexistent,0.17397047750783295,94.1788188236866,-34.820612078509846,0.8030988624024836,4966.5889439233615,no
32,admin.,divorced,basic.4y,no,no,unknown,telephone,nov,mon,3748,1,15,5,nonexistent,0.37659617720964794,92.93654791181707,-32.62932797557338,4.084545449437509,5015.685311735537,yes
79,management,married,university.degree,yes,yes,yes,cellular,jan,mon,3296,27,27,2,success,0.778583946962256,94.7449417622155,-48.70195476973873,2.421585689526105,5205.092211940682,yes
62,services,single,basic.6y,yes,no,no,cellular,oct,thu,3890,14,3,3,nonexistent,-2.233661084673901,94.05752417739427,-46.69577279691622,4.6315252597277015,5130.6027481783185,yes
37,admin.,divorced,basic.6y,unknown,no,yes,telephone,sep,tue,1257,8,24,1,nonexistent,-2.6439771674263617,93.49231014272124,-46.44261389935749,1.9230347114616169,5066.719011242645,yes
25,admin.,single,basic.6y,no,no,yes,telephone,mar,tue,683,6,10,3,nonexistent,-1.7433860033305577,92.92614180685334,-36.61199740933954,1.8638200579245234,5124.177213544428,no
75,self-employed,married,basic.6y,unknown,yes,unknown,telephone,oct,thu,663,11,16,4,nonexistent,-1.3818495830475022,93.7977362385224,-29.53565821459011,4.811754353191576,4980.499837846618,no
45,services,single,university.degree,no,no,no,cellular,aug,tue,1998,14,20,3,failure,-0.03103523826896936,93.8845765036022,-33.91639351407586,3.0365781859692103,4991.20326814291,no
68,admin.,divorced,basic.4y,yes,yes,no,cellular,apr,tue,3898,7,999,5,failure,0.2380660824878466,93.90170965497423,-43.278492514354696,3.3003183418814137,4985.004031517917,yes
36,management,single,university.degree,yes,unknown,unknown,telephone,nov,tue,3445,29,8,2,nonexistent,1.3239337608441462,93.64135786563014,-30.409471566755087,4.5515404084171935,5179.710567961882,yes
74,admin.,single,university.degree,no,unknown,unknown,cellular,sep,thu,3743,22,11,5,nonexistent,-1.584531381746375,93.12135573820667,-34.79193274225853,2.2756066072647574,5228.071676429846,yes
33,management,single,basic.4y,yes,yes,unknown,telephone,may,thu,1631,7,22,0,nonexistent,-1.4679048208699124,94.28663443091678,-34.34611562869041,1.6905901094785434,5022.733228333498,yes
28,technician,married,basic.4y,yes,yes,no,cellular,feb,wed,1495,21,11,5,nonexistent,-0.7980161239010846,92.72316686666662,-27.91909264502419,3.112717436589889,5091.269826406927,yes
59,admin.,single,high.school,unknown,no,unknown,telephone,aug,tue,3304,19,9,2,nonexistent,0.5376102935609993,93.75108279315016,-28.08628507314927,2.4040956740943042,4998.68291872119,yes
25,management,divorced,basic.6y,no,unknown,unknown,telephone,apr,wed,3763,22,8,2,nonexistent,-0.22751675775860927,93.3206810162764,-41.58242270748944,1.3197971822285175,5196.828055590459,yes
50,services,single,basic.4y,yes,no,yes,telephone,feb,fri,1136,10,20,1,nonexistent,-0.6512347600843896,94.49994562499514,-35.6035435805275,1.1218446384902867,5004.819427929581,no
27,technician,single,university.degree,yes,unknown,unknown,cellular,jun,fri,1853,25,25,2,nonexistent,-0.2890145777215571,93.6535536963243,-45.971714914227974,3.7920184489836712,5102.438849698765,yes
79,admin.,single,basic.6y,no,no,unknown,telephone,jan,tue,1520,22,29,4,success,-1.1706381185936976,94.39587857139479,-40.955297130470974,0.750497417521642,5117.365907502405,yes
35,self-employed,married,basic.6y,yes,no,no,telephone,aug,mon,2489,9,24,1,success,0.24345713150172332,94.66928577918036,-44.26542975718306,2.9211891822646527,5090.723138344468,yes
52,management,divorced,university.degree,no,unknown,unknown,cellular,sep,fri,563,18,19,1,nonexistent,-3.0385805869412783,92.35566756743937,-42.0199776853195,2.0504534680846116,4979.7408672097245,no
79,self-employed,single,basic.4y,no,no,no,cellular,jul,mon,1291,27,15,3,failure,-0.9566849139780695,93.55453885307038,-34.6577879078716,1.2639994921909805,5144.883687068883,yes
60,admin.,divorced,basic.6y,unknown,unknown,yes,telephone,sep,wed,3581,17,12,5,nonexistent,0.4715727252228399,94.47513220394104,-45.775140262040416,4.5189341177101205,5197.876971281271,yes
67,management,divorced,basic.6y,no,yes,yes,telephone,feb,tue,3878,13,2,2,nonexistent,-1.947908428048791,94.44180635619762,-46.49013739692055,3.858381028488271,4987.414755251298,yes
20,admin.,married,basic.6y,unknown,no,no,telephone,nov,wed,3457,4,17,3,failure,0.6483969954154936,92.54854609255119,-41.73381215215809,4.001634955591785,5156.17120697448,yes
57,technician,divorced,basic.6y,yes,unknown,unknown,telephone,jan,wed,3458,21,3,3,success,0.35759475250312583,93.3478275846188,-48.45450334797796,2.517906489280122,5180.791366734096,yes
44,technician,single,basic.6y,no,unknown,no,cellular,jul,thu,3184,26,18,5,success,-0.612788098135586,92.62467025643207,-31.347939496686518,3.45272839564273,5006.769232782484,yes
76,admin.,married,university.degree,unknown,no,unknown,telephone,apr,tue,1636,7,24,1,nonexistent,-2.189686823173448,94.51108947821704,-27.891883646328502,0.998390137584283,5226.53651773369,no
45,admin.,married,basic.4y,no,unknown,unknown,cellular,oct,thu,3696,8,12,3,nonexistent,0.7331562354364795,92.00904216038113,-31.64805168096293,1.2128162795994408,5042.433318491176,yes
63,blue-collar,divorced,basic.4y,yes,no,unknown,telephone,aug,wed,2999,16,27,3,failure,-3.2561493967963675,92.61151993142732,-38.09934733379263,2.0193031107824755,5045.542376755511,yes
23,admin.,married,basic.6y,unknown,no,no,telephone,mar,mon,3152,12,27,1,nonexistent,-0.5559364661694864,93.145295147164,-34.68813433345255,2.6142146084611517,5113.664933802873,yes
64,admin.,divorced,basic.6y,unknown,yes,yes,telephone,jul,tue,698,1,12,1,nonexistent,0.35631040244236634,92.61918244559504,-31.546676640026067,1.0128027498961192,5180.238911682594,yes
31,self-employed,divorced,basic.6y,unknown,yes,no,cellular,jul,tue,2160,6,11,0,nonexistent,-1.0700662045360212,94.72602771136486,-49.16934128176284,3.085886307226061,5084.9179874247775,yes
24,self-employed,married,university.degree,yes,yes,unknown,cellular,nov,fri,1,1,23,2,nonexistent,-2.9062905964368135,92.68327446460141,-40.80683642746988,1.6551312981064619,5107.977024615984,no
27,technician,single,university.degree,unknown,no,no,cellular,oct,mon,641,8,27,0,nonexistent,0.6031115790375705,93.01448182579789,-47.363647642365414,4.008055215664844,5126.789855251731,no
32,self-employed,divorced,high.school,yes,no,yes,telephone,sep,mon,2267,12,999,5,nonexistent,0.963622741349328,92.48740061291896,-48.63124269754217,0.6020644351090796,5173.236716342482,yes
48,admin.,married,basic.6y,yes,unknown,no,cellular,nov,wed,1589,16,1,6,success,-0.6961134713122498,94.59467434418492,-32.66054388306397,4.4107452821207715,5134.6679458666595,yes
46,services,married,high.school,no,yes,yes,telephone,apr,wed,854,1,2,1,nonexistent,0.37834233488866015,93.15157422135302,-30.29210661901326,3.823348327330532,5008.336569817382,no
59,admin.,divorced,high.school,yes,yes,yes,telephone,oct,wed,1759,4,21,4,nonexistent,-0.4685690235021198,92.73317451562473,-48.797279581942256,3.0031587316990285,5122.338474190288,yes
71,blue-collar,divorced,high.school,unknown,unknown,unknown,telephone,jan,fri,3296,19,20,3,nonexistent,-0.6482418410303936,92.68913293976006,-46.52663667697485,3.8451478486406687,5019.900680664429,yes
34,management,divorced,basic.4y,unknown,yes,yes,telephone,jul,mon,2432,18,26,3,nonexistent,-2.7722944061910293,93.63972479542088,-45.52237457008176,2.2041513136395214,5078.911784411932,yes
76,technician,divorced,high.school,yes,yes,no,telephone,oct,thu,3474,8,20,1,nonexistent,-1.3033954573474178,94.73740699557858,-30.31882096659029,1.3153793867850638,5192.594443671826,yes
68,self-employed,single,basic.6y,yes,yes,no,telephone,dec,mon,1661,6,21,3,nonexistent,-0.1417900014269947,94.7276818471371,-28.965701740804988,0.6400900122076988,4996.3389680425125,yes
46,services,single,university.degree,no,unknown,unknown,telephone,jun,thu,1153,13,12,0,failure,-1.2184813028729848,94.74870614706641,-32.51709568817352,3.013642969232485,5059.3240871933485,yes
66,management,single,basic.6y,no,yes,no,telephone,nov,tue,1076,28,11,3,nonexistent,-0.4347301901864274,93.08260087121138,-31.76659554033282,1.8845467608436663,5112.134557263073,yes
61,services,single,university.degree,unknown,no,unknown,cellular,jan,thu,1707,20,15,4,success,0.895081679213307,94.56037370501785,-42.60972923416114,1.5358324414839235,5193.907161375863,yes
32,technician,married,basic.4y,yes,yes,no,telephone,sep,tue,2777,3,13,2,nonexistent,-1.6421361679528068,93.2442934898418,-41.04127810932602,4.41484279589092,5169.629091443939,yes
43,self-employed,divorced,basic.4y,unknown,no,no,cellular,oct,wed,1695,15,23,5,nonexistent,0.5767358054409123,93.4295876299012,-44.096306498277784,3.7907382903580227,5075.743816324443,yes
29,blue-collar,married,basic.6y,yes,yes,yes,telephone,aug,mon,1733,6,13,5,nonexistent,-3.260583116721138,93.4557199765104,-27.89471499192921,4.956772417177754,5095.666715338515,no
42,technician,married,basic.4y,unknown,no,yes,telephone,oct,wed,1439,6,16,5,nonexistent,0.6927789214866918,92.17805737617907,-33.40901159141551,3.5108846793056987,5187.414487889555,yes
78,services,single,university.degree,unknown,yes,yes,telephone,apr,mon,2294,5,4,6,failure,-2.8879489775955682,92.49578992386573,-42.641836636225385,4.539611209405971,5195.5678468961205,yes
58,services,married,basic.4y,unknown,no,no,telephone,may,thu,835,19,5,0,nonexistent,-1.8570845254133765,94.48106281295557,-47.55736007801179,1.1206788681825086,5103.4046122120335,no
22,technician,single,high.school,yes,no,unknown,cellular,aug,mon,3510,27,26,2,nonexistent,-0.9354653875394042,94.50979811006562,-46.144048004422274,3.780156371057054,5016.269952085367,yes
21,admin.,divorced,high.school,no,yes,unknown,cellular,feb,thu,202,10,9,2,failure,-0.2798313241521566,92.56558170071978,-45.92240150489364,0.9793876132849784,5095.358255470119,no
61,technician,single,basic.4y,no,unknown,unknown,cellular,jun,mon,3255,9,26,4,success,1.1749374487897997,92.8473853844152,-36.10601462326909,1.0161100753635923,5208.7393557761425,yes
65,self-employed,divorced,basic.6y,yes,yes,yes,cellular,oct,tue,122,14,21,5,failure,-1.9262542565014995,94.32346517025951,-29.21934344024653,4.3744761216570645,5125.103061275144,no
58,self-employed,single,high.school,no,unknown,no,cellular,feb,thu,400,22,8,4,nonexistent,-2.9903259645338403,92.57167067593582,-30.03860176921813,2.184375172374524,5168.116882982687,no
74,blue-collar,married,university.degree,unknown,unknown,yes,cellular,dec,wed,766,5,25,4,failure,-1.1975890841797914,94.46630894664575,-49.13375109634243,1.9923030198418552,4968.547212547229,no
48,technician,married,basic.6y,yes,unknown,no,telephone,nov,wed,293,27,6,4,nonexistent,-1.7427126365891272,94.30493494090342,-33.853543103584606,1.4086454842852483,5131.388785324774,no
20,management,single,basic.4y,yes,unknown,no,telephone,aug,wed,2327,7,3,5,nonexistent,-0.5194282253626689,94.26114062797556,-46.792301046449815,2.7337470932529992,5121.898482976871,yes
70,self-employed,divorced,basic.6y,no,unknown,no,cellular,may,wed,3908,17,22,0,nonexistent,1.0293561537231657,94.49688840540196,-43.38243143954418,1.4957635417307458,5088.4544710092205,yes
20,self-employed,divorced,basic.6y,no,unknown,yes,cellular,dec,tue,2931,23,6,6,nonexistent,-0.311881092192912,94.4833780129984,-37.80302007932775,2.966529264963986,5143.214073281316,yes
43,self-employed,single,basic.6y,unknown,yes,no,cellular,oct,tue,3681,17,10,4,nonexistent,-0.6255315695293545,94.56818213207622,-30.702055075060727,3.5059275108305474,5191.957702182129,yes
67,admin.,married,basic.6y,yes,no,yes,telephone,mar,fri,197,9,26,0,nonexistent,-2.2187940085187585,94.46271821368006,-45.14178227793819,3.481609289338213,5209.382698020981,yes
34,management,divorced,basic.4y,no,no,yes,telephone,feb,fri,3029,22,5,3,failure,-2.129131887500267,93.69938248306343,-29.915456371178788,2.2044582931110255,5031.522871237386,yes
77,technician,single,basic.4y,yes,yes,no,telephone,apr,fri,1930,23,15,2,nonexistent,-1.306835710322168,92.44163045854292,-33.2396874828249,3.697766379205886,5097.125462355932,yes
27,admin.,divorced,high.school,unknown,yes,no,telephone,aug,fri,3582,7,15,5,nonexistent,0.878203442682066,93.70559361339893,-34.68511043773394,1.7707696439489766,5043.337166035674,yes
19,self-employed,married,high.school,unknown,yes,no,telephone,jan,mon,2799,1,23,3,nonexistent,-0.6184781427825689,94.63819265203648,-47.62357595949467,4.153797167217717,5074.326051985405,yes
41,management,divorced,university.degree,unknown,unknown,yes,cellular,oct,thu,2191,2,23,6,success,-1.025690717746547,94.70949001008985,-39.466000838880646,0.6005064807312405,5095.538665512239,yes
28,management,single,university.degree,yes,unknown,no,telephone,mar,wed,608,10,28,3,nonexistent,-0.7957718995682035,94.03969797977383,-44.22441897791018,4.8528864956659055,5171.308997880666,yes
41,admin.,divorced,high.school,yes,no,no,cellular,jan,mon,3272,19,12,1,nonexistent,0.6021547582244098,93.94273938564461,-36.743384015105164,2.507722104190705,5205.879321792576,yes
52,self-employed,divorced,high.school,yes,yes,unknown,telephone,feb,tue,1147,8,25,5,failure,-0.14610721905359533,94.62761811091393,-34.70097453469211,2.069581831549871,5118.957569804326,yes
40,admin.,married,basic.6y,yes,no,unknown,cellular,oct,wed,186,9,11,3,failure,1.0516399691117402,92.81557630845676,-49.237718441538235,3.347722447887154,5226.067423882382,no
49,services,married,high.school,yes,no,unknown,telephone,nov,thu,3397,15,28,3,nonexistent,-0.6076437607671402,92.42274826639516,-35.40393122321587,4.468027525175552,5113.548241532344,yes
40,self-employed,married,university.degree,unknown,unknown,no,telephone,jul,thu,2511,11,21,1,nonexistent,-2.459062705379823,92.81200209034229,-38.89504491929903,2.1513137063197454,5176.873309302869,yes
51,admin.,married,high.school,unknown,unknown,yes,telephone,jan,tue,3420,24,26,5,failure,-3.3101159331002687,94.65705588109525,-30.75526974870074,0.9081871726031324,5000.326130997089,yes
58,technician,single,basic.6y,unknown,no,unknown,telephone,sep,wed,1794,12,1,6,nonexistent,-1.8778532470945746,92.59446120470527,-31.841002683240315,2.1568675411515312,4965.637013820597,yes
36,self-employed,divorced,university.degree,no,unknown,yes,telephone,aug,fri,659,22,20,3,nonexistent,-3.0988670784500094,92.6292661488408,-40.929965509055805,0.6223813448759042,4970.75115533435,no
19,blue-collar,divorced,basic.4y,unknown,unknown,unknown,cellular,jan,wed,2811,18,12,1,failure,-1.4460878511650592,92.54025747446018,-27.468708245157917,1.4141854727742653,5199.536425841296,yes
77,self-employed,divorced,high.school,yes,unknown,unknown,telephone,oct,wed,3002,2,999,6,nonexistent,-2.498127184574097,93.35743908655414,-36.77289170749343,0.8288332478711349,4983.368250645089,yes
68,services,divorced,basic.4y,unknown,no,yes,telephone,jan,thu,1955,29,9,0,nonexistent,-1.456416335290609,94.22988763900219,-27.76888130688826,2.3053754291586794,5125.711276656023,yes
19,admin.,single,university.degree,no,no,unknown,telephone,feb,tue,2450,28,25,2,nonexistent,-1.4838242928471368,93.0691859656801,-33.609590751464424,0.8628963446118108,5116.02638920675,yes
32,blue-collar,married,high.school,no,no,yes,telephone,feb,wed,1369,15,29,4,nonexistent,-2.0739084663596534,92.2803387512356,-41.05953233541135,4.929274767723993,5170.085976627126,no
73,services,divorced,basic.4y,no,yes,no,telephone,jun,mon,1986,10,27,3,nonexistent,-0.2664667466739712,94.07256594559271,-45.21269598166483,4.040431073072419,5046.511583896559,yes
38,technician,divorced,high.school,no,no,no,telephone,jan,mon,1534,7,28,6,failure,-1.3195176991696342,93.70752208730553,-39.676729961537674,2.4459466643570424,5057.037269744673,yes
52,self-employed,married,basic.4y,no,unknown,yes,telephone,apr,tue,146,9,9,0,nonexistent,0.8885902721260356,93.34161999253764,-28.42844807498073,4.077856939885962,5057.065734719934,no
22,blue-collar,married,basic.4y,yes,no,yes,telephone,jul,fri,3219,22,29,2,nonexistent,-3.0348140388071485,94.69947634901776,-47.6875784107915,2.436391921867782,5008.148175599135,yes
60,admin.,divorced,university.degree,unknown,yes,no,telephone,dec,wed,2911,17,27,6,nonexistent,-1.429006776708135,93.3171882926233,-39.798425386820675,3.447158705005386,5018.588224229088,yes
44,admin.,married,high.school,yes,unknown,yes,cellular,sep,wed,1734,14,28,6,nonexistent,0.3245582927157986,94.05108151196015,-42.50954124866897,4.214670912139553,5015.855679903802,no
41,technician,divorced,basic.4y,yes,no,no,cellular,oct,thu,1843,9,10,6,success,-1.0262306428022194,92.44380074529805,-30.07216385508315,3.6113709505176885,5002.154230230193,yes
24,services,divorced,high.school,no,no,no,telephone,mar,wed,488,7,8,0,nonexistent,1.237190108781849,93.1663002428953,-31.583011276774258,0.9718477076079269,5167.523765546272,no
23,blue-collar,divorced,high.school,unknown,unknown,yes,telephone,apr,fri,2976,15,3,1,nonexistent,-2.560849741622257,92.59434795515992,-37.603894701116104,0.7913365117025153,5124.911064979145,yes
63,technician,divorced,basic.6y,unknown,no,unknown,telephone,may,wed,1959,3,16,6,nonexistent,-1.8830838660296376,92.97478990313753,-40.87987102886156,3.1075816982966016,5114.174276161171,yes
78,services,divorced,university.degree,unknown,yes,yes,telephone,may,wed,1663,2,18,0,nonexistent,-2.8424605208951323,93.34320722811248,-34.44809350618363,1.4642857177325126,5142.554893537155,no
50,management,divorced,high.school,no,unknown,no,telephone,feb,thu,2598,3,9,6,nonexistent,-2.215697671631109,92.48859085277861,-28.021331588793554,4.930009332884354,5054.816609163994,yes
75,management,married,high.school,yes,no,unknown,cellular,may,mon,2385,2,12,3,failure,-0.17184519089702008,94.24852689347554,-48.382237589795906,0.6716944594370142,5156.717198345942,yes
66,services,single,high.school,unknown,unknown,unknown,telephone,oct,mon,2919,13,1,3,success,-1.0626592128454528,93.05283094107125,-29.31802415514844,3.893514512479069,5035.947189502245,yes
34,admin.,single,university.degree,yes,no,no,cellular,jan,fri,640,27,8,5,nonexistent,-2.622077297381732,94.51044437611445,-43.76789120752958,0.7867508936331389,5179.880346378038,yes
63,admin.,divorced,university.degree,unknown,no,unknown,telephone,jul,tue,1802,26,6,4,nonexistent,-1.121463667244449,93.88903860073961,-50.69921818873444,3.287839069969059,5126.398057212047,yes
59,management,married,high.school,unknown,unknown,unknown,telephone,may,tue,2520,13,25,4,failure,0.6675270025524117,92.49449659685018,-33.090055024780945,2.4481921465145544,5180.926227721663,yes
47,admin.,divorced,university.degree,unknown,no,yes,telephone,jun,thu,1969,2,9,3,failure,-1.288835882997988,93.79751983786781,-31.956641961464246,3.384422114177924,4978.058894160465,yes
25,admin.,married,basic.6y,unknown,no,no,telephone,sep,wed,2198,20,11,0,nonexistent,-3.3365702608313956,92.06509337663681,-43.51626470151856,3.9526169201265593,5186.636473908676,yes
57,services,divorced,university.degree,no,unknown,unknown,cellular,mar,thu,1438,22,21,6,nonexistent,-3.136376613379503,94.26065526389974,-32.19511162052523,0.7460818311718052,4990.4272967803645,yes
63,self-employed,divorced,basic.6y,no,no,no,cellular,jan,mon,3369,19,19,6,nonexistent,-1.2970223985079392,94.72782794434016,-31.727360328391182,2.893546510193755,5140.446287112497,yes
24,services,single,basic.6y,yes,no,yes,cellular,aug,fri,1634,9,10,5,failure,-0.5524233965612044,93.89772094560747,-34.66023663242587,4.7462950113093845,5023.889984378969,no
23,admin.,married,basic.6y,no,unknown,yes,cellular,feb,tue,262,5,3,5,failure,0.8553584755243638,94.59418289605136,-49.876492505789486,1.5582462714567498,4975.951269369025,no
21,services,married,basic.4y,unknown,yes,yes,cellular,feb,wed,1787,21,11,6,nonexistent,1.3134152735271887,92.82543746536552,-34.848695736905455,0.9408607165869385,5032.20101490151,yes
18,blue-collar,single,university.degree,yes,yes,unknown,telephone,oct,tue,2191,7,11,6,nonexistent,1.3058053267302636,93.1860485671163,-28.515500728899806,3.9922460370707147,5070.27615914483,no
32,management,single,high.school,yes,yes,yes,telephone,apr,mon,2393,25,22,3,success,-0.722108902066584,93.18887270705042,-35.97446648069759,3.8623438785724264,5001.669319091537,yes
48,self-employed,single,basic.6y,yes,yes,no,cellular,may,wed,623,13,7,0,failure,-3.2284939605431093,92.31368251559154,-42.03052924389797,2.316679815420507,4989.953985588377,no
42,blue-collar,single,high.school,unknown,yes,yes,telephone,jan,mon,1016,1,19,3,success,-2.375285801796513,94.23004069098994,-37.33279234571245,4.25308771232501,5226.4477691256925,no
64,blue-collar,married,basic.6y,unknown,yes,unknown,telephone,nov,tue,3643,9,13,2,failure,-1.315207765909153,93.38618609442506,-27.063813176640995,2.9931647984023737,4984.582350857977,yes
50,admin.,married,high.school,yes,unknown,yes,telephone,mar,tue,880,2,6,0,nonexistent,0.8224446099244586,93.37319802429344,-39.505286956716404,2.6915853114516444,5013.9918422512055,yes
69,admin.,single,basic.4y,no,unknown,unknown,cellular,nov,mon,2049,3,2,1,nonexistent,-3.296517257595738,93.87171254804899,-30.686938313194393,4.216163160719643,5030.474376642059,yes
52,blue-collar,divorced,basic.6y,unknown,unknown,no,cellular,aug,wed,2944,12,27,6,nonexistent,-0.9551707115340793,92.47876435255863,-47.489031833551145,1.0318156632453845,5047.480625463744,yes
72,blue-collar,divorced,basic.4y,unknown,no,yes,cellular,jun,mon,1327,5,27,1,nonexistent,-0.26336574701771254,94.26843709431807,-49.45010639686508,1.585159385707417,4998.319949872457,no
22,technician,divorced,basic.4y,no,yes,yes,cellular,mar,wed,2301,26,24,6,nonexistent,-2.0164968011530937,93.0244407358105,-41.475466767829204,2.554196792415009,5185.711643122054,yes
22,technician,divorced,university.degree,yes,yes,no,telephone,dec,thu,3723,12,27,6,failure,-1.8847438195794295,92.22299462964261,-47.50723530855195,0.9759055344593791,5208.172099166996,yes
53,management,married,high.school,no,unknown,no,telephone,jul,thu,452,4,18,4,nonexistent,-1.5355502640131982,92.53291062432973,-42.900392064657964,4.981835007793709,5108.800272801065,yes
34,blue-collar,married,basic.6y,unknown,no,unknown,telephone,nov,wed,3108,21,13,2,failure,-2.0819474976160066,92.70798688245486,-33.70127507089802,1.9795364034411838,5113.5807035606185,yes
70,services,married,basic.4y,yes,no,yes,telephone,jun,mon,1183,29,18,1,nonexistent,-1.3014955617757529,92.49824715599523,-40.15283786808625,4.770076030926229,5226.455198274559,no
69,self-employed,divorced,high.school,yes,unknown,yes,telephone,may,wed,3062,26,9,6,success,-2.641153846034628,92.67823257346005,-43.12297934275584,2.6875870817958245,5197.36543510324,yes
31,technician,single,university.degree,no,yes,yes,telephone,aug,tue,2056,21,11,3,nonexistent,-2.4432069028244032,94.78838540281383,-29.49305628721438,4.667881657254045,5071.365973042832,yes
75,admin.,divorced,high.school,unknown,no,yes,cellular,aug,mon,3304,12,28,1,nonexistent,-3.221746453541485,93.50563506591747,-50.574651073309305,2.5359336815110605,5164.32785463101,yes
46,blue-collar,married,high.school,unknown,yes,no,telephone,mar,wed,3170,5,17,3,nonexistent,-1.4256896730731643,93.68819394518468,-31.344722508592334,4.184788313271269,5033.764918545876,yes
25,services,divorced,university.degree,yes,no,yes,telephone,aug,tue,1682,14,18,2,nonexistent,-0.004776388821005498,92.46487480813273,-35.95167588595732,3.9048338685112425,4977.319568040958,no
51,self-employed,single,university.degree,unknown,yes,yes,telephone,oct,fri,2863,14,23,5,failure,-0.9704694533691909,92.12325784282551,-49.68970852072382,4.766339241825064,4969.460676790946,yes
57,services,single,university.degree,yes,no,yes,telephone,sep,tue,2255,10,17,5,failure,-0.8528426124252627,92.86898184035165,-49.98371671550879,3.4047867784516908,5106.150395852835,yes
18,services,divorced,basic.4y,yes,yes,unknown,telephone,dec,wed,1154,26,12,5,nonexistent,-1.2402575050772338,94.15548227406164,-46.6915755491685,1.599174169040049,5095.775338322539,yes
46,admin.,married,high.school,yes,yes,unknown,cellular,oct,mon,403,10,16,6,nonexistent,-0.592735825122881,93.56458910617725,-27.43999964000387,2.98436714031098,5003.463981673779,no
53,technician,married,university.degree,unknown,yes,unknown,telephone,mar,mon,2199,5,20,4,nonexistent,-2.2975534915274936,92.03019302362233,-48.75155688051362,1.2418487646596943,5189.262307633908,yes
68,services,married,high.school,no,unknown,no,telephone,nov,thu,2101,27,23,5,nonexistent,-2.403924160828867,94.20855417182206,-33.14134739595014,2.0734283060978393,5117.781429688294,no
54,self-employed,divorced,high.school,yes,yes,no,cellular,aug,wed,3191,18,5,1,success,1.1214292897364564,92.29119898852254,-41.20194744872078,4.072426924789764,5064.513600836045,yes
46,technician,married,basic.4y,no,yes,no,cellular,aug,tue,1696,27,29,4,failure,-1.2380348594055508,93.23306655071801,-45.144168884966284,0.6614588734729291,5097.403430697341,no
22,management,divorced,high.school,no,no,yes,telephone,dec,tue,3991,17,15,5,nonexistent,0.5704438831347657,94.79852616694771,-37.05739257029162,3.331802318475714,4989.365467879557,yes
70,admin.,married,basic.4y,no,no,yes,telephone,jul,wed,627,10,17,5,failure,1.0007924113398499,92.33982755520486,-42.00031133010946,3.6491398919553917,5201.616635609267,no
49,technician,single,university.degree,no,unknown,no,cellular,aug,tue,586,11,27,2,nonexistent,-0.44855965743472465,94.28207384691969,-43.38664343674391,4.559079772089528,5040.449681435788,yes
77,technician,single,university.degree,no,no,unknown,telephone,jan,fri,1648,15,8,0,success,-1.965792310278185,94.2377825165178,-45.07302769632699,3.928450452533948,5009.782778243845,yes
69,services,married,high.school,yes,yes,yes,cellular,mar,thu,1443,24,29,5,nonexistent,-0.13694458572607737,93.24611475000843,-39.85816545487212,2.372419047801047,5076.26571383844,yes
41,self-employed,divorced,basic.4y,unknown,unknown,unknown,cellular,jun,mon,1445,19,12,2,failure,-1.3316133114971949,94.76714253159052,-46.746440845030286,3.9685432202483035,5037.970333593973,no
36,services,married,basic.4y,no,unknown,yes,cellular,dec,tue,103,12,3,2,failure,1.2707268857739316,92.86231132237403,-30.438450385726828,3.352106496523565,5044.97192089343,no
29,self-employed,divorced,basic.6y,unknown,unknown,yes,telephone,jul,fri,3923,16,12,6,nonexistent,0.49419012180864264,92.88419020623034,-36.65734824414589,3.1817037088445206,5181.671356937091,yes
69,admin.,single,basic.6y,unknown,yes,unknown,cellular,jul,wed,253,23,2,2,failure,0.5117351519503968,92.42670498421802,-49.29713238377091,0.9244681564461265,5108.285465210617,yes
18,technician,divorced,university.degree,yes,yes,no,cellular,nov,tue,3298,24,3,0,nonexistent,-0.5742927445239906,93.03531230726027,-39.87665867455238,2.9746025742862834,5210.05294864155,yes
24,blue-collar,married,university.degree,no,no,unknown,telephone,jun,wed,3183,27,18,0,nonexistent,-3.3596053933863654,92.82995907999839,-35.75279058972073,4.415226404095294,5214.971301836472,yes
34,self-employed,single,basic.6y,unknown,no,no,cellular,dec,fri,2557,12,23,2,nonexistent,0.5927394656079265,93.69256941951404,-30.207508689278082,2.5221441537526865,5225.864563220706,yes
51,self-employed,divorced,basic.4y,unknown,no,no,cellular,dec,fri,1496,22,999,0,success,-3.278214911265762,92.11405163444016,-50.23883627781876,3.6982952307429446,4998.389195107656,yes
60,services,divorced,high.school,no,unknown,yes,telephone,dec,mon,98,22,999,3,failure,-2.8126813070736354,92.86872412289149,-39.89501727942546,4.576446679346616,5200.817145918838,no
24,services,single,high.school,yes,yes,yes,telephone,nov,wed,2200,27,8,2,failure,0.6256117742852311,92.01317848735417,-33.93040276365633,2.950343603709314,5041.522903233289,yes
34,management,married,basic.4y,yes,no,yes,telephone,apr,thu,1884,19,22,5,failure,-2.3497841304014497,92.017668834023,-46.11254485569665,0.9877473720966293,5130.037124161691,yes
76,self-employed,single,university.degree,no,yes,no,telephone,may,mon,2961,25,24,1,nonexistent,0.6374055042762737,94.29683892863957,-45.509833442057705,0.8386962578569571,5195.786139107851,yes
20,admin.,married,high.school,unknown,unknown,no,telephone,sep,wed,1919,3,2,3,success,-2.2655157381575104,94.09948449778801,-39.09679706705588,4.109898548697894,4988.165528221353,yes
46,technician,married,basic.4y,yes,yes,unknown,telephone,jan,wed,877,13,2,2,nonexistent,0.29939993567953577,94.08359427780871,-29.660578312355657,0.7438937917213115,5003.764475312781,no
39,technician,divorced,high.school,yes,yes,yes,telephone,feb,fri,337,21,29,1,nonexistent,-0.7975532016821705,92.99017760563339,-41.281316307176624,4.99523691958839,5157.525510779551,no
55,technician,married,basic.4y,unknown,unknown,yes,telephone,may,fri,3777,22,17,6,nonexistent,-0.17922945438269217,93.95788185611556,-39.22077442701557,1.1610391045955242,5055.318628539574,yes
71,self-employed,married,basic.6y,unknown,no,no,telephone,may,wed,2869,15,1,5,failure,0.6227904865973639,92.71829919792653,-35.605377605465826,4.010606916390061,5136.858272103509,yes
60,services,single,basic.6y,unknown,yes,yes,telephone,dec,fri,3234,29,10,1,failure,1.3233363902286261,92.86632364802114,-43.37224980664167,4.417953112842157,4993.754577751402,yes
46,admin.,single,high.school,unknown,yes,no,telephone,jul,wed,3791,17,8,4,nonexistent,-2.9886793091652155,93.57495628276635,-30.076645017518175,1.948285716333583,5220.799107312584,yes
67,technician,married,high.school,no,unknown,unknown,telephone,aug,wed,956,11,1,6,nonexistent,-0.11016021097880134,93.95893959084287,-27.81155660373262,2.983142101218712,5096.1816640190655,yes
67,self-employed,divorced,high.school,unknown,yes,unknown,telephone,oct,mon,1704,25,19,4,failure,1.2018823090953024,92.74403522243084,-35.25765375719839,4.790452042291059,5193.858494705973,no
71,blue-collar,single,high.school,yes,yes,yes,telephone,jun,mon,160,23,26,6,nonexistent,-1.6057810022695724,93.90199624393927,-35.54041912693166,4.802681570434428,5142.12649675181,no
59,management,divorced,basic.6y,unknown,yes,unknown,cellular,jun,thu,1603,27,3,1,failure,-1.798024793980643,94.69498075121979,-34.70213632632693,4.692492511117353,5215.334622816727,no
22,management,single,basic.6y,unknown,unknown,yes,telephone,may,mon,2848,12,8,2,success,-0.13611045290948137,93.38274142467421,-46.16586049944553,1.8095894248107967,5114.497438446283,yes
47,technician,single,basic.4y,no,yes,yes,telephone,may,tue,397,17,13,2,nonexistent,-1.4706349278699453,93.13990024172566,-33.296298955431034,0.8619906518472193,5044.639251548171,no
40,services,married,high.school,no,unknown,no,cellular,nov,tue,1300,22,18,2,nonexistent,-2.3705895213764947,92.65099810320817,-42.50724177056017,1.052276082163486,5125.875560341352,yes
72,management,single,basic.6y,unknown,no,no,cellular,aug,fri,815,23,15,2,failure,-2.6249579881283607,92.99721636169603,-27.058871283395618,1.2242572784662653,5227.275934177423,no
38,management,single,university.degree,no,yes,yes,cellular,may,tue,3987,5,25,1,failure,-2.475374974500193,93.48069741717262,-32.82319292107471,3.555383907148984,5179.260213625263,yes
73,management,divorced,basic.4y,no,unknown,unknown,telephone,jun,mon,1527,29,13,5,nonexistent,-0.019307057633374782,94.6435009507597,-36.847979615218556,4.130724181343176,5083.937110802679,yes
43,management,single,basic.4y,no,unknown,unknown,cellular,mar,thu,1919,5,14,0,success,1.0097365140497645,92.73010750801338,-28.99756855378906,0.8214331681668066,5179.569876029091,yes
71,technician,single,basic.4y,no,yes,yes,telephone,may,wed,1415,7,17,6,nonexistent,0.468865750417928,92.64809715733266,-27.616038785524818,4.517783326664856,5149.498906004623,no
64,self-employed,divorced,university.degree,unknown,unknown,yes,telephone,sep,thu,1158,3,27,0,nonexistent,-1.248632101330211,94.68964054437448,-31.24801952614399,3.888136289634565,5211.891458932996,yes
38,admin.,married,university.degree,no,no,unknown,cellular,mar,mon,1218,3,14,5,failure,-0.8627144734563977,93.69636295422322,-32.717325596070026,2.933257415889599,5060.088445097808,no
37,admin.,married,university.degree,no,no,unknown,cellular,aug,mon,400,17,18,5,failure,-0.42316751057558477,94.0587561766593,-49.350303354819395,4.955825404830324,4974.281683630216,no
40,services,single,basic.6y,yes,no,no,cellular,nov,mon,639,24,29,6,nonexistent,-0.6162561687871179,94.32314804348358,-33.92621727583992,1.7668190430492625,4986.459555870675,no
21,self-employed,single,university.degree,unknown,no,no,telephone,jul,fri,3104,2,8,2,failure,1.2486691796309852,92.22901287148437,-42.775462173101886,1.5592344739555373,5166.581010603115,yes
38,blue-collar,divorced,basic.4y,no,unknown,unknown,cellular,apr,tue,2735,15,20,4,nonexistent,0.8561267646913915,93.35747725519501,-28.57508182613452,2.073132563340755,5146.4405420860585,yes
38,admin.,married,high.school,yes,unknown,no,cellular,may,mon,459,19,20,1,nonexistent,-3.1910071234610284,92.3922860978422,-36.17886030108791,2.9166912148828437,5157.57837058871,no
18,blue-collar,married,basic.4y,no,no,no,cellular,aug,wed,954,23,15,0,nonexistent,0.6116760691732952,93.74807870631476,-41.94138231014282,2.302083815534573,5140.208918988434,yes
32,admin.,married,basic.4y,unknown,no,yes,cellular,oct,tue,3954,10,22,5,failure,-2.8525073841508233,94.67044978268395,-42.69842250766978,4.249804832149667,5084.505220018643,yes
34,admin.,divorced,basic.6y,yes,no,no,cellular,jul,tue,469,26,29,1,nonexistent,-0.08699422149123212,92.15750983388888,-37.5395299022539,4.535757893922748,4981.608987145659,no
68,services,divorced,basic.4y,yes,no,no,cellular,oct,fri,3446,11,16,4,nonexistent,-2.0288799393197454,92.7674931254571,-39.05319920061181,4.85333776898507,5184.603382376013,yes
31,management,divorced,basic.6y,unknown,no,yes,cellular,oct,thu,1045,24,9,5,nonexistent,0.31224033244236254,94.79910829720247,-41.458086599927455,4.200305041469156,5011.417458665813,no
76,services,single,basic.6y,yes,unknown,unknown,cellular,feb,tue,2797,9,4,1,failure,-3.3586900490738443,92.01536498399146,-45.81795661444569,3.2756947979272173,5225.42002661306,yes
36,admin.,married,high.school,yes,no,no,telephone,aug,tue,1693,14,8,4,nonexistent,-1.5650953334811173,92.39075657851292,-31.7643111253752,3.2999068741538338,5017.929658569154,no
67,self-employed,single,basic.4y,no,no,no,cellular,aug,mon,2085,24,13,5,failure,-3.2966928874630956,92.22615960202256,-40.441478918594036,1.420562309128589,4985.745884702592,yes
77,management,single,high.school,yes,yes,unknown,telephone,sep,wed,2277,7,29,4,nonexistent,1.1769441056229006,94.13937724950641,-48.43639091974977,1.7581339409164225,5062.934550294581,yes
51,self-employed,divorced,high.school,unknown,unknown,no,cellular,feb,mon,3436,10,21,6,nonexistent,-3.326248381333835,94.10260216603184,-48.75885316506299,4.987941590478471,5049.679950730091,yes
23,self-employed,married,basic.4y,no,no,unknown,telephone,apr,wed,562,1,27,3,nonexistent,-2.654608300773784,94.17723748077158,-45.10901902391317,1.7497129333868018,5221.917849183559,no
62,self-employed,single,basic.4y,yes,unknown,yes,telephone,feb,tue,2485,1,23,5,failure,-0.811490629020293,94.16959763129847,-37.60171521147463,2.654243568412154,5067.961448976569,yes
66,management,married,university.degree,no,yes,unknown,telephone,apr,wed,1799,14,9,4,success,-0.2984747043144726,94.33861678398564,-47.263318933060376,2.295364298457043,4975.927720145169,yes
23,self-employed,single,university.degree,unknown,yes,unknown,cellular,mar,mon,3354,27,23,3,nonexistent,0.09915804383729046,94.16406172398943,-45.66109280036145,3.628337185438979,5224.685606466601,yes
70,management,divorced,basic.6y,yes,no,unknown,telephone,jul,mon,2074,8,999,5,nonexistent,-2.2148687129665188,93.35393002796047,-38.809293101598605,2.076185353721831,5171.621575793407,yes
71,blue-collar,single,basic.4y,unknown,no,yes,telephone,may,thu,225,14,23,5,nonexistent,-1.9552239719793698,94.0873563115418,-45.595526609002164,3.604979820374236,5227.555911607993,yes
22,admin.,divorced,basic.6y,unknown,no,unknown,cellular,jul,fri,3348,7,21,4,nonexistent,-2.248466069283262,93.67332617979012,-30.292262103403303,4.827528637811237,5047.588732494036,yes
24,technician,married,high.school,yes,no,unknown,cellular,feb,thu,797,18,19,6,nonexistent,-2.2284504529286457,93.02626320731977,-36.698795443588104,1.7105013643240876,4994.741739896128,no
50,self-employed,single,high.school,yes,yes,yes,telephone,apr,tue,3680,25,2,4,nonexistent,0.35260598899086637,94.34240899406436,-48.748746278216714,2.2309792452062025,5068.790007960456,yes
30,services,single,university.degree,no,unknown,no,cellular,jun,wed,2331,26,15,1,nonexistent,1.1503942232031588,94.20651111358976,-47.4567296643059,2.105570577711455,5000.615626476694,yes
68,blue-collar,divorced,basic.6y,unknown,no,no,cellular,dec,mon,2926,23,4,6,nonexistent,-0.5401459091109189,92.48577608033807,-46.13534040081003,1.9215720143438328,5002.440127822962,yes
71,services,divorced,basic.4y,yes,unknown,unknown,cellular,may,mon,959,9,12,6,nonexistent,-2.6443331671275323,92.0683996882561,-35.74552532198317,1.7892534191877068,5202.356834602165,no
18,technician,married,basic.4y,unknown,no,yes,telephone,nov,mon,1504,27,4,3,failure,-3.085922456471734,92.88472955716885,-48.27495539550842,3.3721877984063373,5226.4875989246575,yes
30,management,divorced,university.degree,yes,no,yes,telephone,feb,mon,452,15,22,5,nonexistent,-2.2519524657000427,93.13054899163409,-49.76537577436819,3.011683575628273,5226.625845586042,no
60,technician,married,university.degree,unknown,yes,unknown,cellular,dec,tue,3067,1,24,0,nonexistent,-2.546586816674693,92.48820116509384,-33.3897968428506,2.838133290967065,5079.570889112198,yes
44,services,single,basic.6y,no,no,unknown,telephone,jul,fri,3900,11,10,0,failure,-0.6230984033989889,94.39435356365546,-39.37277248696656,4.122584913671631,5026.892744351942,yes
24,technician,married,university.degree,unknown,no,no,cellular,feb,thu,815,19,16,1,nonexistent,-0.04993279943780745,92.09402564223463,-30.513844572502165,1.2447329659778412,5009.103088245351,no
69,admin.,married,university.degree,yes,no,no,cellular,sep,thu,658,10,29,0,nonexistent,-3.3779642508374548,93.35413297241034,-31.85069824799791,1.3467915042606775,5064.66798754516,no
20,technician,married,university.degree,no,yes,unknown,cellular,jul,mon,3587,18,24,0,nonexistent,-1.2898222597129414,92.15533673064951,-44.263165843836596,2.8574686867325463,5122.020916383793,yes
75,self-employed,single,high.school,no,unknown,yes,cellular,dec,mon,546,22,2,4,nonexistent,-0.40969957455369904,93.50258426739943,-46.20500339495042,2.1563994765465044,5160.279158701448,no
42,admin.,single,basic.6y,yes,yes,unknown,cellular,mar,wed,1215,26,21,2,nonexistent,-2.4741967051411526,93.29821787342757,-38.460202413329895,1.364671173291687,5100.177991230742,yes
50,self-employed,divorced,basic.4y,no,no,yes,telephone,jun,mon,3120,4,5,2,nonexistent,0.9246600052283491,94.1844261449426,-48.88551133122074,3.6387837125388556,5186.504695430883,yes
57,technician,married,basic.4y,unknown,no,no,cellular,may,thu,3583,18,15,0,success,-0.7647411029036499,93.93109002646595,-35.67460406403462,2.7827301541723997,5206.851855667286,yes
34,admin.,single,basic.6y,unknown,no,unknown,telephone,dec,wed,16,18,19,1,nonexistent,-1.742090662960624,94.36307501653194,-50.50891204915378,1.4898482235138812,5197.858734514454,no
62,admin.,married,university.degree,yes,unknown,yes,cellular,sep,wed,3243,22,29,1,nonexistent,-3.3103570491820458,93.52417025738751,-31.60578525151083,1.763383261430665,5061.2549033213045,yes
31,technician,married,university.degree,unknown,unknown,no,cellular,mar,mon,1243,25,1,3,nonexistent,-1.0753270499046057,94.30282392733528,-29.51233642999164,3.7814317032203446,5215.019706345465,no
54,blue-collar,married,basic.4y,yes,no,unknown,telephone,feb,wed,2205,22,4,1,nonexistent,-1.7874590424045878,94.01357947642812,-26.99081056862129,2.0408821777592903,5207.752737608441,yes
75,management,single,high.school,no,no,unknown,telephone,feb,fri,2524,20,18,1,nonexistent,1.2538222015668632,94.1826024430122,-42.5758352503666,1.4998813586471065,5072.482795624753,yes
73,management,married,basic.6y,unknown,unknown,no,telephone,apr,mon,1069,12,19,4,failure,-1.5819761745833294,93.68189597252373,-37.369962123256435,4.848644660094274,5075.036314454802,yes
71,management,married,university.degree,yes,yes,unknown,telephone,jan,fri,3444,9,21,4,nonexistent,1.0208355941032985,94.01481327531513,-30.175224396948945,0.9873966253284395,4984.242129615345,yes
40,admin.,divorced,high.school,unknown,yes,no,cellular,sep,mon,2565,18,10,5,nonexistent,-0.10693894497532938,93.12480190358569,-39.7548777945335,1.2464217491057397,5211.435049616939,yes
76,management,married,high.school,no,unknown,yes,cellular,mar,fri,2146,6,22,0,nonexistent,-3.044977323860399,92.23794975693225,-42.93071689607302,3.7560256111522587,4986.997662375311,yes
41,admin.,divorced,university.degree,no,unknown,unknown,telephone,may,mon,3963,23,17,5,nonexistent,1.077058292189953,93.16643906799848,-49.63307931670316,2.4731296537192837,5093.507120981871,yes
46,blue-collar,married,basic.6y,unknown,no,no,telephone,feb,thu,1768,29,26,1,success,-2.5914475669297365,92.48552112469191,-41.38164538375508,3.9128977358595916,5154.414126801382,yes
55,technician,divorced,basic.6y,no,unknown,no,telephone,aug,mon,1060,19,2,2,nonexistent,-1.2494868773062318,93.76226196791808,-48.91449720833376,3.0322234873841296,5196.271181400473,yes
76,technician,single,basic.4y,yes,unknown,yes,telephone,nov,thu,2327,20,11,1,nonexistent,1.0304193047424655,92.73707858229812,-42.12439436170201,0.7769481694117613,5114.629482245644,no
71,admin.,single,basic.4y,unknown,no,unknown,telephone,nov,tue,3420,23,22,6,nonexistent,0.576847455581554,94.68279619316999,-42.60153504772715,3.6102509203468403,5144.14198385324,yes
44,admin.,married,basic.6y,unknown,unknown,no,telephone,mar,tue,2544,25,12,1,success,-1.0596073821900234,92.75934226372397,-35.33238003807622,4.145358804329688,5151.429457638488,yes
55,blue-collar,divorced,university.degree,no,no,no,telephone,may,mon,301,15,20,0,nonexistent,-2.406781399808146,92.27477156036045,-42.05076756109276,3.031769430450263,4967.824310508171,yes
70,management,single,basic.6y,yes,yes,no,telephone,jul,thu,180,5,19,2,nonexistent,-0.9555469664840949,94.46574563896013,-41.6183211650839,1.9532608884157259,5212.887512325404,no
57,blue-collar,married,basic.4y,unknown,yes,unknown,cellular,feb,thu,606,11,19,0,failure,-0.7713549997821982,93.16035169583624,-43.9562191254353,0.6682961209499673,5058.799272694136,no
62,technician,married,basic.4y,unknown,yes,unknown,cellular,mar,wed,3170,13,8,1,failure,1.3852957687531293,92.99620254611276,-36.26924363480782,4.589402665291128,5010.554550223641,yes
67,technician,divorced,basic.4y,no,no,yes,telephone,aug,wed,699,2,8,2,nonexistent,0.5553501779946018,94.47908741438464,-41.49453180740911,3.710710825426997,5088.797599607789,no
40,self-employed,divorced,basic.6y,no,yes,yes,cellular,oct,fri,992,8,25,1,nonexistent,0.7343217149866276,93.82967328543585,-28.12874615382252,0.7971062738119468,5157.606861168375,yes
48,management,married,basic.6y,yes,yes,yes,telephone,aug,wed,1139,25,6,5,nonexistent,1.3336996388363804,93.4900805337233,-29.481882806310495,4.298603990658369,5182.431228680632,no
53,technician,divorced,university.degree,yes,no,unknown,cellular,mar,mon,190,27,999,0,nonexistent,-0.8880671271907176,92.91596066847254,-45.1376846151578,0.8334690663742206,5153.937188744384,no
34,self-employed,divorced,basic.4y,no,no,no,telephone,oct,wed,2300,11,999,6,nonexistent,-0.5909128531311832,92.8189836158745,-41.14506290702836,3.730494914500248,5069.436028470512,yes
78,admin.,single,high.school,yes,yes,unknown,cellular,dec,wed,980,18,18,0,nonexistent,-1.218667758519325,93.62263148648718,-35.63347674500343,3.653895625511373,5143.869887947759,yes
54,technician,divorced,high.school,no,yes,unknown,telephone,jul,mon,2975,26,2,4,nonexistent,-2.7978205918513055,93.40390495541448,-50.410152033160294,4.631051689445176,5077.8304928159905,yes
20,services,married,university.degree,unknown,yes,unknown,cellular,nov,mon,2006,10,6,2,nonexistent,-0.8787677273783311,92.77280776275975,-45.36485580681132,1.3278906520674523,5224.626262901106,yes
53,management,divorced,university.degree,no,unknown,yes,cellular,feb,fri,1184,1,11,4,nonexistent,-0.6035733531491893,92.51533475782749,-43.98778784758922,3.0959935002217636,5227.164993884564,no
72,self-employed,married,basic.4y,no,no,no,telephone,sep,thu,3327,4,29,5,success,-2.261093703368103,94.29042664258948,-41.182712521667426,2.9966970127203094,5029.670628062858,yes
22,management,married,basic.6y,no,no,unknown,cellular,aug,wed,3394,29,15,6,nonexistent,0.35755667862408697,93.92569132152525,-29.545436764485387,0.7539085609787968,5091.4402059673885,yes
63,management,divorced,basic.6y,unknown,no,yes,cellular,sep,tue,127,17,12,2,nonexistent,-2.802484825256692,94.78122046682006,-48.497783881465594,3.408554179924209,5116.0886580800425,no
32,services,divorced,high.school,yes,no,unknown,cellular,sep,thu,2065,17,17,3,nonexistent,-0.9904036025121062,93.44424029677684,-49.226589737423105,1.7177291277283864,5131.885335404136,yes
69,blue-collar,divorced,basic.4y,yes,yes,no,cellular,jul,mon,1816,5,23,6,success,-0.21897719319383688,94.78428619048073,-34.92040376954464,2.0629628947131153,5078.372388672445,yes
66,admin.,single,high.school,yes,no,yes,telephone,apr,wed,1758,23,16,2,nonexistent,-3.1363296619617382,93.29031430096319,-42.08858902705618,1.6619572581088284,5102.275802666723,yes
23,management,single,high.school,no,unknown,unknown,telephone,dec,fri,2613,3,26,6,nonexistent,0.4594558862353951,93.49787898432177,-46.552478066681246,0.846062054108018,5110.203195186308,yes
76,technician,divorced,basic.4y,no,unknown,yes,telephone,dec,tue,569,7,28,6,nonexistent,-1.9400598733840788,92.5854997155768,-34.0268408626306,1.33316378762758,5066.212330325864,no
27,admin.,married,university.degree,yes,yes,no,cellular,may,thu,1346,5,23,1,nonexistent,0.045196197793651256,92.41862551158415,-44.99372113725851,1.512155428623469,5048.356569273206,yes
71,technician,divorced,high.school,unknown,yes,no,telephone,jul,wed,1895,10,8,2,nonexistent,-2.8805955931774054,94.63261458506722,-37.281209342515844,3.140232486454784,5131.456819507115,no
49,admin.,single,university.degree,unknown,no,yes,cellular,may,mon,2733,27,13,4,nonexistent,-0.42256667608548143,94.74740392931777,-41.030720108109705,1.193807618335669,5080.519592009389,yes
40,admin.,single,basic.6y,unknown,yes,unknown,cellular,dec,thu,3863,24,4,0,nonexistent,-0.7253818076121096,93.5331671596484,-42.166934428758545,4.6511411382732115,5220.7336411818505,yes
65,self-employed,divorced,high.school,unknown,yes,no,cellular,oct,tue,625,7,10,0,success,-2.6799875542734783,92.76231105596416,-33.56471401682458,1.6198609342076749,5062.969912198276,yes
34,technician,married,basic.4y,no,yes,no,telephone,aug,mon,3359,17,19,2,nonexistent,-0.4012245030488506,94.66392789305758,-36.13952580005578,3.4676765126769546,5015.400417705766,yes
63,technician,married,university.degree,yes,unknown,unknown,telephone,may,tue,2901,29,5,3,nonexistent,-0.08164393976612473,94.230894166525,-38.51917752537497,1.2933583060391203,5076.445412748247,yes
37,admin.,single,basic.6y,unknown,no,yes,cellular,may,wed,1686,17,5,0,failure,-1.0071887438391787,92.50346342584041,-47.738774179640366,4.098583868472915,5137.356752973819,yes
61,management,single,basic.6y,no,yes,yes,cellular,may,thu,3009,7,23,5,nonexistent,-0.622831526433992,92.83535388137354,-36.803190019909785,0.9146559823634037,5080.457656443265,yes
58,technician,single,high.school,no,no,unknown,telephone,apr,fri,3710,6,7,0,nonexistent,0.8596138755244103,92.0117783267729,-34.24322810793772,3.845410600008088,5039.163385056677,yes
32,services,married,basic.6y,no,no,no,cellular,nov,wed,154,9,999,6,nonexistent,-0.05102553060059826,93.62960689438671,-31.32629405423776,2.3299279181607204,5094.5892326975145,no
61,services,single,basic.4y,yes,no,no,cellular,dec,wed,2537,8,8,5,nonexistent,0.9485823840138958,93.47390943149777,-43.644218707069804,2.6482849404058877,5081.8307890289,yes
63,admin.,single,high.school,no,unknown,unknown,telephone,nov,fri,1409,29,9,5,failure,-0.7487490221809624,92.4588890510077,-44.48296308503909,2.211804385400683,5213.324490234461,yes
75,blue-collar,married,basic.6y,yes,no,unknown,telephone,dec,fri,784,14,16,5,success,-2.560705307165502,92.95011445119883,-32.90433594999542,2.369008768963207,4968.5981313535485,yes
39,admin.,single,basic.4y,yes,no,yes,cellular,jul,mon,3175,22,2,0,nonexistent,-2.2178042223412304,94.62981758823017,-39.627856934997325,0.623430907043413,5068.065272244543,yes
67,admin.,single,university.degree,yes,yes,yes,telephone,feb,tue,3464,6,22,3,nonexistent,-2.5532292890505923,93.817182048372,-41.100056820523655,0.7150571188225952,5053.791672887865,yes
69,management,divorced,university.degree,yes,yes,unknown,cellular,oct,wed,3882,9,20,4,success,-1.7908069604499117,94.4163988688466,-46.96116174490113,4.093319416812082,5022.701527238281,yes
23,management,single,high.school,no,unknown,no,cellular,apr,mon,245,28,21,2,failure,-1.1078264794218735,94.34727239377752,-40.423710920837635,1.5393340732976992,5108.081770353364,no
21,self-employed,divorced,basic.4y,no,no,yes,telephone,nov,mon,3247,20,12,5,failure,-2.1715288355649482,94.5778464754234,-33.44556040751465,3.2721084253879904,5126.0190245278945,yes
75,blue-collar,single,basic.6y,no,unknown,unknown,cellular,mar,wed,3110,25,7,3,nonexistent,-1.116953195243876,92.11631394430852,-40.031793270432004,3.4746318307716346,4966.299574479875,yes
40,blue-collar,single,high.school,unknown,no,no,telephone,oct,tue,1500,11,19,6,nonexistent,-1.6510812039672735,92.73491842540092,-29.94174392596055,3.671117233351625,5142.444242095136,yes
61,blue-collar,divorced,high.school,unknown,unknown,yes,telephone,aug,fri,1705,11,13,6,failure,-0.7343331298327591,93.16360452170109,-50.699401743031785,3.228303498629647,5064.8154857164955,yes
62,blue-collar,single,basic.6y,yes,no,unknown,telephone,jul,wed,2806,8,29,2,nonexistent,-1.3431338873648608,93.79227343844147,-46.49880154434434,3.3666620148691098,5207.740574627731,yes
36,blue-collar,divorced,basic.4y,yes,yes,unknown,cellular,mar,tue,537,3,19,1,nonexistent,-1.316354523610141,93.70275485576526,-36.11066386695432,3.158620769792559,5160.259565938617,no
71,admin.,single,basic.6y,yes,unknown,no,telephone,apr,fri,1890,11,7,5,nonexistent,-1.045018316912331,92.68909726377059,-34.73963666476097,4.683986114208786,5099.502078337597,yes
62,admin.,divorced,university.degree,yes,yes,no,cellular,apr,thu,1841,4,18,2,nonexistent,1.3418011067854767,92.53985104727056,-44.21073261939056,3.5241749463098713,5215.273205873395,yes
48,self-employed,divorced,high.school,yes,no,unknown,cellular,dec,wed,920,23,12,5,nonexistent,-0.7285674481125278,93.22475296851226,-28.288795306622994,2.1529138327002513,5145.418424018821,no
61,services,single,university.degree,unknown,unknown,no,telephone,oct,wed,2455,3,5,0,nonexistent,0.07202111968849373,92.70173420732996,-42.897628821678275,2.1692000818208985,5177.332779495726,yes
69,services,single,high.school,yes,yes,unknown,cellular,jul,tue,524,13,3,3,success,-1.3996211618865975,94.70231318315318,-40.97255422174069,0.9502697750935093,5216.558601491553,yes
20,self-employed,divorced,basic.6y,no,yes,no,telephone,aug,mon,2875,19,5,5,nonexistent,-1.8359245248088087,94.70328572840286,-27.46455657992528,4.963855224142975,5199.094513063002,yes
45,self-employed,married,basic.4y,yes,yes,no,telephone,apr,mon,1529,8,19,3,failure,0.9995705494121743,92.31738761394378,-39.34734994147721,4.5193687324811185,4982.292868256154,no
20,technician,single,basic.6y,no,no,yes,telephone,aug,tue,2950,21,1,4,nonexistent,0.16332957377287313,93.97426263341988,-36.1524799088929,0.7895031575716195,5019.202624891535,yes
31,admin.,single,university.degree,no,unknown,yes,cellular,jan,wed,3896,28,9,1,nonexistent,-0.604337124362975,92.63903822072669,-37.889735662753914,4.391827390721356,5130.123186230088,yes
35,blue-collar,married,basic.4y,no,yes,no,telephone,sep,wed,35,21,10,6,success,-1.7851297905141081,94.0088099851776,-46.55762827518025,1.209066208936946,5006.162519330384,yes
44,technician,married,basic.4y,no,no,unknown,telephone,jul,wed,684,24,10,6,nonexistent,-2.16227068540614,94.14789861435953,-27.103121615372203,1.6518153493034895,5086.525386269352,yes
68,management,divorced,high.school,yes,no,no,telephone,apr,thu,19,22,2,4,nonexistent,-2.190055937261215,92.13486735111891,-49.38815258388355,3.595456445663807,5090.606952046605,no
78,admin.,single,basic.4y,yes,no,yes,cellular,aug,mon,2368,21,10,4,nonexistent,-0.9820919814901001,93.9469753197058,-27.294454810388068,3.812943626987918,5086.086928339029,yes
77,self-employed,divorced,high.school,yes,unknown,unknown,cellular,dec,thu,3847,1,7,1,nonexistent,0.7991382372754754,94.51103156588516,-39.61490265746442,2.8252988486412116,5181.151756626071,yes
79,services,single,basic.4y,yes,no,no,telephone,oct,wed,2559,21,28,0,failure,0.8290295375493,92.60564673016718,-46.268406847744316,4.858071529638009,5093.058314833916,no
27,admin.,married,basic.4y,yes,no,no,telephone,feb,mon,399,8,16,3,success,0.1759292660334466,92.3235894639842,-46.8103540137316,2.7543059166377666,5193.372757111585,yes
66,self-employed,divorced,high.school,unknown,unknown,no,telephone,aug,wed,2701,9,26,2,nonexistent,-0.7960423939185794,93.58710870686176,-35.13163425468203,1.7367852405000512,5168.211970993609,yes
32,admin.,single,basic.4y,no,unknown,no,cellular,oct,wed,971,6,25,1,nonexistent,-2.2724332588470877,93.44888590323056,-33.811691568937945,0.6398635265129652,5133.528543854879,no
36,admin.,single,basic.6y,no,no,yes,cellular,jun,tue,1906,11,21,4,nonexistent,-1.1015084182682562,94.48015574163462,-29.32120133887019,4.416123513512626,5116.480666770269,yes
26,admin.,married,basic.4y,unknown,no,yes,cellular,jul,mon,2518,29,24,6,failure,-0.06533175069658202,93.2630405130711,-45.14719319836358,2.3393620356090983,5025.026560035572,yes
21,management,married,university.degree,unknown,yes,yes,telephone,jul,wed,1166,29,999,2,nonexistent,-0.5439200831193179,93.15793865113905,-40.446246856265326,4.0431656818944575,5166.752447274617,no
32,services,single,high.school,yes,unknown,yes,cellular,feb,fri,1115,10,15,5,nonexistent,-0.9326361989153827,93.99911617124707,-27.58851433002097,4.004956507356249,5176.375424447023,no
68,admin.,married,high.school,yes,unknown,unknown,telephone,nov,fri,3425,3,28,1,nonexistent,-1.3445842262400278,92.21679834973374,-40.57073711246252,0.7916935653683035,5093.042947014058,yes
65,self-employed,married,basic.6y,no,yes,unknown,cellular,feb,wed,833,8,19,5,nonexistent,0.2120686233879281,92.15972135001073,-39.81600541482456,4.214925392352419,5021.889570413235,no
25,management,divorced,university.degree,yes,no,unknown,telephone,apr,tue,1823,29,6,1,nonexistent,0.6427285934638948,93.41376983758695,-43.90411609547837,1.8722503592569206,5164.647626207045,yes
66,technician,single,basic.4y,no,no,no,cellular,jun,wed,2774,5,21,0,failure,0.06997393798521895,92.24928840999469,-29.98426803554343,4.301415694413967,5175.234030276338,no
70,admin.,divorced,basic.6y,yes,no,unknown,cellular,apr,fri,1982,2,21,5,nonexistent,1.1020521792223543,94.62956800400555,-42.06163698052059,2.7655565116881458,5113.603975699333,yes
18,management,married,basic.4y,yes,no,yes,cellular,jun,mon,853,16,24,0,nonexistent,0.34339276015677683,93.83187549318953,-35.61057464317503,3.203000172763581,5147.998465330537,no
24,blue-collar,single,basic.6y,no,yes,yes,cellular,may,tue,50,1,7,3,failure,-1.2370967103401684,94.11021586479113,-46.435875935604216,1.0460305356993018,5168.23589647627,no
70,technician,married,high.school,unknown,unknown,no,telephone,jun,wed,3736,27,12,3,failure,-0.43958326682674653,92.64084373884391,-36.08374973616958,2.268871472399262,5040.722795097379,yes
48,services,married,university.degree,unknown,unknown,unknown,telephone,sep,fri,3769,24,28,2,nonexistent,-0.979037440866542,93.38327372776274,-28.478234230191322,4.871934631087165,5038.379668163726,yes
35,admin.,single,high.school,yes,no,no,telephone,jun,mon,574,2,4,3,nonexistent,-0.7776481747077835,92.37476934948762,-32.2337269431129,4.67391805888793,5150.863265047012,yes
29,admin.,married,basic.6y,unknown,yes,no,cellular,jun,fri,3261,27,26,5,nonexistent,0.8993593471437181,92.56869027503066,-49.18215214400427,4.974485857716394,5099.131873800299,yes
65,management,divorced,basic.4y,yes,no,unknown,telephone,nov,tue,1148,3,29,5,nonexistent,-1.9558791218125833,93.59098473790858,-35.64826703054377,2.84494881251953,5099.108426002831,yes
47,services,single,university.degree,unknown,no,no,cellular,nov,thu,2197,9,27,1,nonexistent,-3.3371449860982128,92.78375509613868,-37.447710393112075,4.200406648023074,5217.181551547273,yes
50,blue-collar,married,basic.4y,unknown,yes,unknown,cellular,aug,wed,2361,17,26,1,nonexistent,-0.06089535921551711,94.56795889415808,-42.70806801385633,2.602215795429607,5175.026486551405,yes
76,technician,married,high.school,no,yes,unknown,cellular,may,mon,2617,24,17,1,nonexistent,-2.5311343252682432,94.7866803035895,-30.659409538595305,4.7421656976939826,5031.320924788729,yes
64,self-employed,married,basic.4y,unknown,unknown,no,telephone,may,tue,3413,12,11,5,failure,-2.659684401801919,92.01099472113971,-31.878185738778466,4.938358202605032,5071.086757949089,yes
24,services,single,basic.6y,yes,unknown,yes,cellular,oct,tue,2352,2,15,1,nonexistent,1.3638857988927264,94.1254766941868,-35.298314240314916,4.462288609161986,5183.141153877858,yes
45,admin.,divorced,university.degree,no,no,unknown,cellular,nov,thu,1715,24,2,0,nonexistent,-2.119478768983189,92.3229403134618,-33.01405578268251,3.3331183640138593,4982.966412551912,yes
66,management,married,university.degree,unknown,no,yes,cellular,jan,thu,681,2,11,1,nonexistent,-2.421914754070865,93.60894424502997,-46.183417710346106,4.951397317450243,5048.516107353379,no
20,blue-collar,married,university.degree,no,unknown,yes,cellular,jun,wed,837,23,25,1,success,-2.483280271778009,92.63975393437214,-28.803266029226954,4.928467964393444,5053.453712547449,no
60,management,married,basic.6y,unknown,yes,unknown,telephone,jan,wed,3854,19,18,1,failure,-1.4207030076523708,94.70164700228513,-34.8340296880454,2.6903478954344426,5066.820649977975,yes
23,technician,single,basic.4y,yes,no,yes,telephone,nov,tue,1077,20,19,4,failure,-1.4347944339019243,94.45225956878376,-39.61916566565257,1.9365942193779446,5032.141730793964,no
48,services,married,university.degree,yes,no,no,telephone,aug,wed,3050,28,17,5,failure,-0.3640023943437971,93.66711417229111,-46.18471240958412,1.4246512764094528,5133.382430363561,yes
55,management,married,high.school,no,yes,no,telephone,oct,wed,2491,27,7,5,success,-2.9025342846646507,92.49284647883974,-34.481955691775156,3.5788546322050596,5068.091709535764,yes
32,self-employed,married,high.school,unknown,no,yes,telephone,sep,thu,2660,17,23,2,nonexistent,-0.3498644325292027,94.1915075677969,-48.488463522439126,0.7531096612617912,5107.026283722819,yes
24,self-employed,single,high.school,unknown,yes,no,cellular,jun,tue,3040,28,29,5,nonexistent,-1.222562081382629,93.45683445531645,-43.15802992785789,3.9608424451161865,5035.700735468525,yes
60,management,divorced,high.school,no,unknown,unknown,telephone,sep,fri,2311,26,12,6,nonexistent,-2.4032603516825457,93.71237682814483,-37.086619964662084,0.8258099168719946,5191.416993692231,yes
47,admin.,single,high.school,no,unknown,unknown,telephone,feb,fri,3124,17,27,2,failure,0.3354610686307669,94.01024102046397,-35.358325785131086,1.767636550075889,5018.026634935107,yes
44,management,divorced,basic.6y,yes,unknown,yes,telephone,sep,mon,1595,13,7,1,failure,-1.1244980368534807,93.16572960609302,-50.385808709703056,2.791188064664439,5195.650179006521,no
34,blue-collar,divorced,basic.4y,no,unknown,no,telephone,apr,thu,3051,12,9,5,nonexistent,0.04189395803380296,92.02166915545598,-50.58944131128599,1.0287048976696669,5010.9694487963925,yes
72,services,single,basic.6y,unknown,unknown,yes,telephone,mar,mon,3691,11,13,1,nonexistent,1.0187339587786794,93.01968059468173,-48.13606854840104,0.7597097449602889,5061.499338399911,yes
35,technician,married,high.school,no,no,no,cellular,jan,tue,4,26,14,2,nonexistent,-1.703657040547233,93.15815328280654,-32.4369363120949,2.711130373372504,5169.68834932381,no
39,self-employed,divorced,high.school,yes,unknown,unknown,telephone,jan,fri,1126,28,20,3,success,0.9099413515185709,93.02739121582815,-37.246249897496035,4.501727439604423,5093.907350503913,yes
78,management,married,university.degree,no,no,no,cellular,aug,fri,1219,11,14,4,nonexistent,-2.4383608782223023,94.32695373843475,-36.25890855928914,2.396583471769679,5026.338503408257,no
73,blue-collar,divorced,university.degree,unknown,no,no,telephone,feb,fri,773,24,25,4,nonexistent,-2.333773948309879,92.9305862069132,-36.37804384826762,1.4812291144166547,5139.075836613634,no
78,self-employed,married,basic.4y,no,yes,yes,cellular,jan,mon,876,8,5,5,nonexistent,-0.214251701097302,93.16574450739186,-49.920067195741,2.3967429970012764,4997.369201561621,no
70,self-employed,married,basic.4y,no,no,unknown,cellular,feb,wed,991,18,13,3,nonexistent,-2.907367961944273,92.17248935003728,-46.68252044205315,3.7795916968429286,5020.546410939111,yes
43,technician,single,basic.4y,no,no,no,telephone,mar,mon,2931,4,5,1,failure,-1.2170559554515212,94.00720195446276,-33.40399476181753,0.7819956096938154,5031.50592816428,yes
68,self-employed,married,basic.6y,yes,unknown,unknown,telephone,apr,fri,3421,18,22,2,nonexistent,-2.373605080506456,92.60317253766307,-35.36733801943422,0.735279975133403,5118.188093263543,yes
44,blue-collar,divorced,university.degree,yes,unknown,no,telephone,nov,thu,46,29,999,6,failure,-0.6598895524970242,92.65803233101892,-40.15756560981285,2.636240626535216,5109.6671502248,no
57,self-employed,married,basic.4y,yes,yes,unknown,cellular,sep,thu,2914,15,9,4,nonexistent,0.472748001172461,93.64319166078872,-50.31245096891377,3.577454629836713,5101.018639829699,yes
41,self-employed,married,university.degree,yes,yes,no,cellular,jul,mon,2870,24,18,3,nonexistent,-3.1963625928754507,94.75394969159181,-40.83741794576349,3.3005315326590035,4989.364209642562,yes
69,management,married,university.degree,unknown,no,unknown,telephone,dec,mon,2983,7,10,6,nonexistent,-1.4161119095224015,93.14840510170986,-44.8738952715665,3.4064136012728303,5169.939484366164,yes
25,management,divorced,university.degree,unknown,yes,no,cellular,may,tue,3891,23,2,3,failure,0.10722854945553517,92.91604108808016,-34.13526510873861,1.329158857658963,4998.457216901508,yes
38,services,divorced,university.degree,yes,unknown,unknown,telephone,may,mon,2703,26,26,0,nonexistent,-1.7571793464630512,92.10137755547586,-31.09022162060923,2.9704353550864786,5211.899461010838,yes
46,admin.,divorced,university.degree,yes,unknown,no,cellular,jun,mon,268,15,22,5,nonexistent,-3.19981094753209,94.20464683593775,-38.759022803287145,2.262860034533381,4980.849663119298,no
60,blue-collar,married,university.degree,yes,unknown,no,telephone,jan,fri,369,19,29,3,nonexistent,-0.5613744936268755,92.73160490068604,-41.155738314988064,1.086179626095591,5196.350189454998,no
38,admin.,single,basic.6y,no,no,unknown,cellular,jun,wed,635,28,5,0,success,-2.8232102984588536,94.15275193927371,-44.27428710596635,1.1634757168045613,5042.361691085045,no
20,admin.,divorced,high.school,unknown,no,yes,telephone,nov,fri,1129,27,8,0,nonexistent,-1.624385427859217,92.79034327135868,-48.58660291702006,3.4395110256058348,5148.704809771728,yes
48,self-employed,married,university.degree,no,yes,no,cellular,jun,wed,1693,21,24,5,failure,1.3545593041614934,92.08368908930879,-41.91521520662878,4.8117708038958265,5051.735983073645,yes
72,technician,divorced,basic.6y,yes,unknown,no,cellular,nov,fri,1682,17,8,4,nonexistent,-1.4895041497367913,93.39499250726283,-34.59503475357191,1.0677188841217005,5154.043846773142,no
44,technician,single,basic.4y,unknown,no,yes,telephone,may,fri,656,10,28,6,nonexistent,0.6457133421318074,94.53696250737573,-34.88074466194126,2.77751790562195,5090.863665813458,no
63,self-employed,married,basic.6y,yes,no,no,cellular,oct,tue,119,11,3,6,nonexistent,0.7270699250065991,92.5896548784975,-40.93461735740549,1.6908762820270178,5102.93204656417,no
44,blue-collar,divorced,basic.6y,no,yes,unknown,cellular,sep,wed,830,14,2,1,nonexistent,-2.1384103864474637,92.43097637180142,-27.7131166924664,1.8390762178030688,5153.096901637521,no
26,admin.,divorced,basic.6y,unknown,unknown,yes,telephone,oct,fri,1810,4,19,1,nonexistent,-0.5415760966692601,92.51739699261908,-28.332213069506356,1.58759877332587,4998.929112158639,yes
74,services,single,university.degree,no,unknown,no,telephone,oct,fri,3675,4,18,3,nonexistent,1.147801586574075,93.93277434402539,-29.87194654212576,3.0010425122385476,5034.048452631339,yes
50,admin.,divorced,basic.4y,unknown,yes,unknown,telephone,may,wed,1081,1,22,2,nonexistent,-0.4896033731045245,93.02871172096745,-40.384422937114685,0.8495370987756186,5185.9772173285155,yes
50,technician,married,basic.6y,yes,yes,unknown,cellular,sep,tue,1974,12,10,6,success,0.5036208072409601,92.71697032201646,-32.957882311589664,3.866988519463509,5172.505410594947,yes
43,admin.,married,basic.4y,unknown,yes,yes,cellular,oct,wed,1369,7,18,6,nonexistent,-1.1796979689888232,92.94555312103388,-28.596904388326404,3.2696117952927524,5225.533570152622,no
45,management,single,basic.6y,no,yes,yes,telephone,jul,tue,740,5,16,2,failure,0.05277152288562213,92.86546848901571,-33.17047628264163,2.293256318657884,4969.671996176576,no
61,management,single,university.degree,no,unknown,yes,cellular,mar,tue,3545,1,7,0,nonexistent,-3.29511043182175,93.52257583439659,-43.2533210996849,1.5585411955677062,5001.208152663467,yes
60,services,single,basic.6y,no,unknown,unknown,cellular,nov,thu,116,21,5,6,nonexistent,0.37987260092747316,92.37333390996089,-49.174608986151476,2.9598050135672516,5052.819917723804,no
48,blue-collar,married,basic.6y,no,yes,no,cellular,sep,tue,1853,24,4,5,nonexistent,-0.17512271987825997,93.42441987679524,-27.903502728615962,4.802672171580876,5147.003757388663,no
70,admin.,single,basic.4y,yes,no,unknown,telephone,oct,thu,2838,26,7,3,nonexistent,-1.6775260354908117,92.8728952072874,-27.0810144016081,3.715667031007931,5047.0613605693325,yes
18,management,divorced,basic.4y,no,no,unknown,telephone,jul,mon,1150,8,26,3,nonexistent,-1.3984676300892567,94.6113681584664,-34.22197852309789,1.829164806308632,5055.107961279979,yes
37,blue-collar,divorced,basic.4y,yes,unknown,yes,telephone,apr,tue,3464,29,7,1,nonexistent,-1.832253247428585,93.18108611266425,-43.263063559517214,3.868838495990138,5023.757043539091,yes
29,management,married,high.school,unknown,unknown,no,telephone,dec,wed,1931,18,2,2,nonexistent,-0.8834243882955439,92.28002655693427,-30.125813596013415,2.81777997423592,5204.187315207893,yes
34,blue-collar,divorced,basic.4y,no,yes,unknown,cellular,sep,thu,1012,13,18,4,nonexistent,-2.8783569558711584,94.61410490623386,-28.0124387185612,0.8112776122833248,5108.428175114463,yes
32,blue-collar,single,basic.6y,unknown,no,yes,telephone,jun,mon,1664,17,15,6,failure,0.6555917045674681,94.62500038117018,-38.69601437477656,3.3171588871895605,5005.836462846104,no
51,management,divorced,high.school,unknown,unknown,yes,telephone,sep,mon,1081,2,9,6,failure,-1.1053423432711782,92.4913840894798,-43.35158236954505,1.629136460525946,5117.594556131646,yes
67,self-employed,single,basic.4y,yes,no,no,cellular,apr,tue,633,6,22,5,nonexistent,-3.1931095440127133,94.28598853863588,-41.08800211777148,2.402498990655544,5005.7896128561,yes
33,technician,divorced,university.degree,no,yes,no,telephone,oct,wed,512,29,2,3,nonexistent,-0.7457836438866312,94.41343433764519,-49.03503105266392,2.705257417808017,5035.5039816489025,yes
21,blue-collar,married,basic.4y,yes,unknown,yes,cellular,feb,tue,3822,21,8,3,nonexistent,1.0664822516570314,92.99567001810351,-37.28053376276458,4.116954667074097,5147.719312098465,yes
25,self-employed,single,university.degree,no,unknown,no,cellular,sep,fri,2849,4,7,1,nonexistent,-2.980189570889484,92.44660144733234,-41.745401576381084,3.152301061921991,5164.138572000569,yes
51,admin.,divorced,high.school,unknown,no,no,cellular,oct,mon,1119,8,7,4,nonexistent,-2.8086756862374136,94.23565612110917,-29.65947868954304,2.096424225032851,5078.151152379112,no
63,self-employed,married,university.degree,yes,no,unknown,cellular,dec,fri,3709,15,24,4,nonexistent,-1.541520241368279,92.07925704977444,-44.2142990644246,3.491893832180393,5007.8172475084375,yes
42,management,divorced,high.school,no,unknown,no,cellular,apr,fri,1141,5,7,4,nonexistent,0.13099645152719516,93.7343409414315,-50.59994902880717,1.4452183492866615,5019.550201300586,yes
32,self-employed,married,university.degree,unknown,no,yes,telephone,nov,thu,559,20,19,5,nonexistent,-0.4978147020383352,92.95753026672202,-33.18181449146402,4.2202879047122215,5106.325820761338,no
45,technician,divorced,basic.4y,yes,no,no,cellular,feb,fri,3672,29,6,4,nonexistent,-1.2017944464076795,93.66887488639584,-50.622940406575765,1.4862932789312493,5119.374944522865,yes
26,management,single,high.school,yes,yes,unknown,telephone,jul,mon,487,11,13,6,failure,1.365180276500958,94.20877302991993,-37.75129059789234,3.057540046060314,5193.35422005751,no
19,services,single,basic.6y,yes,no,no,telephone,jul,mon,3308,8,21,2,failure,-2.508192240856282,94.32046700173636,-46.46791095145682,1.5025638331236686,5034.522668901469,yes
34,admin.,single,basic.6y,yes,unknown,unknown,cellular,may,wed,3956,28,16,5,nonexistent,0.5444326156349425,94.79570846387574,-36.20954793341969,2.0324773187091445,5125.472062556527,yes
75,services,single,basic.6y,unknown,yes,no,cellular,may,tue,896,17,11,6,success,-2.805582635689149,93.79263097451317,-46.07056589797924,2.458949262102268,4964.301244064689,yes
27,self-employed,single,basic.4y,unknown,unknown,no,telephone,aug,wed,3343,9,4,0,success,-2.537886273873465,92.62569939888805,-38.80513693574117,2.216645964155979,5088.244318976255,yes
26,blue-collar,divorced,basic.6y,unknown,yes,yes,cellular,jun,wed,1212,18,1,6,nonexistent,-1.9818675252471338,92.7730865200258,-42.79185400795959,4.709012804215508,5068.898780619705,yes
48,self-employed,divorced,high.school,unknown,yes,yes,telephone,jan,tue,703,14,24,4,nonexistent,0.7908594505753473,93.2212062236168,-46.43693793056691,1.5833592845612945,4995.379545464683,no
19,blue-collar,divorced,basic.6y,no,no,no,cellular,nov,mon,1470,24,14,0,nonexistent,-1.2678124997457894,94.37571774767437,-36.305067437241675,1.3926592783650076,5199.33246582464,yes
41,services,divorced,high.school,unknown,no,no,cellular,dec,thu,580,9,10,0,success,-1.5002300257834906,93.02719407352629,-48.83497449263328,2.8771598998143166,4992.181640599329,no
79,services,single,basic.6y,yes,unknown,unknown,cellular,apr,fri,2837,10,14,6,failure,-1.044516201820132,93.9271558678546,-28.30684389187617,4.775230369302689,5033.812024096863,yes
36,blue-collar,married,university.degree,yes,no,unknown,telephone,jan,thu,2908,24,12,1,nonexistent,-0.37164960604311476,92.12624571442883,-32.20270344981483,2.8146467483226347,5157.740135473256,yes
34,technician,single,high.school,yes,yes,yes,cellular,may,fri,2294,25,18,4,nonexistent,-1.367227993460395,93.20416233013668,-28.910763771747533,4.821247698850131,5011.403965612765,yes
60,admin.,divorced,basic.6y,yes,no,no,cellular,may,tue,3147,20,11,2,nonexistent,1.2201521047742352,92.46767315114467,-49.78503257335728,1.437563776708514,4983.906229432366,yes
66,management,single,basic.6y,no,unknown,no,telephone,apr,tue,153,27,14,1,nonexistent,-2.750358832753378,94.62764026665126,-50.7488610282456,0.6451280707471213,5219.993853229385,no
27,services,single,basic.6y,yes,yes,unknown,telephone,sep,wed,1679,2,11,6,nonexistent,-1.1168017394692762,94.21601934645241,-42.24551257512516,1.932958900663471,5041.240479725129,no
67,admin.,single,high.school,yes,unknown,no,telephone,aug,tue,3506,3,22,1,failure,-1.4059213210871042,92.38847409105715,-36.06133513247429,3.408073458898502,4979.653098926264,yes
72,management,married,high.school,yes,no,no,cellular,oct,fri,996,29,17,6,nonexistent,-0.07500727463942083,93.12518375320101,-44.95894624505267,3.205020043518601,5000.904856241779,no
45,self-employed,single,basic.6y,unknown,yes,no,telephone,mar,thu,3157,24,22,0,failure,1.2228001291763115,92.22565681419877,-37.67111389857463,1.6635876450464546,5022.439668868008,yes
55,management,single,university.degree,unknown,unknown,unknown,telephone,may,thu,2744,5,28,3,failure,-2.0156182028552108,94.09036430829013,-36.31656107317133,3.5109262660010283,5217.094200616102,yes
65,services,married,high.school,no,no,unknown,telephone,jun,thu,3356,27,3,2,failure,1.1855672187613757,92.53582348278314,-47.17611482509205,4.253088196638626,4967.857285397449,yes
45,technician,single,high.school,no,no,unknown,cellular,may,thu,1243,4,10,5,nonexistent,0.5729582340652287,94.25213514162117,-32.423949265256354,3.6236640269526177,5173.293817367057,yes
76,technician,single,university.degree,no,unknown,no,cellular,aug,wed,1092,3,21,4,nonexistent,0.4902939769847362,92.2072634256977,-28.421016428507862,3.8025732415075204,5170.152199937842,yes
67,admin.,single,basic.4y,yes,yes,unknown,cellular,may,thu,3118,27,14,4,nonexistent,-3.0492354418850547,93.60428086807534,-35.50094717472953,1.9534698619689084,5095.752715331411,yes
69,self-employed,single,university.degree,no,unknown,yes,telephone,aug,fri,1008,19,24,2,nonexistent,1.114800572679057,93.70296338347994,-28.14641413673363,2.928516564913776,5210.352113589154,no
67,admin.,single,basic.6y,unknown,no,yes,cellular,oct,wed,2141,10,23,4,nonexistent,0.6268536629584873,92.93613726232246,-44.917402342411805,0.787903380170738,4967.153122631525,yes
18,blue-collar,divorced,high.school,unknown,unknown,unknown,cellular,oct,wed,1773,26,24,3,nonexistent,-0.11400100277146383,92.45978302400934,-49.92730247234056,2.179957890328319,5094.581890095214,yes
77,technician,single,high.school,unknown,no,unknown,telephone,mar,wed,957,7,29,5,nonexistent,-2.786275653110262,92.90672174634155,-44.88628939488346,4.18918010769092,5030.640387940108,no
20,admin.,married,high.school,yes,yes,no,cellular,may,tue,3059,27,4,3,nonexistent,-1.3838211554608946,93.38743291619033,-35.310141238332776,4.0764822009135795,5165.130352596028,yes
32,blue-collar,single,high.school,yes,unknown,unknown,cellular,apr,wed,452,12,4,4,nonexistent,0.6330956281429984,94.71350140465627,-36.51652539071858,4.73952017440121,5009.423316319566,no
69,self-employed,divorced,basic.4y,no,yes,unknown,telephone,nov,fri,1227,8,19,1,nonexistent,-1.2998493923971566,93.25143713643827,-44.409004328459055,4.862558178658561,5195.057643231065,yes
27,management,married,high.school,no,unknown,yes,telephone,jun,thu,2959,29,24,5,failure,-1.305015190993391,92.53026914347112,-41.04766965871693,4.879759075566574,5070.848405844081,yes
38,admin.,married,high.school,no,no,yes,telephone,mar,tue,2265,5,29,5,failure,-2.1033961221559263,92.07248144058592,-42.0135180981553,1.2924777292211147,4999.5367602358865,yes
54,blue-collar,single,basic.4y,no,yes,yes,telephone,dec,thu,2521,24,9,4,nonexistent,-3.154296395531114,92.02304240988707,-28.08482462398331,1.1307878162911678,4972.791278667334,yes
32,technician,divorced,basic.6y,yes,no,yes,telephone,oct,mon,2479,13,23,4,nonexistent,-0.9375816974259553,93.16686635916979,-43.287320337673215,4.450361993001302,5145.960096732325,yes
40,management,single,basic.6y,unknown,unknown,unknown,telephone,apr,tue,2388,9,21,2,nonexistent,0.31745356904424427,92.82966605252092,-46.18460252995955,2.285805052484539,5209.1767977143745,yes
31,admin.,divorced,basic.4y,yes,no,yes,telephone,nov,fri,550,4,9,3,nonexistent,-2.698857495660006,92.32222940473335,-37.281857735522,2.171606814628484,5220.130694657858,no
32,technician,divorced,basic.6y,no,unknown,no,telephone,apr,tue,1635,2,29,5,nonexistent,0.8901323228290978,92.48209113230214,-47.81670994639949,2.9481578752896436,5194.8600497007765,yes
27,management,single,basic.6y,yes,yes,no,cellular,may,wed,1312,5,29,1,failure,-0.7346368717492082,92.97973676161864,-38.66190969003623,2.5862148012193007,5066.632104314636,no
73,services,divorced,university.degree,unknown,no,unknown,cellular,nov,tue,3325,2,21,2,nonexistent,0.49903462699492507,93.92256443408442,-34.38202230852035,1.5813781789866168,5203.199787481357,yes
26,technician,single,university.degree,yes,no,no,cellular,jun,wed,1757,26,5,2,nonexistent,-0.19820861138275048,93.70684626464282,-28.256012185515296,4.316294661619425,5133.852724712951,yes
61,services,divorced,university.degree,unknown,unknown,yes,cellular,feb,thu,356,18,5,1,nonexistent,-2.7522610073540306,92.22387492598864,-29.475041054919217,4.600748547497917,4980.3473466011965,no
56,self-employed,married,basic.4y,no,unknown,yes,cellular,oct,tue,2070,6,22,1,nonexistent,0.9516426398970279,92.40047435026511,-30.694939789511842,3.8890280163001907,5008.793811893581,yes
22,admin.,single,high.school,yes,unknown,no,telephone,dec,tue,1785,26,5,2,nonexistent,0.047118813652540545,94.54352836281093,-41.38644064770037,0.8115173179158663,5065.455001331005,yes
42,blue-collar,divorced,basic.4y,no,yes,unknown,telephone,aug,fri,2569,11,23,4,nonexistent,-3.229220849306411,92.19902750733462,-29.434013439423325,1.118832734359222,5044.597372810253,yes
73,admin.,married,basic.4y,no,no,yes,telephone,apr,mon,1781,10,6,6,nonexistent,-0.6157876541019095,92.55684379490428,-33.672330366618986,2.1224488401003656,5052.459052875226,no
59,technician,married,basic.4y,unknown,unknown,yes,cellular,jul,tue,3908,1,17,1,nonexistent,-1.0953942084367527,92.89023810209845,-40.24750357512351,3.0495251329535034,5158.000071673156,yes
74,services,married,basic.4y,unknown,unknown,no,cellular,jul,thu,3171,2,25,5,nonexistent,0.7239395659579603,92.64433338974004,-37.31852596710884,3.2818641920611245,4979.173725646393,yes
43,services,married,university.degree,no,no,unknown,telephone,dec,wed,2849,21,3,0,nonexistent,-2.8106324236306635,92.81434734355673,-40.37695034873551,1.039979101428874,5123.830754982562,yes
25,management,single,basic.4y,unknown,yes,unknown,telephone,oct,thu,3251,10,13,1,nonexistent,-0.5639485796485545,94.03767318730776,-46.09677434823535,4.825061518236991,5052.641476406718,yes
39,admin.,divorced,university.degree,unknown,no,no,cellular,nov,fri,3294,5,10,5,success,-1.9106558088294054,92.26603679392397,-40.004670683507136,2.930109697827129,5196.996700213092,yes
69,admin.,married,high.school,no,unknown,yes,cellular,nov,tue,3977,26,6,2,nonexistent,-2.221029438432682,92.98625352330843,-31.502908666468475,2.499687088371876,4978.721042530567,yes
42,technician,divorced,basic.6y,no,no,no,telephone,feb,mon,2809,12,17,0,nonexistent,-3.2918303181355992,93.7128420133482,-44.42854544156022,1.4409184942429722,5220.6070379419725,yes
65,services,divorced,university.degree,unknown,unknown,no,cellular,jul,mon,3730,19,19,2,nonexistent,-1.8053038535201449,92.1367546675664,-35.49586219228331,4.783711328124971,4985.005151345096,yes
29,technician,divorced,basic.4y,no,unknown,no,cellular,dec,tue,2489,21,1,3,nonexistent,-1.4987397632704031,92.12402509673892,-37.57677030934976,2.5685416728449986,5078.518270936902,yes
26,technician,single,high.school,no,no,yes,telephone,jan,mon,1631,25,1,3,nonexistent,-1.2506238158987446,93.39598896552418,-28.8093973948239,1.118256026389367,5190.294695149004,yes
27,self-employed,single,basic.4y,unknown,no,yes,telephone,dec,thu,2816,2,29,4,nonexistent,0.1266640176974922,94.51950873571465,-32.966546207987456,3.3032055587897733,5048.742105474968,yes
65,services,married,high.school,yes,yes,no,cellular,feb,wed,1015,29,6,1,failure,-1.4629963301468227,93.24535165744908,-42.16274510641098,2.140670791007761,5188.447916421802,yes
27,technician,divorced,basic.6y,yes,unknown,unknown,telephone,may,tue,1348,6,10,6,nonexistent,-2.4628485697593474,93.1386050483733,-37.37473902913369,4.1551840235968225,5218.357684371997,no
26,services,single,high.school,no,unknown,no,telephone,aug,wed,515,15,17,6,nonexistent,-1.4888980757060177,92.02844182172002,-29.022033178465087,3.0000491505346663,4996.066368137877,no
79,technician,single,high.school,unknown,unknown,yes,cellular,dec,mon,3087,8,19,2,nonexistent,-3.0660879717428755,94.05159187103227,-45.38711397336657,1.0650764944846662,5089.828836339561,yes
43,blue-collar,single,basic.6y,no,unknown,unknown,cellular,jul,fri,2839,16,6,0,failure,1.265956300384814,92.45943840689553,-39.459848697380686,3.9026641667000592,5024.6450899799565,yes
52,technician,married,basic.6y,unknown,unknown,unknown,telephone,mar,wed,335,19,21,5,nonexistent,-3.082079638388903,93.9557822197585,-45.50183311837584,1.9405330847510243,5166.480212157281,no
44,technician,single,high.school,no,no,yes,cellular,oct,fri,1782,18,19,1,nonexistent,-2.4309239031996235,92.97581752838393,-40.79965611071116,2.396273624774156,4992.163116104123,no
77,blue-collar,divorced,basic.4y,no,unknown,yes,telephone,sep,thu,2305,27,24,4,nonexistent,-1.3454481451077815,92.12596786264997,-49.40846474827356,4.01283485842995,5168.521201938641,no
48,admin.,single,university.degree,unknown,no,no,telephone,dec,fri,496,17,4,2,nonexistent,1.0803479824411417,92.9181219902461,-29.864306357410467,1.068394029811859,5142.248391945007,yes
36,services,single,basic.4y,no,yes,yes,cellular,may,wed,895,29,1,5,nonexistent,-2.542061616581572,93.8467689429838,-27.419926539429614,4.902228418399674,5130.589985069835,no
60,management,married,university.degree,yes,unknown,unknown,telephone,mar,wed,2207,1,13,5,nonexistent,-1.4810632435440563,94.15134823271349,-37.229378323988755,3.6891798018336663,5078.475200841519,yes
55,blue-collar,divorced,basic.6y,yes,yes,no,cellular,jul,tue,3546,11,6,2,nonexistent,1.348721879375788,93.77952348394922,-37.55763275385089,1.4474125414358345,5096.266716631957,yes
23,admin.,single,basic.4y,unknown,no,no,cellular,apr,fri,851,4,9,3,nonexistent,-0.5101713943845486,93.99097019046742,-27.955820970594957,0.8557509237358418,4990.157961528425,yes
32,technician,divorced,basic.6y,no,no,unknown,cellular,jan,thu,1687,28,27,4,nonexistent,-0.45000028642392176,92.6605595448104,-41.401523698337456,2.9959562251282543,5034.98511625054,no
46,self-employed,divorced,high.school,yes,yes,yes,cellular,may,tue,1931,6,17,5,nonexistent,1.275820963792478,94.7026949015949,-35.95592980632106,2.268734987415508,5205.191561111452,yes
64,admin.,single,high.school,unknown,unknown,no,telephone,nov,tue,2737,7,7,2,failure,-0.9707286855071647,92.63534939211041,-30.78945938611485,0.7298213630854726,5080.501949920678,yes
62,blue-collar,married,basic.4y,unknown,no,unknown,telephone,aug,thu,3746,29,22,3,nonexistent,-3.3877084262353274,92.47627742441118,-38.71271516328118,3.2805625093825688,5070.155633960678,yes
71,self-employed,divorced,basic.6y,unknown,no,unknown,telephone,dec,tue,2427,8,15,6,nonexistent,-3.2512977113533235,92.699472881392,-45.5061953232081,1.9584928635880332,4976.120142320836,yes
22,technician,single,basic.4y,yes,no,unknown,cellular,apr,thu,1568,24,13,6,nonexistent,-0.12928895924174744,94.72175449710643,-31.376433694813592,2.0167235919693627,5197.501402439425,no
31,admin.,divorced,basic.4y,yes,no,yes,telephone,jul,mon,956,10,27,3,nonexistent,-2.3847461032929043,92.18187013864919,-44.31986283624123,1.313555934685857,5162.876456959543,yes
70,management,divorced,university.degree,yes,no,yes,telephone,aug,tue,2738,17,8,0,failure,-1.1032924682748897,94.16564682614374,-30.63375552833352,1.2176643328787695,4987.841155058571,yes
19,services,divorced,high.school,yes,no,yes,cellular,sep,wed,3498,12,5,5,nonexistent,-0.7534131699809274,92.29480220897776,-28.22374793339507,1.2351048857522455,5003.324924706199,yes
79,services,single,basic.4y,no,yes,yes,cellular,nov,mon,1636,8,6,4,nonexistent,-0.1967194587144386,94.16521604511806,-37.74941262593215,4.498664008123987,4996.3086960418805,yes
40,blue-collar,divorced,high.school,yes,unknown,unknown,telephone,sep,tue,1291,12,25,4,nonexistent,-2.9980160687221113,92.77566733764277,-49.62178746482718,2.9455427184060268,5136.370066755168,yes
61,technician,divorced,university.degree,unknown,unknown,no,telephone,may,thu,3906,26,29,6,nonexistent,0.248209675168254,94.0345448159131,-27.960734244419537,2.6654745697548563,5005.630846492938,yes
69,technician,married,basic.6y,no,unknown,unknown,cellular,jun,mon,3648,17,29,2,nonexistent,1.0168064718314132,92.13720167672919,-30.931349050444098,3.699658151974914,5226.803866822574,yes
63,services,single,basic.4y,yes,unknown,no,cellular,jul,mon,1440,3,8,6,nonexistent,-2.1724214240233675,92.93686715833249,-47.99511269181707,2.0069780039054197,5115.332853540461,yes
36,admin.,single,high.school,no,yes,no,cellular,oct,wed,1191,14,6,0,nonexistent,-1.5738588353980334,93.30094855252531,-35.757635584669686,4.21778762879623,5193.751083651439,yes
41,technician,divorced,basic.4y,unknown,yes,no,telephone,feb,tue,3913,12,8,1,failure,0.1703271467692932,92.05789018964991,-43.256868406855574,1.4676604136314373,5156.700642803786,yes
37,management,married,basic.6y,yes,unknown,yes,telephone,sep,tue,1066,5,23,2,nonexistent,-2.2074848191494607,92.50637536944673,-42.9051126357418,4.13171952597131,4970.07616754773,no
64,management,divorced,basic.4y,no,no,unknown,cellular,jan,thu,3627,13,20,3,failure,-0.7972260932500779,92.47263476263586,-36.93064995182399,0.8466080722803679,5074.989196374761,yes
44,technician,divorced,basic.4y,yes,unknown,no,cellular,jun,mon,284,11,6,1,failure,-0.2322551855468577,93.34792479428013,-33.78606780363438,1.2900934944825975,5059.248880024089,no
69,technician,single,high.school,no,no,unknown,telephone,jun,wed,2444,16,11,1,failure,0.8205150124020206,92.37288443226838,-50.53151152795276,4.527679982801041,5215.453806812038,yes
41,services,married,basic.6y,no,no,yes,cellular,jul,thu,11,26,22,5,nonexistent,-1.7422444413473648,94.73607594979833,-47.15112048568212,1.0796368489925598,5053.0947814700285,no
34,blue-collar,divorced,university.degree,unknown,yes,no,cellular,feb,thu,1630,10,16,2,nonexistent,-1.035288490697353,94.48340346100431,-29.223044444121964,1.6804525196969236,5145.426198272227,yes
42,services,single,basic.6y,unknown,no,yes,cellular,jun,wed,3373,28,19,5,failure,-2.5139228476055555,92.6281415834059,-38.96969110998811,0.7878668014523635,5119.517403062273,yes
63,blue-collar,divorced,basic.6y,yes,yes,yes,telephone,jun,tue,3969,24,20,0,nonexistent,-1.9234697073981004,92.65578800223214,-39.04414198596933,3.234123956857131,5158.44121461301,yes
72,management,divorced,university.degree,yes,unknown,unknown,telephone,sep,wed,3324,8,11,4,nonexistent,-2.9443053149980805,94.65279697553844,-30.7164747937344,2.0419273928172026,4979.8066692342545,yes
48,blue-collar,married,basic.4y,no,yes,no,cellular,aug,tue,2546,6,21,0,failure,-2.451338823887746,92.83872385354799,-47.70793876390733,3.387340902741442,5209.793519364785,yes
45,services,married,high.school,unknown,no,yes,telephone,may,fri,753,20,22,2,failure,-1.738185628674427,93.18520894529296,-33.74342298445438,0.9774344701856306,5226.250727026192,no
67,technician,married,basic.4y,unknown,no,unknown,cellular,jul,mon,2082,20,4,4,nonexistent,-1.3634952511783818,93.9641422413108,-38.701207421923904,2.338463634789379,5110.230005831631,yes
76,blue-collar,divorced,basic.4y,no,no,no,telephone,jul,wed,2774,24,17,1,nonexistent,-0.006987958043967028,92.96330251652061,-33.07602575403059,2.2353799567338535,5007.064336490014,yes
45,services,married,university.degree,unknown,unknown,no,telephone,may,thu,2896,27,4,6,nonexistent,-1.1994451779328978,94.52687899499715,-34.565510967347315,2.9620606032989447,5193.566217236285,yes
39,management,single,university.degree,unknown,yes,yes,cellular,jul,tue,89,3,4,6,failure,-3.1645641171522803,93.64930144346806,-34.871022516234355,1.898145905983115,5134.816050303714,yes
73,self-employed,divorced,basic.4y,no,unknown,yes,cellular,mar,mon,775,24,6,3,success,0.2275778174403038,93.58826035489615,-30.340694746798793,4.932925456920993,5128.631236645819,yes
76,blue-collar,married,basic.6y,yes,yes,yes,telephone,jul,mon,2652,20,28,5,nonexistent,-0.8425752172444003,93.5520272301621,-37.636359299607044,1.9905340369655329,5197.659347378007,yes
22,management,divorced,high.school,yes,unknown,yes,telephone,jun,wed,3993,10,2,0,nonexistent,1.1091606039779325,92.3137322139686,-41.052393532215355,3.664033406898253,5157.075053324808,yes
71,management,divorced,basic.6y,yes,unknown,no,cellular,dec,thu,3017,25,999,5,failure,-0.35084769040489194,94.21323722569281,-46.05596081404393,2.2117215106965364,5206.878114800706,yes
61,admin.,single,basic.4y,no,no,yes,cellular,jun,wed,1625,28,27,5,nonexistent,-0.8371273407856016,93.60191818858284,-42.57895326616352,2.9479895828202216,5216.88100601524,yes
59,self-employed,single,basic.4y,yes,unknown,yes,cellular,feb,thu,3069,18,5,6,nonexistent,-1.9867414630701623,92.14985369129464,-30.008705978266367,1.597339120595828,5054.821045519648,yes
25,blue-collar,single,high.school,no,unknown,yes,cellular,feb,fri,417,10,27,4,success,-2.264990110481456,94.38100928087009,-42.73439490083567,1.360281301345311,5015.9480980097505,no
78,services,divorced,basic.6y,no,yes,no,cellular,jul,wed,114,13,6,0,nonexistent,-2.2958378506094523,94.04248284923196,-27.24837256905768,4.878523515173779,5065.5525464287275,no
55,blue-collar,divorced,basic.4y,unknown,unknown,unknown,telephone,jan,tue,616,14,26,4,nonexistent,-1.4458104343840599,92.80888970393572,-36.269082347698614,2.980132785959644,5219.505863931848,no
45,blue-collar,single,basic.4y,unknown,no,unknown,cellular,sep,wed,3974,1,25,3,nonexistent,-2.5774171993220727,92.80090995820012,-31.322269924315613,2.6275707406951243,5014.226495087667,yes
74,self-employed,divorced,university.degree,yes,unknown,no,cellular,mar,wed,3267,20,7,5,nonexistent,0.652207065119645,93.4132048798553,-39.011054797220325,3.422922599345416,5119.947813019643,yes
64,management,single,high.school,no,yes,unknown,cellular,jun,fri,825,15,13,2,failure,0.4649475182300795,92.02024904587783,-35.156148978751546,1.583191716630721,4985.88408601844,no
29,management,single,university.degree,yes,yes,no,telephone,mar,fri,3572,25,22,6,nonexistent,0.09846869039218435,94.2669378618635,-27.150228792849646,4.216680173770449,5183.792502457166,yes
74,management,married,university.degree,yes,unknown,yes,telephone,dec,wed,1649,12,14,2,success,-3.165996309514873,94.63772734504575,-38.843549144470515,1.6922378870559025,5140.340579812944,yes
42,management,single,university.degree,unknown,unknown,unknown,telephone,sep,thu,1516,16,6,4,nonexistent,-3.0548518215686524,93.2504865056114,-44.50571532189659,2.9871306245523916,5101.698152291503,no
55,self-employed,married,basic.4y,yes,yes,no,cellular,oct,fri,3146,7,6,4,nonexistent,-0.34515864531345886,93.50240754778541,-35.26793346592731,1.159593876692449,5130.232726946282,yes
61,services,single,basic.6y,yes,no,no,cellular,dec,fri,412,14,999,2,nonexistent,0.19504773070947734,94.26739732964026,-28.82138640185406,3.1280903551883767,4994.559704692037,yes
32,technician,divorced,university.degree,unknown,unknown,yes,telephone,jul,thu,3447,9,8,1,nonexistent,-3.2717634838457252,92.77727710125735,-50.388953087218084,2.7250078455572084,5191.4511564075365,yes
61,admin.,married,basic.6y,yes,no,no,telephone,jan,mon,3491,9,24,6,nonexistent,-2.0055989452073537,93.37684534573545,-27.077921060659673,1.8348452794765089,5053.567300666091,yes
58,management,divorced,basic.4y,yes,no,unknown,cellular,apr,fri,728,10,6,1,nonexistent,-2.7458406922527936,92.3107833494433,-37.785293609164334,1.9531139888741418,5008.333087378043,no
68,management,divorced,university.degree,no,unknown,yes,telephone,may,fri,3348,9,24,6,nonexistent,-2.28986087561195,93.96534167866179,-31.69327914119045,0.6431705100328282,4967.51324315654,yes
70,admin.,single,basic.4y,yes,no,no,telephone,jul,thu,3068,25,26,1,nonexistent,-0.9117903846126554,94.21999394440154,-47.97449847082016,0.7201931582456628,4979.655648828098,yes
51,management,single,university.degree,unknown,yes,yes,cellular,jul,thu,2808,16,19,6,failure,-2.875625429258585,92.18733578656628,-43.83309616341486,3.2437730973780776,5141.249911973445,yes
77,technician,divorced,university.degree,unknown,no,no,telephone,may,wed,675,23,6,3,nonexistent,-2.2967961704342175,94.47077459880317,-27.44589503886628,3.7608538780662375,5153.634582018823,no
62,blue-collar,single,basic.4y,no,yes,unknown,cellular,dec,wed,3465,8,17,4,failure,-0.6884397046727813,93.04865451490821,-43.91907878891831,3.006368308432635,5002.977426965392,yes
30,admin.,single,high.school,unknown,unknown,unknown,telephone,jan,mon,1892,28,13,0,nonexistent,-0.9610764442776475,94.58217851524923,-40.948059435370915,0.9604093860948024,5123.812264298785,yes
25,services,single,high.school,unknown,no,yes,telephone,may,mon,2504,2,21,0,nonexistent,0.7164368725711181,94.52048306779254,-44.09124254623425,4.739828922283113,5091.3574917037195,yes
76,admin.,divorced,basic.6y,unknown,yes,no,cellular,may,mon,2967,25,14,4,nonexistent,-2.67721732811721,94.2145191377357,-39.603624753479345,3.739101524399854,5211.486545022869,yes
30,technician,married,basic.6y,yes,yes,yes,telephone,apr,tue,2239,18,17,2,nonexistent,-1.6245532686924762,94.32441887860648,-46.998620594749084,1.6444489816880061,5139.5462881255535,yes
53,self-employed,married,basic.4y,no,unknown,yes,cellular,jun,thu,2786,24,9,4,nonexistent,1.036926592501384,92.81024552477751,-38.63853920410306,3.5545446593565178,5101.227447260246,yes
23,services,divorced,basic.4y,no,no,unknown,telephone,aug,fri,3760,18,2,1,failure,0.4198316240337218,93.02840279374293,-43.66729146633868,1.0904138781801436,5038.658888468442,yes
55,blue-collar,single,basic.4y,no,yes,yes,telephone,oct,thu,1122,27,26,1,failure,-0.5326848098752288,92.67217191873546,-31.318499265685254,4.029309311019987,5085.744680986147,no
49,management,single,high.school,no,yes,no,cellular,may,thu,1571,12,28,0,nonexistent,0.29116414516273176,92.99261322196259,-41.48464662268442,2.716066477273676,5028.958394670538,yes
38,admin.,married,high.school,unknown,unknown,unknown,cellular,aug,mon,977,24,10,4,nonexistent,-1.2477722497352917,93.57333444182643,-31.853985094949994,2.4012212251609744,5143.033786758649,no
61,services,divorced,university.degree,yes,no,no,telephone,dec,thu,1008,3,999,0,failure,0.9712984481027193,94.41928526350637,-35.46206451499698,0.6402437885301681,5120.735099206927,yes
61,admin.,divorced,university.degree,unknown,no,yes,cellular,may,tue,2143,2,22,2,nonexistent,-0.5216490921118545,93.53211353082757,-28.92924769324305,3.4708937165060485,5041.965672459907,yes
66,blue-collar,single,basic.4y,unknown,yes,unknown,cellular,mar,fri,1687,6,27,5,failure,-0.06094834249480424,93.95072121850296,-31.426086129232203,4.247605498013762,4966.792727347142,yes
76,admin.,single,basic.4y,unknown,no,no,cellular,aug,mon,2710,6,1,5,failure,-0.2704668103150269,92.38021384335308,-29.26326583939965,1.8685072625251955,5223.546689892083,yes
24,services,single,basic.6y,unknown,no,no,cellular,dec,wed,3261,17,15,5,failure,-0.1707302416022465,94.63079045939408,-38.23715406905716,0.651782158647089,4977.61604412583,yes
43,technician,divorced,high.school,no,no,yes,telephone,apr,fri,3807,16,2,3,nonexistent,-0.3228974037603992,93.63289590573225,-28.968663756187667,4.011392824334158,5108.284752680523,yes
32,self-employed,married,basic.4y,no,no,no,telephone,mar,wed,36,23,27,6,nonexistent,-3.0459309029523784,94.17226692719112,-47.10172487602176,3.396924278899612,5188.958652206206,no
73,services,divorced,high.school,yes,no,yes,cellular,mar,wed,3851,28,16,3,nonexistent,-0.5015239860617623,94.79598457397069,-48.781895486723464,4.018310304488535,5127.874447697802,yes
66,admin.,divorced,basic.4y,unknown,no,yes,telephone,jun,thu,3440,13,2,2,nonexistent,0.3603172464885943,94.40723167334397,-38.22807803283618,2.9685930590147946,5118.843036621855,yes
59,blue-collar,divorced,university.degree,no,no,yes,telephone,aug,fri,3766,12,10,1,failure,-3.3980999373737864,93.41223257150092,-31.057449019358895,2.6281590002625532,5152.743809049681,yes
40,management,married,basic.4y,yes,yes,yes,telephone,oct,tue,1548,11,3,1,nonexistent,0.8800437346215847,94.43051392821273,-45.729010563630865,1.5651807732228724,5045.09918863431,no
69,management,single,university.degree,unknown,yes,unknown,telephone,may,thu,2326,15,29,1,nonexistent,1.1707218381121907,93.84499152095901,-27.65010273906294,0.9468877426250176,5066.660016206975,yes
55,blue-collar,single,basic.6y,unknown,no,no,telephone,jan,wed,2264,28,6,0,failure,-2.784686451070161,94.04405078661354,-46.37272304070235,2.6743607748682647,4985.95657495122,yes
58,admin.,divorced,basic.6y,no,no,no,telephone,jan,fri,2914,17,21,6,failure,-0.8317494203692407,93.78442544045062,-33.86207802445404,4.420949578574516,4964.842315642148,yes
32,self-employed,divorced,basic.6y,unknown,unknown,unknown,cellular,mar,thu,872,20,15,5,success,-2.8691368486714124,92.80537457029767,-28.928632181135544,0.8611244918609786,5033.575278449643,no
65,blue-collar,married,basic.4y,unknown,yes,yes,telephone,dec,fri,1821,29,16,0,failure,-2.041562285326751,92.93653629696847,-27.727899306003273,4.952017756127454,5178.96438047643,yes
70,admin.,married,basic.6y,no,unknown,yes,telephone,dec,mon,1296,22,10,3,nonexistent,-0.4168357681000565,93.56334904915242,-34.99225433810149,4.766763878501921,5125.369131471458,yes
57,services,single,basic.4y,yes,yes,yes,cellular,jun,tue,3952,24,3,1,nonexistent,-1.946307560554015,94.44741315579427,-37.076428438190945,3.4192478630891583,5000.475890893553,yes
33,self-employed,divorced,high.school,yes,unknown,yes,cellular,feb,tue,2109,27,24,1,failure,-1.6453592660459326,93.26712020631052,-48.62842052424397,4.6225274886811984,5076.400405879747,yes
49,technician,married,university.degree,no,unknown,unknown,telephone,jan,tue,595,27,2,6,nonexistent,0.18144745889332312,93.51358888291533,-50.32659389067917,3.0355228787865767,4968.765726112028,no
54,admin.,married,high.school,no,unknown,no,telephone,jul,wed,1903,8,21,5,nonexistent,-0.6400808408987839,93.03347039095792,-27.240355456394287,2.3801699730799317,5175.798287300118,yes
35,management,divorced,basic.4y,yes,yes,yes,telephone,dec,wed,728,26,26,6,nonexistent,-0.9133850488613232,92.05077930536217,-44.24262456890452,3.1154380850943655,5085.549975650789,no
37,management,divorced,basic.6y,yes,yes,yes,telephone,feb,tue,1365,7,15,2,nonexistent,-1.8439671600821612,93.80191042781934,-49.07346124838997,4.4568460534897065,5036.837633835143,no
63,self-employed,divorced,university.degree,no,no,yes,cellular,aug,fri,396,11,1,3,failure,-0.02007506063723511,93.5846199349273,-37.93034572654741,4.813091506704253,5166.77106894689,no
19,technician,divorced,basic.6y,no,yes,no,cellular,feb,mon,698,21,4,5,nonexistent,-1.3649602328703516,94.73911783734268,-43.32891908834143,4.2875845463063404,5220.257596817071,no
72,admin.,divorced,high.school,no,yes,no,cellular,nov,wed,3090,29,24,0,nonexistent,0.9143061209602805,93.42230699347495,-42.253509193452395,1.3905994706780291,5070.249964922076,yes
40,technician,divorced,basic.4y,unknown,yes,unknown,cellular,jan,thu,2224,22,27,3,nonexistent,-0.5123261659006257,93.4978537701468,-42.34505438115037,3.2036446536653456,5166.058547486524,yes
47,services,married,university.degree,no,yes,no,cellular,oct,thu,1635,8,17,5,nonexistent,-0.8160995172241228,92.79033350566208,-44.85632401794183,2.5569241137878294,5048.576017759008,yes
20,technician,divorced,university.degree,unknown,no,no,cellular,feb,wed,395,19,2,1,nonexistent,0.4550455642677757,92.27887744768168,-27.672452748335285,2.7175645127451253,5164.099365716136,no
63,services,single,basic.4y,yes,no,yes,telephone,feb,tue,2492,6,27,1,nonexistent,-1.0698823403812856,93.98120369374637,-44.46122303416129,2.484249066122869,5218.871089309373,yes
78,management,divorced,basic.4y,yes,yes,no,telephone,jul,fri,3304,20,1,0,success,-2.059416016009814,94.26356378298813,-37.4865120732403,0.8972511760633043,5135.617947732588,yes
56,services,single,university.degree,no,unknown,yes,telephone,jan,mon,3986,29,1,6,nonexistent,-2.6555343502363957,94.43515583625522,-45.09687582408635,4.321967616630403,5026.800916878297,yes
64,admin.,single,high.school,no,unknown,unknown,cellular,mar,thu,75,19,21,0,nonexistent,-0.7032713692236212,93.13196091729037,-32.59154204362307,4.904814132206767,5146.138893484025,no
66,self-employed,single,high.school,yes,yes,yes,telephone,may,wed,264,19,21,3,nonexistent,-1.3606883157930318,93.9699819356293,-45.32646615499384,1.5228231199806537,5186.999324581337,no
18,self-employed,divorced,basic.6y,yes,no,unknown,cellular,dec,fri,2502,4,20,4,nonexistent,-1.4925951816540275,92.73553788158482,-36.109744775342804,3.3366046487287258,5070.3822376513845,yes
58,admin.,divorced,university.degree,yes,unknown,no,cellular,jul,tue,1819,22,29,1,nonexistent,-1.722845489123431,92.70781527156058,-30.8683598672103,2.9609068270806165,5128.12070900106,yes
39,admin.,single,basic.4y,yes,no,unknown,telephone,jun,mon,717,15,1,1,failure,-0.1762613637396154,94.78803072367666,-44.307991406402444,4.54457866040701,5030.398788377529,yes
46,admin.,divorced,basic.4y,no,no,yes,telephone,aug,mon,2782,27,15,4,nonexistent,-0.9088171029395861,94.37843013891765,-31.602514867060197,3.6980477569098493,5083.832285637332,yes
31,blue-collar,married,basic.4y,unknown,unknown,no,telephone,jan,thu,3455,17,999,3,failure,-0.8212544445628079,92.71739688677644,-48.589550039041654,3.898512232911605,5007.464463629864,yes
65,services,married,basic.4y,yes,yes,no,telephone,jul,thu,3635,18,28,2,nonexistent,-1.921000953952332,93.21351804036597,-48.01791506056854,4.7883785041206455,5184.5998690207725,yes
45,admin.,married,university.degree,yes,no,yes,cellular,sep,wed,850,29,28,2,nonexistent,-0.45447530381236273,93.58191152911236,-41.226047368319364,3.5192970021454464,4989.179716713743,yes
38,self-employed,married,high.school,unknown,unknown,no,telephone,jul,mon,3577,20,18,1,nonexistent,-1.463122842494903,92.036320952974,-41.074460463666725,2.595653390292669,4978.370002009083,yes
62,technician,divorced,basic.6y,no,no,yes,cellular,jun,tue,1390,12,18,2,success,0.2935037108938825,94.68596612158888,-38.45611583257896,0.8283867118256796,5104.9480793301755,yes
49,technician,single,high.school,unknown,unknown,unknown,cellular,sep,tue,143,10,8,6,nonexistent,-0.8582533373154752,92.30456011551944,-50.23385408010659,4.588002468584289,5117.664994735637,no
23,blue-collar,divorced,basic.6y,no,yes,unknown,telephone,apr,wed,884,9,19,3,nonexistent,-2.0106279962322615,94.28827054179392,-48.00034838053215,3.1948003952200565,5206.481341701469,no
71,services,married,basic.4y,no,yes,no,cellular,dec,mon,3140,8,29,2,nonexistent,-2.6908975992792636,94.73260461808798,-50.55442805045875,3.6021920712203306,5017.368395556639,yes
18,services,divorced,basic.4y,no,yes,yes,telephone,oct,thu,3170,26,29,0,nonexistent,-0.04030720595127203,93.97184152322045,-27.98691941111343,2.823306971140531,5169.381941619157,yes
38,services,divorced,university.degree,no,no,yes,cellular,jun,tue,395,8,8,3,nonexistent,-1.618692633662162,94.70673293866666,-43.31094623551281,2.331942190813034,5133.956297717223,yes
74,self-employed,married,basic.4y,no,yes,unknown,cellular,jun,fri,3096,11,28,4,nonexistent,-3.0855463143326225,92.05513187490178,-34.35512592094573,2.817104842420043,5159.772117366094,yes
21,self-employed,single,university.degree,yes,yes,yes,cellular,oct,wed,2995,23,10,1,nonexistent,0.9916097699607004,92.99273564179371,-36.258268963762376,0.8134173907624191,5005.245758782171,yes
20,blue-collar,divorced,university.degree,no,yes,no,telephone,mar,tue,2938,12,999,3,nonexistent,-1.544102891197208,93.33406561358468,-33.47946151088242,4.1108145595852985,5081.688312761116,yes
66,services,divorced,university.degree,yes,yes,no,telephone,jul,fri,1492,22,18,2,nonexistent,0.1805276439399202,94.1922318316071,-29.6998319576821,1.295070858110346,5057.783311467566,no
47,services,married,basic.4y,no,unknown,unknown,telephone,jan,fri,3555,23,16,3,failure,-1.1972070975653035,93.8326893105287,-45.22776397645953,2.0637140658410726,5148.632284839876,yes
48,admin.,single,basic.4y,yes,unknown,yes,telephone,nov,tue,3636,6,5,5,failure,0.8764452280506204,94.06082549048881,-40.624526777257984,0.9827764481849495,5120.589824064829,yes
51,services,married,high.school,unknown,no,no,cellular,aug,wed,3222,3,999,4,failure,-3.260453214369529,92.40505307000767,-42.9501802708816,4.207763929790461,5219.513153155264,yes
36,self-employed,married,basic.6y,unknown,unknown,no,telephone,aug,fri,1167,15,17,5,nonexistent,-2.1548472590065595,94.36534327633208,-48.829086859228426,1.3407126474824904,5000.296615367408,yes
37,admin.,divorced,high.school,yes,unknown,no,cellular,aug,fri,2616,28,8,3,nonexistent,-0.7802753944305392,94.30223239318173,-50.03697951281627,2.3552454997132712,5088.860932429224,yes
40,admin.,single,basic.4y,no,unknown,yes,telephone,sep,mon,1062,6,26,4,nonexistent,-1.8485002044493284,94.1529549356033,-32.52153610315454,2.4281008314089894,5147.123238855829,no
71,services,married,basic.6y,yes,unknown,unknown,cellular,apr,mon,2156,28,999,4,nonexistent,0.16490505754193907,94.2902597647272,-47.71146323221259,1.9922755643307875,5061.143351960772,yes
76,technician,divorced,university.degree,yes,unknown,unknown,cellular,jun,mon,3764,7,3,3,nonexistent,-0.09559290359225056,92.5980655908572,-50.4328001706978,4.384551506103327,5207.784653633299,yes
57,management,married,basic.6y,no,yes,no,cellular,nov,fri,1065,6,21,1,nonexistent,-3.2774833476175718,92.3927474089206,-40.32200405394406,3.995839831547368,5189.101861229367,no
79,self-employed,divorced,university.degree,unknown,no,unknown,cellular,dec,fri,1209,27,29,6,nonexistent,-0.5175375984230339,94.50617235887057,-43.09781558272121,3.8721821375853773,5194.489073424946,no
42,technician,single,basic.4y,yes,unknown,no,cellular,jul,wed,2982,2,17,1,nonexistent,0.6122546792505056,94.67962891308105,-49.22003377409483,1.5905149536432137,5124.692016556929,yes
32,services,married,basic.6y,unknown,unknown,no,cellular,feb,thu,2445,6,16,2,failure,-1.8850143631680567,93.18794604275288,-49.566961481252264,1.4338870027730999,5088.360257099995,yes
55,services,single,university.degree,unknown,no,yes,telephone,jun,mon,3294,29,19,5,nonexistent,-2.7310770605564803,93.25159948843131,-28.97556802138356,1.6850138284586573,5060.911245098538,yes
40,technician,single,high.school,unknown,unknown,no,cellular,aug,thu,633,29,18,3,nonexistent,0.14382601608023413,94.07473578814428,-28.341803905694867,2.2991139141722563,4995.2593396604225,no
69,services,divorced,high.school,yes,unknown,no,telephone,apr,mon,1156,2,22,5,nonexistent,0.9220518147827282,93.3859973956629,-39.27325589573534,2.7065289759774447,5214.408572511775,no
19,self-employed,married,university.degree,yes,no,yes,telephone,may,mon,3234,1,22,5,nonexistent,-0.2468597348862602,92.87795529696912,-30.525994634191555,1.7007636862894655,5033.329074733718,yes
74,admin.,married,high.school,no,yes,yes,telephone,aug,wed,1238,15,27,3,nonexistent,0.6610095404068986,92.53226898325607,-31.67778036186291,2.6141530989261397,5175.749952269339,no
74,blue-collar,divorced,high.school,no,yes,unknown,cellular,mar,wed,732,10,13,0,failure,1.393592020333398,92.06342344123252,-36.9534609701029,1.411278551992025,4966.747543806475,yes
32,services,divorced,basic.6y,yes,no,yes,cellular,jun,tue,234,10,25,1,failure,-1.002946780388196,93.64555624242833,-32.85580747017797,1.7833855759798067,5064.506150758496,no
69,services,single,high.school,no,yes,no,cellular,jan,mon,3914,10,26,4,nonexistent,1.089385802140824,92.39803101752749,-28.560060914341907,1.7472687001173672,5114.657599422886,yes
61,technician,married,basic.6y,unknown,yes,yes,cellular,apr,mon,2705,5,6,0,success,-1.7470615068086126,94.40338269614608,-37.26530213210974,3.7993242151961795,5046.753400909981,yes
52,admin.,married,basic.4y,unknown,yes,yes,cellular,jun,mon,750,4,8,3,success,0.17911254347283695,94.75203222854297,-38.57110595053878,2.6173789585952285,5014.885534656336,no
27,technician,divorced,high.school,yes,yes,unknown,telephone,mar,wed,2635,25,24,0,failure,0.9270374832268776,93.2816724325201,-50.71530759369004,3.3069544852707087,4982.498643998714,yes
31,self-employed,divorced,basic.4y,unknown,unknown,yes,cellular,jan,mon,3080,15,19,1,failure,-0.8997987347819759,92.32359601054118,-37.84280021277949,3.5449485824358287,5225.219217425732,yes
44,technician,divorced,high.school,yes,no,no,telephone,jun,tue,3145,9,8,3,nonexistent,-0.39295681423829143,93.6324488049019,-31.26172762647881,0.9014622191207801,5198.055388312378,yes
71,services,married,university.degree,yes,yes,no,cellular,mar,fri,953,16,14,5,nonexistent,1.2583704201656576,93.60686008962271,-32.58572742910819,4.097289335992702,5046.217224762437,no
79,admin.,married,university.degree,yes,yes,no,cellular,aug,tue,2539,9,10,5,nonexistent,-2.1943361294172212,92.37339048270988,-35.365464618011615,1.8494767709720352,4967.777427532936,yes
31,self-employed,single,basic.4y,unknown,no,yes,telephone,jul,fri,2960,19,6,1,nonexistent,-1.6913061490819281,93.81140473874511,-50.2124247039323,2.842911030812183,5106.582304156033,yes
52,services,divorced,basic.4y,yes,unknown,yes,telephone,nov,wed,3324,14,5,0,success,0.30692811825080246,92.884975967044,-28.683789133919348,2.0889025382292234,5048.634073148707,yes
50,self-employed,single,basic.4y,yes,yes,no,cellular,jul,thu,3301,26,26,2,nonexistent,-1.7633424170452099,94.36737733179984,-40.544367109285375,4.0037897466484145,4994.216399689045,yes
69,services,married,university.degree,no,yes,yes,cellular,dec,wed,1542,12,8,6,failure,-0.9962780082219419,93.64617021885108,-37.14031515183862,1.6043280865914535,5172.636205722973,yes
18,services,single,basic.4y,unknown,unknown,unknown,telephone,aug,thu,1197,12,3,4,failure,-3.1578029827193426,93.21226263747441,-41.29428480532267,4.8405666655280895,5053.047033105592,yes
51,services,single,university.degree,yes,no,unknown,cellular,jul,fri,1676,3,16,4,failure,-0.6856766053143943,94.69729019445599,-42.461780784403345,2.3605409615040323,5220.919299758234,yes
36,blue-collar,single,basic.4y,no,yes,unknown,cellular,may,thu,1191,29,5,6,success,-0.391432900112029,93.37542780623176,-38.59680685776627,3.731192805675917,5150.385305233309,yes
41,management,divorced,basic.6y,yes,yes,unknown,cellular,oct,fri,2217,19,28,6,nonexistent,-3.003498400329975,94.48442421921985,-38.976698770742836,3.422370181515806,5185.705922753765,yes
59,admin.,married,basic.6y,unknown,no,no,cellular,aug,thu,1416,11,16,2,nonexistent,-2.2292695881946067,92.74006834825344,-42.281691736262836,3.867383189013842,5128.061404983448,yes
21,blue-collar,divorced,high.school,no,unknown,yes,cellular,aug,fri,2993,26,25,2,nonexistent,-1.3207035713846225,93.23697067688099,-31.587885436526552,3.0247051516796883,5112.170633205988,yes
53,management,single,basic.6y,no,no,unknown,cellular,nov,thu,2842,5,24,2,nonexistent,0.34995709819507803,92.23488696626555,-49.590293934224434,2.2886973403862467,5076.815339778792,no
30,self-employed,divorced,basic.4y,yes,yes,no,telephone,aug,fri,2681,6,13,1,nonexistent,-3.2960464614688645,93.1837215505744,-48.003160179579815,1.3902106951693742,4985.584294860964,yes
75,management,married,basic.6y,yes,unknown,unknown,cellular,dec,tue,1217,6,4,3,nonexistent,-1.8095223899439496,94.50457989991706,-48.827301901411104,2.8855479210918995,5158.643606857667,yes
49,management,married,basic.6y,unknown,unknown,yes,telephone,oct,mon,1540,19,17,2,failure,-3.3765155622569254,94.32249419598692,-37.29667019298295,0.8677717949242865,5053.488064346223,yes
26,blue-collar,single,basic.4y,unknown,unknown,unknown,cellular,jun,tue,2076,14,27,1,nonexistent,-0.897844530100216,94.73197703546745,-40.94085456612903,0.8588274966691625,5015.622491725136,yes
56,admin.,single,basic.6y,yes,no,unknown,telephone,feb,wed,3236,16,7,5,nonexistent,-1.005876594493221,94.09925488027851,-39.99614628220125,3.2989243306094163,4993.862325559658,yes
33,technician,divorced,basic.4y,no,no,unknown,cellular,aug,thu,1445,12,9,0,nonexistent,0.22578446544362651,92.76016713141429,-37.01573188268622,2.7141535437477606,4984.321931659159,yes
67,management,married,basic.6y,unknown,no,unknown,telephone,oct,fri,2386,18,10,0,nonexistent,-3.381185983070748,92.45032776188062,-43.05716148656784,2.8268611828087167,5089.347885463693,yes
20,technician,married,basic.4y,unknown,yes,yes,telephone,jan,tue,3719,22,21,2,nonexistent,0.24182537030523998,92.50264622104545,-46.4232790049315,2.0022533421687285,5184.982628981061,yes
69,technician,divorced,university.degree,no,no,no,cellular,sep,tue,1519,13,28,0,failure,0.8778899172965857,93.8518715052511,-43.46671184395479,4.078489247026386,4997.644415853472,yes
37,services,married,university.degree,yes,unknown,unknown,telephone,sep,fri,1388,20,2,2,nonexistent,-1.8763834311223828,93.07029190659624,-27.043682289754784,1.485213540589646,5099.7476659434515,yes
27,technician,single,high.school,unknown,yes,no,telephone,jun,thu,1856,9,26,0,failure,-1.7982863878053,93.1593038964392,-28.030738238213754,3.178969033540753,5063.873697020898,yes
73,self-employed,single,basic.6y,no,yes,yes,cellular,oct,wed,1365,18,1,0,nonexistent,-3.394868024134507,94.40960728579873,-27.936419160072848,4.386103678922107,5106.408260040784,yes
75,self-employed,divorced,high.school,unknown,yes,yes,cellular,jun,wed,499,4,25,3,failure,-1.3402581903905275,94.03466234844784,-50.139630719779404,4.269913206153523,4978.950405022618,yes
79,services,divorced,basic.4y,no,unknown,unknown,telephone,jun,wed,1680,11,26,6,nonexistent,-0.4575325014870073,92.58596666013584,-48.66211843213083,0.7259632377951897,5105.143269382915,yes
75,admin.,divorced,university.degree,unknown,no,no,cellular,nov,fri,510,27,13,3,nonexistent,-2.8110646583699888,92.47908360227046,-49.70754333244946,1.8275391977595175,5109.066007347569,yes
39,admin.,single,basic.4y,yes,unknown,unknown,telephone,apr,tue,3398,18,3,0,nonexistent,-0.2456084752570652,94.30141150211034,-31.310231725589986,3.74482575008968,5193.7370940221135,yes
65,self-employed,divorced,high.school,no,no,yes,cellular,jan,wed,216,21,16,3,failure,-1.6444351819675391,94.67010432364383,-27.10629535808729,3.859277558544703,5016.3691139946895,no
20,services,married,basic.4y,unknown,yes,unknown,telephone,jan,tue,1324,3,16,2,nonexistent,-0.169610129663454,92.51839882151859,-37.822580866019734,2.7240791576402157,5179.099041120534,yes
28,admin.,divorced,basic.4y,unknown,yes,unknown,telephone,jan,wed,1155,4,20,4,nonexistent,-2.194733059086115,94.6649319544474,-34.05012571166475,1.4909035888044266,5162.350301000177,yes
42,management,married,basic.4y,no,unknown,no,telephone,may,wed,1827,9,25,2,success,0.3183026451209688,93.20326426650176,-42.38186937104009,1.8276020155325552,5205.475025132035,yes
59,admin.,single,basic.4y,no,no,yes,telephone,jul,thu,3141,13,8,3,failure,-0.7655062624651391,94.53584540887594,-32.50690691942258,4.124212514651067,5205.07073643867,yes
65,services,married,university.degree,yes,yes,unknown,cellular,jan,fri,3323,15,27,1,nonexistent,-0.8406642869397686,94.10240002146777,-35.11961040914356,1.4455051096062603,5166.244027785664,yes
25,self-employed,married,basic.4y,no,unknown,unknown,telephone,jan,thu,3486,10,20,6,failure,-1.0568383270396093,94.53430993768899,-31.657039569755717,4.74617762465333,5208.329875296711,yes
26,management,married,basic.4y,unknown,unknown,unknown,cellular,dec,tue,1810,27,21,0,nonexistent,0.6414793134848913,93.80641293647842,-38.84942713105747,2.8038212285472257,5032.09346581487,yes
32,technician,single,university.degree,yes,no,no,cellular,nov,tue,2492,21,25,3,nonexistent,-0.7395774346960998,92.43962746713059,-46.16297660794193,1.847049851953558,5004.764022575867,yes
49,technician,married,basic.4y,no,no,yes,telephone,dec,fri,2923,9,8,5,nonexistent,-2.633923617600804,92.16902518646096,-39.4302130558787,2.3143048132554873,5037.758192351244,yes
70,technician,married,basic.4y,unknown,no,unknown,telephone,jun,wed,1205,16,2,5,success,-0.3961307638329068,93.75591451520222,-43.340983974812644,1.728655269561102,5185.745599913924,yes
20,self-employed,divorced,high.school,no,yes,unknown,telephone,nov,fri,2214,16,27,6,success,-0.9323841394445826,92.16339610038618,-34.21084433263048,2.2910737873294145,5046.527011383129,yes
21,services,divorced,university.degree,unknown,unknown,unknown,telephone,feb,wed,90,13,3,6,nonexistent,-3.069122478054647,92.66076241008183,-47.5292916926523,1.1755035691820963,5180.132701614008,no
47,technician,divorced,basic.6y,unknown,no,yes,cellular,feb,mon,713,5,1,3,nonexistent,-0.6108113150586599,92.57744523462611,-42.8673267800659,4.221912219306493,5061.98692604519,yes
30,admin.,married,basic.4y,yes,unknown,no,telephone,dec,mon,1881,10,13,3,nonexistent,-3.0189534114883116,93.19589046719099,-50.642806128999744,4.840088997612398,5175.068967075144,yes
61,technician,married,high.school,yes,yes,no,telephone,jul,fri,3602,25,19,5,success,0.07919291219559521,93.67266490694126,-31.308942807430167,3.50021442423817,5187.677587646164,yes
38,blue-collar,single,university.degree,no,yes,unknown,cellular,sep,mon,38,24,7,6,success,-0.25705233685060436,94.55126058298528,-41.081631173986246,4.15775591610027,5142.897271995724,yes
58,self-employed,married,basic.4y,yes,no,unknown,cellular,aug,mon,3197,1,17,2,nonexistent,-1.0323691467687588,94.62133760890431,-32.249125771362074,1.6035493623678856,5222.698433967011,yes
74,blue-collar,married,basic.6y,no,yes,no,telephone,feb,tue,3522,29,3,6,failure,0.1941646264858638,94.750646514311,-48.46738504952655,0.8761168412169427,5156.769610905096,yes
63,technician,single,basic.4y,yes,unknown,no,telephone,jul,wed,172,3,7,0,failure,-2.0524355248874997,94.13870560934613,-46.16827884491773,3.3592934033784045,5028.438976012473,no
36,technician,married,high.school,yes,unknown,no,telephone,may,mon,652,21,6,4,nonexistent,-1.2571544412689066,94.5796316585134,-30.473808173993298,4.197347437778861,5223.9769341091,yes
56,blue-collar,single,university.degree,no,yes,unknown,telephone,nov,thu,753,28,24,5,nonexistent,-3.326615859806109,94.21375184851452,-36.568504118274376,4.271108334615608,5144.468350560994,no
65,self-employed,single,high.school,yes,yes,unknown,telephone,oct,tue,1243,3,14,5,nonexistent,1.3438079139458619,94.54968329987156,-50.658983389480824,2.9441593759620157,5078.8529238472665,no
39,self-employed,divorced,university.degree,yes,yes,no,telephone,dec,wed,3709,10,29,5,nonexistent,-3.129977876741282,92.29169061005389,-29.16743098674543,3.337243173586864,5093.715088465553,yes
37,technician,married,basic.6y,yes,unknown,no,telephone,apr,tue,1081,17,14,6,nonexistent,-2.8986146898349543,94.6924098156968,-27.29440012368921,2.2203065696364996,5166.23939448177,no
54,self-employed,divorced,basic.4y,yes,yes,yes,telephone,dec,thu,1683,27,1,6,nonexistent,-1.02454915920115,92.65677666394772,-34.997677515661046,4.254943419590842,5162.831468550159,yes
79,management,married,high.school,no,no,unknown,telephone,oct,wed,2523,18,3,3,success,-1.5956642879770149,93.59171590272109,-33.40498399987641,3.669464581879884,5186.0724742633565,yes
48,self-employed,divorced,basic.6y,unknown,no,yes,telephone,apr,fri,455,13,24,6,nonexistent,-0.844726357764776,93.44711699601936,-47.606939843868616,1.4178327279725653,5027.269765774041,yes
27,blue-collar,single,basic.6y,no,unknown,no,cellular,apr,fri,828,2,21,1,nonexistent,0.6080548095606839,93.58049386827801,-32.48664178938707,1.8295290701219422,5214.363164129848,no
35,services,single,basic.4y,no,yes,unknown,cellular,sep,tue,894,16,24,5,nonexistent,-2.6386208339206836,93.96568273995118,-48.43403152607619,1.2681668005565254,5032.769346151116,no
60,blue-collar,single,high.school,no,yes,unknown,telephone,jul,fri,1384,4,8,0,nonexistent,-0.33024820332289534,93.51087314912203,-29.53501231394709,2.8251849893855607,5090.687736146645,no
56,admin.,single,basic.4y,yes,yes,yes,telephone,jul,wed,1958,22,22,6,nonexistent,-3.3134301143679137,93.92849433069628,-38.73513634817192,1.489850328486265,5019.508079846496,yes
63,management,married,basic.4y,yes,no,yes,telephone,apr,thu,3072,18,29,6,nonexistent,0.3922140526581623,93.4962878831495,-47.42583249840245,1.2985793115772768,5078.469050038276,yes
37,services,married,university.degree,unknown,no,yes,telephone,sep,thu,2434,14,6,4,nonexistent,0.5150217032089928,92.0337208079948,-48.6797733432035,1.3059075729590472,5135.494991452419,yes
35,technician,divorced,university.degree,yes,no,yes,telephone,aug,fri,1996,6,23,5,nonexistent,-1.5789865737284052,93.75662625451334,-40.28125957788833,1.769834607332196,5093.692597766996,yes
28,admin.,married,basic.4y,unknown,no,unknown,cellular,oct,mon,2395,11,17,1,nonexistent,-2.568000403434692,93.55456359013957,-50.67240449564449,4.159728645044292,5029.33312505572,yes
39,admin.,married,university.degree,unknown,no,no,telephone,apr,mon,189,17,25,5,nonexistent,0.49309315183339664,93.64036373866821,-27.826681581647335,4.728481698761119,5065.967378397343,no
76,management,divorced,high.school,yes,unknown,no,cellular,jun,mon,504,8,11,6,failure,0.9642033708559061,92.00436927262558,-46.720644278611836,4.981778101994481,5120.840381417306,no
61,services,single,university.degree,unknown,unknown,no,telephone,apr,fri,1214,3,13,4,nonexistent,-3.0385278045501245,93.31249102315176,-40.77351380417431,0.777236499642544,5201.057887677603,yes
35,admin.,divorced,basic.6y,no,yes,yes,telephone,jan,fri,1531,24,6,4,nonexistent,-0.6169274859213163,94.44993617959426,-36.3005621266098,3.103188057547109,5075.672050731937,yes
75,services,divorced,basic.4y,no,yes,no,telephone,may,fri,3440,3,5,5,failure,1.1031408285192987,92.93115518435638,-34.67189320002065,1.772353785116958,5115.652226255797,yes
51,services,single,basic.4y,no,no,yes,telephone,oct,wed,3480,17,22,6,nonexistent,-0.31006785054354347,93.24566970110249,-37.30105312933288,4.951198813750811,5204.520112908562,yes
40,self-employed,divorced,high.school,unknown,yes,yes,telephone,nov,mon,823,4,21,0,nonexistent,0.5375369692272656,92.34284378818619,-46.53169439263528,4.931045263864238,5186.060796061422,yes
18,admin.,divorced,basic.4y,unknown,unknown,no,telephone,mar,tue,928,19,26,2,failure,-2.296854652535082,93.2606560046899,-39.52398005151665,4.710068699778632,5012.62431259089,yes
72,services,divorced,university.degree,no,unknown,no,telephone,jan,wed,933,8,18,1,nonexistent,-2.908790207980217,93.10817951629788,-43.089944607141064,0.6625861881952665,5059.280922151368,no
27,management,married,basic.6y,yes,yes,no,telephone,feb,wed,1140,17,20,5,nonexistent,-1.5942978941407897,94.47251366262111,-48.663821460543446,1.2798940454761056,5172.223472019711,yes
70,admin.,single,basic.4y,no,no,unknown,cellular,feb,fri,133,25,18,3,failure,-1.5034712430023165,92.09923329450041,-41.53817165898106,3.030782527505611,5156.9578677567215,no
18,management,single,university.degree,yes,unknown,yes,telephone,aug,fri,2105,27,21,4,failure,0.3737777150140727,94.66340532390586,-36.248887724444906,1.4240686436599037,5166.531246522788,yes
55,management,divorced,basic.6y,yes,yes,unknown,telephone,apr,wed,3627,25,14,1,success,-1.4497864894017227,93.61392891786467,-48.36097905635551,4.361347663535141,5005.7805992644535,yes
56,services,married,basic.4y,unknown,no,no,telephone,mar,fri,684,22,18,0,nonexistent,-2.2643091785914318,93.4829762541144,-46.85703975658217,3.678845514877201,5085.29329927446,no
66,services,single,basic.4y,unknown,yes,unknown,telephone,apr,mon,2719,5,11,1,nonexistent,0.8544344628644601,94.48136600017982,-48.738037326810854,1.4099639935375887,5147.479873761949,yes
26,self-employed,single,basic.4y,yes,no,unknown,telephone,oct,wed,2220,11,1,3,nonexistent,0.3567408051692074,92.53482644902508,-50.77327425929955,4.201009816586962,5070.956342026763,no
48,self-employed,divorced,basic.6y,yes,no,no,cellular,jan,wed,1852,12,10,3,nonexistent,-0.19695214545390274,92.58523764164389,-28.419211125266223,2.7924048466296014,5112.906837977654,yes
24,admin.,divorced,basic.4y,yes,unknown,no,telephone,jan,wed,814,21,12,0,nonexistent,-2.4058593020591506,94.44839249083333,-30.765052914209267,3.722731531383263,5164.531739630024,yes
34,self-employed,divorced,basic.4y,unknown,unknown,yes,cellular,may,fri,1172,15,3,1,nonexistent,-2.4169022683495207,94.60244394150992,-45.266069042759185,1.2152463273576741,5096.811497316562,no
52,technician,single,university.degree,no,yes,yes,cellular,jul,wed,79,12,24,5,success,-1.0414949474726698,94.3458716402545,-36.99457006901369,2.8785516895480767,5125.005172783734,no
65,admin.,divorced,university.degree,yes,yes,unknown,telephone,sep,tue,2933,22,999,2,nonexistent,-0.8515800309262511,92.11554193368934,-31.641705977073013,4.015887453029408,5054.3580187970065,yes
54,management,divorced,university.degree,unknown,no,no,cellular,jul,tue,3284,7,23,2,nonexistent,-2.1707424892857956,93.82579378676017,-42.0397571902454,2.120583902492621,5060.160766344485,yes
69,self-employed,divorced,university.degree,no,unknown,yes,telephone,nov,mon,202,24,20,5,nonexistent,-2.807822075941176,93.26318477872105,-33.13668838199598,1.4220236346678679,5013.232751309117,yes
35,self-employed,married,basic.4y,unknown,no,yes,cellular,may,wed,2811,3,1,4,nonexistent,-1.6566221686079283,94.26190929813859,-30.039065273327108,3.4136591412791137,5225.936948789008,yes
50,self-employed,divorced,basic.6y,no,no,unknown,telephone,mar,wed,1252,10,13,5,nonexistent,-1.3404005482138364,92.4427748667749,-38.882173013845,3.433911485099193,5124.1618823977,yes
21,services,single,basic.4y,unknown,no,unknown,cellular,aug,fri,1699,16,24,6,nonexistent,-3.14779946078319,94.5769314616179,-29.57577775539639,1.4991294983258232,5015.024131310729,yes
40,management,divorced,high.school,no,no,unknown,telephone,dec,thu,1250,1,17,4,nonexistent,-0.6897287669084513,92.93912212803261,-45.78167068617673,0.9051401920039364,5007.081217902976,no
28,self-employed,single,basic.6y,yes,no,no,cellular,jul,thu,1682,21,10,1,nonexistent,-3.390348799438338,92.9050419580953,-29.255498000341586,1.332385077137914,5024.055017102555,yes
69,blue-collar,married,high.school,unknown,no,yes,cellular,apr,wed,1555,11,10,5,failure,-2.6743698210871796,92.49959660265712,-31.548828046546692,1.8123201018987953,5153.456642446581,yes
26,blue-collar,married,basic.4y,no,yes,yes,telephone,jan,mon,3512,17,18,6,failure,-2.694593932785441,92.01946092396449,-30.722436130390996,0.759623728025034,5095.536531015461,yes
47,management,divorced,basic.6y,no,unknown,yes,cellular,mar,tue,3473,14,16,4,nonexistent,-0.09973794641143353,92.87568094480552,-50.69249309388459,4.66001900760338,5105.254435114933,yes
25,self-employed,single,basic.6y,no,unknown,unknown,cellular,nov,wed,2094,18,16,3,nonexistent,-1.0677196700427696,92.41530748490311,-34.93936952855267,1.614214345530372,5147.70745178008,no
57,technician,divorced,university.degree,yes,no,no,cellular,aug,wed,1256,12,1,0,failure,0.612974283875359,94.06679092233033,-41.224413643652234,3.8512445239477433,5156.412362741984,no
22,technician,divorced,basic.4y,unknown,no,unknown,cellular,feb,mon,3376,16,1,4,failure,-2.128726508003136,94.11858574036047,-36.350916414133735,2.424493053682661,5161.085920228181,yes
29,admin.,single,high.school,no,no,unknown,telephone,sep,mon,1549,8,29,5,nonexistent,-2.3892429801297776,94.31821095251193,-48.80057100291481,2.8087288214081005,4984.694111385279,yes
18,admin.,single,basic.6y,yes,unknown,no,cellular,apr,thu,1166,3,12,2,failure,0.4538964349839327,92.01523665857655,-45.148241418286915,2.962548218646025,5183.7727489832505,yes
32,self-employed,single,basic.6y,yes,unknown,no,telephone,jul,wed,3486,11,5,5,nonexistent,-1.2678203895741034,92.98415369589553,-42.40433814034538,4.0003015342425705,5009.722754066013,yes
42,admin.,single,university.degree,yes,no,unknown,telephone,oct,wed,3584,26,14,3,failure,-2.0836929588580526,92.01626167350423,-33.62953819242433,4.066817390426236,5131.513084233584,yes
35,services,single,basic.6y,yes,unknown,no,cellular,dec,fri,1396,15,10,6,success,-1.3923529763753546,93.42160203492345,-37.58534941836012,1.2216009327561077,5023.240292428776,yes
55,technician,married,university.degree,yes,no,unknown,cellular,jul,tue,3637,4,23,2,nonexistent,-1.3586870811324683,94.54522165737724,-50.45037445521169,1.934711134090275,5182.120476044434,yes
59,management,married,basic.6y,yes,no,yes,telephone,dec,fri,3957,27,27,4,failure,-0.6538832418019336,93.14209272678818,-42.79886183750922,3.121370795219584,5165.976849610141,yes
63,self-employed,married,basic.6y,yes,no,no,telephone,aug,fri,3330,16,3,5,nonexistent,-3.2192016152130503,94.44625749605501,-28.33494063722721,2.053786733028872,5009.950174656945,yes
70,self-employed,single,basic.4y,unknown,yes,yes,telephone,jul,tue,2703,22,18,4,success,-2.209844616005375,94.65322063682507,-46.50157216392639,1.184316938141642,5109.14762300593,yes
43,blue-collar,single,basic.6y,unknown,unknown,no,cellular,nov,wed,470,24,28,6,nonexistent,-1.1589083958944306,92.66602610170699,-45.14102438196383,2.3971106467512064,5154.487735393663,no
78,technician,single,university.degree,yes,unknown,unknown,cellular,apr,thu,3018,17,13,3,failure,-0.7969932811017572,92.02843413040733,-43.45350050959955,1.5610653076377106,5008.366532242563,yes
57,technician,divorced,university.degree,no,unknown,unknown,cellular,dec,tue,1035,14,17,2,nonexistent,-2.637973092511089,94.0707937055962,-44.395087545367545,1.231284968452454,5002.315559682935,yes
76,technician,married,university.degree,no,no,unknown,telephone,jul,mon,1353,2,16,0,nonexistent,-2.4706123448020607,93.62122882555084,-47.89076910428025,1.9377246638778955,5062.986188316529,yes
20,admin.,married,high.school,no,yes,unknown,cellular,may,wed,2783,27,7,0,nonexistent,0.09249402518601584,92.97201704951742,-43.32742095547872,1.9186281825013727,5206.565848309253,yes
71,services,divorced,basic.6y,yes,no,unknown,telephone,dec,tue,2831,22,12,6,success,0.3706743740737158,93.02929063380179,-37.90759669750126,1.0276683318107274,4981.526992536979,yes
39,management,divorced,basic.4y,no,no,unknown,telephone,oct,tue,967,15,22,3,failure,-3.0393160224043503,92.22673630699929,-34.66081643323796,3.1701169910465348,5058.521733583415,no
43,admin.,married,basic.4y,unknown,no,no,telephone,jul,tue,357,24,28,5,failure,1.3523843262571644,94.43898860280554,-35.43573772310446,1.9831124197643533,5176.877528338842,no
36,services,single,high.school,unknown,yes,no,telephone,mar,thu,3019,28,14,4,success,-1.3210055137184908,92.67778076958746,-46.91204693098166,1.362463423726026,5054.652488918358,yes
61,technician,married,basic.6y,unknown,no,yes,telephone,oct,fri,3479,8,10,5,nonexistent,-0.588395494107494,92.27189247100708,-36.11287211897513,4.20182742720588,4978.173248389999,yes
61,services,single,university.degree,unknown,no,no,cellular,nov,fri,667,13,15,3,nonexistent,-0.5504758499275191,94.18269551685613,-42.236040281603785,0.6113329186244059,5130.923703798505,no
64,admin.,married,high.school,yes,yes,no,telephone,jul,tue,372,3,17,2,nonexistent,-1.7390955481021415,93.35820867583453,-31.15812209572151,2.598882351384757,5216.962652846157,no
77,technician,married,high.school,unknown,no,yes,cellular,jul,tue,1031,4,11,0,nonexistent,-0.7850050700449183,94.1361112203476,-42.13836807117067,2.513762380800691,5116.9182392379425,no
56,admin.,divorced,university.degree,no,no,yes,telephone,feb,fri,1145,26,22,4,nonexistent,-0.5996700188745762,94.52524961038485,-27.460006892004234,3.5530564667356432,5179.014539072949,no
76,management,divorced,high.school,no,unknown,unknown,cellular,aug,thu,1371,4,11,2,nonexistent,0.25166150605133486,93.06995555862551,-36.10576606818805,2.3133595996260548,4967.353322843138,yes
53,technician,single,high.school,unknown,yes,yes,cellular,jul,wed,2723,4,5,0,nonexistent,-0.22339633501886277,92.15251939801655,-40.54740043014519,2.8559516356525965,5138.311462442257,yes
38,services,single,university.degree,unknown,unknown,yes,telephone,sep,fri,89,2,23,0,nonexistent,-1.2559498301425263,92.70907045062388,-38.775617590221806,4.597185251709935,5003.536437496034,no
58,admin.,married,basic.6y,unknown,no,no,cellular,dec,tue,3719,13,5,1,nonexistent,-2.481613063721336,92.14299595653657,-46.59472067296565,1.34044245838893,5148.368062867377,yes
71,blue-collar,divorced,basic.4y,no,yes,unknown,cellular,apr,thu,2745,22,3,4,nonexistent,-3.2792319012691897,92.41763333989755,-34.544704135495984,1.0642339433979033,5114.392417770935,yes
65,services,single,basic.4y,no,yes,yes,telephone,sep,thu,3387,8,28,3,success,-0.2711012784185174,94.37705174152396,-27.782683106057195,3.885736637931832,5022.228270930472,yes
43,services,single,university.degree,unknown,no,unknown,telephone,jan,tue,3249,9,29,1,failure,-1.1070166337534404,94.63597659012963,-38.49249658772956,3.8687670414420445,5118.339958928244,yes
30,technician,single,university.degree,no,unknown,unknown,telephone,may,mon,539,29,23,0,success,1.2345188362369672,93.89535657648003,-27.082799173400844,4.6464402408536625,5142.444823826746,no
53,self-employed,married,basic.6y,no,no,yes,cellular,oct,thu,2779,1,999,4,nonexistent,-2.928079043983869,94.0491021209874,-47.203949298172766,4.92589109274497,5202.215147870471,yes
41,services,single,high.school,yes,yes,yes,cellular,jul,fri,868,1,25,6,nonexistent,-3.0514086443201704,94.04815987788979,-35.55935655488198,2.2912971329519576,5198.699989485955,no
58,admin.,single,basic.6y,unknown,yes,yes,cellular,apr,mon,40,9,16,6,failure,-2.529863306246279,92.34539608325633,-34.59784400761927,2.26067969582218,5211.283962795226,yes
43,blue-collar,divorced,high.school,unknown,no,yes,telephone,jul,wed,739,11,3,4,nonexistent,-1.5911973909389912,92.13191507390766,-43.34983091010938,4.580493432821338,5186.098853383399,no
38,management,divorced,high.school,yes,no,unknown,cellular,dec,fri,3775,16,16,1,nonexistent,-2.5591615688657505,93.95551815887632,-42.39759768771109,4.38713065271074,5106.650343193484,yes
35,blue-collar,divorced,basic.6y,yes,no,no,telephone,sep,tue,1946,29,4,2,nonexistent,-1.1735387790273593,92.10476682133176,-28.203260418433103,2.2519391309131227,5188.199847032651,yes
32,admin.,married,university.degree,no,no,unknown,telephone,may,mon,2549,4,26,2,nonexistent,-1.7694019567243326,94.27291347611911,-36.17465267139151,0.9357044727694738,5154.6284322387555,yes
32,technician,divorced,university.degree,yes,unknown,unknown,cellular,may,fri,3006,15,24,6,nonexistent,1.3975663130795843,93.65518616251093,-32.1215346071779,3.1573857840589934,5158.780437443432,yes
23,admin.,divorced,basic.6y,unknown,unknown,unknown,cellular,feb,thu,3216,27,29,3,nonexistent,1.2401751497609454,92.31782891479723,-33.44895813322332,1.7822797669563542,5004.472553217478,yes
60,self-employed,divorced,high.school,unknown,unknown,yes,telephone,may,tue,1224,7,8,4,nonexistent,-1.648883731032824,93.84602036521778,-36.197525665458336,4.597817447972338,5011.112845175284,yes
48,self-employed,divorced,high.school,unknown,unknown,yes,telephone,aug,mon,928,2,24,5,nonexistent,0.402077383631701,93.69765971877393,-49.65586909628723,4.146915869270043,5011.2859757367205,no
45,self-employed,single,high.school,no,yes,no,cellular,apr,thu,2036,10,5,1,nonexistent,-2.2400912141410907,93.05366670540852,-34.96168359371527,4.564283852545029,5018.925081843258,yes
25,services,married,high.school,no,yes,no,telephone,feb,tue,3795,17,11,0,failure,-3.122816126406507,94.28961631551857,-42.55658187458138,0.9560216035536204,5074.168425655019,yes
46,technician,single,basic.6y,unknown,unknown,no,telephone,aug,tue,2508,11,16,2,nonexistent,-3.2056573759100817,92.85290330088743,-39.59033979222739,4.404296429548759,5047.024169204395,yes
38,self-employed,single,basic.4y,unknown,no,unknown,cellular,apr,mon,2779,23,25,1,nonexistent,-3.2599499832839753,93.05814716992708,-30.450248348387845,3.209577887634161,4976.586040775798,yes
34,management,married,university.degree,no,yes,no,telephone,may,mon,2799,22,20,3,failure,0.13248867907701914,93.95054438806847,-27.64789001853918,1.5478762606957202,5155.112401996,yes
73,management,single,university.degree,no,no,unknown,cellular,dec,mon,924,19,9,3,nonexistent,-1.757331163431723,94.10568738320276,-34.20666122587456,1.9255533711548725,5070.256076079156,no
74,admin.,divorced,basic.4y,yes,unknown,yes,cellular,jul,fri,2956,10,1,5,nonexistent,0.5544075514276957,92.76597109834661,-45.25566626308215,2.6091945619048467,4984.218349492907,yes
66,self-employed,married,high.school,no,yes,unknown,cellular,nov,tue,1581,4,27,4,nonexistent,0.7944028939607622,92.04700135837201,-43.2072414641774,3.3616335790578225,5172.306666725763,yes
41,services,single,basic.4y,no,yes,yes,telephone,may,wed,3618,29,999,3,nonexistent,-1.9335746054198382,92.49365053791112,-47.49915694053919,1.6240012045101342,4968.770641822653,yes
75,management,single,basic.4y,unknown,yes,yes,cellular,oct,thu,3324,13,12,3,nonexistent,-2.0121106875695167,92.7369503814142,-36.92120901149933,1.5109877420454851,5111.682786326095,yes
77,blue-collar,divorced,basic.4y,unknown,yes,no,cellular,apr,mon,389,1,20,5,failure,-1.9219453510390292,94.5340203114771,-28.574996992323985,4.525507115645821,5163.87443919354,no
67,technician,single,university.degree,unknown,unknown,yes,cellular,jul,tue,1617,7,20,5,nonexistent,-1.1178462470957786,94.50210953091835,-31.41865128724415,4.318977044041983,5062.1494517076835,yes
53,blue-collar,single,university.degree,yes,yes,no,cellular,apr,thu,2930,9,999,2,nonexistent,-3.3234651791805474,93.84995343487087,-37.807040838979994,3.9738180718272824,5115.442059952914,yes
78,management,single,basic.4y,no,unknown,no,cellular,oct,wed,255,1,12,2,nonexistent,-3.347955121924134,93.98609519117831,-28.30055857036588,3.9479192165601256,4977.007115372223,no
48,management,married,basic.4y,yes,yes,no,cellular,dec,thu,708,18,28,3,nonexistent,0.13028479824572492,93.73950806403332,-29.367683648144205,3.9702850011999176,5026.299503174015,no
64,admin.,married,basic.4y,no,unknown,unknown,telephone,apr,wed,1838,18,22,6,nonexistent,0.4794001824291559,94.18171821242323,-42.17029301430951,4.666039182217524,5139.118375614831,yes
51,admin.,single,high.school,no,unknown,no,telephone,feb,mon,1944,16,2,5,nonexistent,-2.4201893787828053,92.98336071143697,-37.66026925856815,4.312369737641736,5172.650225285493,yes
19,self-employed,single,high.school,unknown,no,no,telephone,may,fri,2497,22,10,6,nonexistent,-0.5493900882963223,93.53077698040401,-43.726511143545565,2.309726530849534,4993.8441355918585,yes
59,technician,divorced,high.school,no,unknown,yes,telephone,aug,wed,9,16,28,4,nonexistent,-2.3631625673343444,93.87784516565591,-50.59035466042594,2.673730914354258,5219.172007907497,no
20,self-employed,married,university.degree,yes,no,unknown,cellular,apr,mon,2871,5,21,2,nonexistent,0.12422438156626946,93.31160125748576,-40.016596951826685,3.2600783866669363,5067.949798628729,yes
47,admin.,married,basic.6y,unknown,yes,no,telephone,nov,thu,797,14,15,2,nonexistent,-1.3815173720691862,94.16347288189003,-32.87236089247534,2.6926386999738026,5208.153960944284,yes
25,services,married,basic.4y,yes,no,no,telephone,feb,thu,3313,22,17,5,failure,0.5492231052350669,94.6112451081587,-35.64333696361965,1.9065230675467035,5106.349892485464,yes
69,technician,single,basic.4y,yes,unknown,no,telephone,sep,thu,3322,1,29,6,nonexistent,1.1529896283623917,93.8586410363853,-28.64903091758272,4.389060345469565,5133.9517540025645,yes
24,services,divorced,basic.6y,unknown,no,yes,cellular,jun,fri,876,6,24,3,nonexistent,-0.7338306141289863,92.20907811196666,-34.40999661237606,4.1351765652357235,5010.13152592015,no
29,self-employed,divorced,basic.4y,no,yes,yes,cellular,mar,tue,1028,27,1,4,nonexistent,0.92320408584418,93.70866220467609,-47.423952426558365,2.3153813612204526,5197.611934842887,no
75,admin.,single,high.school,yes,no,yes,cellular,oct,wed,3190,6,17,6,failure,-3.2378021506099444,93.94968321671426,-44.42304466277926,1.1045330457429803,4986.734960576026,yes
36,technician,single,high.school,no,unknown,no,telephone,nov,tue,1015,23,16,6,nonexistent,-1.179081881278611,92.79310386254221,-47.80434105495561,0.6214260835495894,5224.774986420762,no
43,self-employed,divorced,basic.6y,unknown,unknown,no,cellular,may,thu,1824,12,999,3,nonexistent,-0.9832207791996268,92.90094984394793,-31.805822264426947,1.0067629664210345,5067.275271028504,no
45,management,divorced,high.school,no,yes,no,cellular,jun,fri,373,18,27,0,failure,-1.4040996192509745,93.6670749906995,-28.07837488508339,1.280870002080901,5007.082372310516,no
79,self-employed,married,basic.6y,no,yes,no,cellular,sep,mon,3136,22,3,0,failure,-1.8887570957534456,93.97991762423464,-45.392263979183724,3.494279868988722,5123.81826955128,yes
32,blue-collar,single,high.school,unknown,no,no,telephone,may,fri,2193,9,22,6,nonexistent,0.07021822191051662,94.44000413389807,-32.50398806581663,1.5662931951423396,5192.577723553689,yes
31,management,married,basic.4y,no,yes,yes,cellular,sep,tue,223,16,19,5,nonexistent,-0.7471253463727197,94.13506156343469,-40.35564001304603,3.3932320903620887,5068.631824720099,no
65,services,divorced,university.degree,yes,unknown,no,telephone,jan,thu,1262,15,20,4,failure,-3.0044013312890443,92.37511803396096,-42.31037194545123,2.044618963418628,4965.872730556907,yes
78,management,married,high.school,yes,no,unknown,telephone,dec,wed,2224,25,5,0,success,1.1634200091435,92.9746560244348,-27.213452448139797,4.5382317264448195,5194.313740080504,yes
76,self-employed,divorced,basic.6y,yes,no,no,cellular,oct,fri,1802,2,20,5,failure,0.8600830124668283,92.41654364168741,-42.5334799716501,2.663936912677243,5117.359573498014,no
31,management,divorced,university.degree,no,no,yes,cellular,apr,tue,852,5,4,4,nonexistent,-1.7033519245889825,94.1194355486515,-35.001389804674474,3.560541236268106,4988.163540457008,yes
20,blue-collar,married,basic.4y,yes,no,no,cellular,jan,tue,3353,29,29,0,nonexistent,-2.2182549146883495,92.74605639952274,-33.764125683738044,2.6281662173540963,5203.246295593345,yes
67,self-employed,single,university.degree,no,yes,unknown,cellular,feb,mon,62,23,19,1,nonexistent,-0.3833343477584107,92.34582100254455,-32.324604013477696,4.615170726128318,5168.115279159943,no
46,blue-collar,married,basic.6y,no,no,no,telephone,feb,wed,1240,21,29,2,failure,-3.19212347079972,92.26944399462805,-30.19802477409432,3.6246069996740284,5104.48455659703,yes
77,management,married,basic.4y,no,no,unknown,telephone,oct,tue,3925,13,8,5,nonexistent,-1.0192306869567906,92.32058826082259,-37.26813860297868,3.425497138187377,5081.7703351979135,yes
71,blue-collar,single,basic.4y,no,no,unknown,telephone,nov,wed,2874,19,20,6,nonexistent,-0.17139836382536572,92.69193211304044,-36.354915569083424,3.2061239020115972,5150.311082800957,yes
23,management,single,high.school,unknown,unknown,yes,telephone,may,thu,2842,1,24,3,failure,-1.447910739463459,94.19059371375275,-33.80381704250081,4.949890688160581,5059.390508831376,yes
66,technician,married,university.degree,yes,unknown,unknown,cellular,jan,fri,688,29,29,4,nonexistent,1.2669994231419122,92.66563794089069,-47.24159058217684,3.6129338118615704,5136.807921390096,no
40,management,divorced,high.school,yes,yes,no,telephone,oct,tue,1484,16,3,0,failure,0.050551666043143546,92.78782083150001,-46.0187949019125,3.918216804911621,5003.514747360341,yes
45,admin.,married,basic.4y,no,unknown,unknown,telephone,mar,thu,1633,7,24,6,nonexistent,1.0835204217784853,94.46594241240304,-32.53299086096224,0.9595328497523691,5001.273156854092,yes
31,blue-collar,divorced,high.school,unknown,unknown,no,cellular,nov,mon,2152,13,4,1,nonexistent,0.9578777398467433,93.23848206911362,-47.57432834894177,4.1825790465914645,5045.875572290216,yes
31,blue-collar,single,high.school,no,yes,no,telephone,jun,wed,3170,24,7,0,nonexistent,-2.767853632715646,93.42471798355838,-34.34562304326465,3.2255534187061565,5197.896259949899,yes
37,services,single,basic.6y,yes,yes,no,cellular,jan,thu,510,22,16,1,failure,-0.1905797611846035,92.00762246890916,-50.025303629967944,2.0813124944882495,5188.511856775616,no
30,services,divorced,high.school,yes,no,no,cellular,dec,wed,384,16,14,3,nonexistent,-0.535901276354818,92.22990122704219,-42.7326115981265,3.1594379827088583,5093.763334109807,no
44,admin.,married,basic.4y,unknown,no,yes,cellular,nov,wed,404,28,19,2,nonexistent,-3.1368124990747135,94.07367004630123,-34.97235889342229,3.352420578226644,5118.458269920425,no
77,blue-collar,single,high.school,no,yes,no,telephone,jan,tue,2870,12,12,6,success,-1.8741419084837754,92.93369670292671,-33.90953582372779,1.7448335979834566,5129.599601045653,yes
52,blue-collar,divorced,basic.4y,unknown,no,yes,cellular,mar,wed,517,7,14,2,nonexistent,-0.8340231228846594,92.41870720591626,-35.74020688242086,2.523084554272542,5062.30952051701,yes
62,services,divorced,basic.4y,no,no,unknown,cellular,sep,thu,475,25,28,1,nonexistent,-0.7688583471781849,93.20065732833527,-40.24720144973787,3.7739285915284406,5149.100464019389,no
78,services,married,basic.6y,unknown,no,no,cellular,feb,mon,2000,14,3,5,nonexistent,0.5075727021834101,92.12627354015389,-44.71334959608758,1.5937314442895871,5124.455045512867,no
73,management,divorced,basic.4y,yes,yes,unknown,telephone,dec,tue,2756,18,17,6,nonexistent,-0.5793400922155539,93.98625353038034,-36.14218499961575,4.2789514869255365,5057.327885766091,yes
19,self-employed,divorced,basic.4y,unknown,unknown,yes,telephone,jun,fri,3934,21,18,0,nonexistent,-1.1607688601074089,92.22453862771584,-46.379150850189625,0.9411166449916434,5038.6843427751155,yes
58,blue-collar,married,basic.6y,yes,unknown,no,cellular,mar,mon,1668,19,23,2,nonexistent,0.2094051235471745,92.15364907506212,-49.359638644089905,3.157358221427766,5223.010272798052,yes
62,blue-collar,single,basic.4y,yes,yes,no,telephone,jun,thu,1893,28,27,0,nonexistent,-0.6597281498412167,93.17516273670931,-50.331497558540406,2.270621851104391,5038.79595273708,yes
57,management,single,basic.6y,no,yes,yes,telephone,nov,tue,2818,13,7,4,nonexistent,0.8420316818938439,93.64380831777362,-44.40118885819931,0.8345789648453107,5009.637031110978,yes
65,blue-collar,single,university.degree,unknown,no,unknown,telephone,nov,wed,1460,2,13,0,nonexistent,0.946235894678712,94.13891344927161,-50.083805356324135,4.007742274252038,5184.351366986314,no
41,admin.,divorced,university.degree,unknown,yes,yes,telephone,jul,mon,3094,19,999,5,nonexistent,-0.4989385449773959,92.19869128289822,-44.8439127349034,3.004784099940359,5178.0662892975315,yes
46,services,divorced,university.degree,unknown,yes,unknown,telephone,jul,tue,3044,4,1,4,nonexistent,-0.6911891450374433,92.93749529775401,-43.883207688172924,3.7474336303176377,5026.751229372179,yes
20,services,married,basic.4y,unknown,yes,unknown,cellular,feb,fri,3636,14,19,4,nonexistent,-0.033855474602717484,92.75198436226718,-42.556094134900015,2.2725420400814804,5188.079632139255,yes
62,self-employed,divorced,high.school,no,yes,unknown,telephone,mar,fri,2724,2,26,2,nonexistent,0.08246056171994148,94.08252350545472,-33.747822973894955,4.382329593225177,5204.734469258432,yes
21,services,divorced,basic.6y,no,no,no,telephone,apr,fri,713,18,28,4,nonexistent,0.09040981999072169,93.03439275599241,-40.252642400991355,0.9683086420607472,5051.347008914967,no
67,technician,single,university.degree,no,no,yes,telephone,aug,tue,3529,24,21,0,nonexistent,-0.42060880450542193,93.7579908075903,-27.25130736771751,1.6267551314739293,5050.506011714961,yes
19,admin.,divorced,basic.6y,yes,yes,no,telephone,may,mon,82,19,2,6,failure,0.2615053177463419,93.3702592345675,-28.158171104076555,4.096253858563751,4998.23536402211,no
37,admin.,divorced,university.degree,yes,yes,yes,cellular,jan,wed,1168,19,15,3,nonexistent,-2.7082451980341373,93.59504349752265,-27.34125885581994,4.800588724536147,5125.163003071551,yes
71,management,divorced,university.degree,yes,unknown,unknown,cellular,sep,mon,3156,4,22,5,success,0.5430739635187691,93.02375695713778,-40.94771267554605,4.3243611667850335,5147.1591203184535,yes
70,technician,married,basic.4y,no,unknown,no,telephone,jan,wed,3149,27,2,0,success,-1.9099244255754004,92.66992689161096,-49.74355809327683,1.615785741093903,4983.011383757834,yes
32,blue-collar,divorced,basic.6y,yes,yes,no,cellular,feb,mon,2504,21,23,1,nonexistent,0.8513011965937731,92.16727215073543,-30.23888598696888,2.133569553075349,5018.855206509235,yes
66,self-employed,married,basic.4y,unknown,unknown,no,telephone,jul,mon,1901,19,5,6,nonexistent,-2.7672340157677837,92.4857138585126,-40.40621585400097,3.9681831361050914,5035.125611359581,no
49,admin.,single,basic.6y,yes,unknown,unknown,telephone,nov,tue,2048,22,7,1,nonexistent,-3.382705093356167,92.48328129542953,-35.476238819512346,4.763596604123608,5081.5833141232215,no
78,technician,divorced,basic.6y,no,no,yes,cellular,mar,fri,50,26,22,0,failure,-3.3247714155899577,94.61755561377078,-30.642085967659497,1.872688179800273,5181.46598119414,no
59,technician,married,high.school,no,no,unknown,cellular,jun,fri,684,3,11,1,nonexistent,-2.3912324553572346,94.62466608291575,-36.285376359395386,2.299905265204444,5022.910780558753,yes
18,admin.,single,university.degree,no,no,no,telephone,aug,fri,716,8,4,3,nonexistent,-2.8538818044880236,92.71624359193085,-33.18802092662833,0.7006390124864575,5177.2070302622105,no
55,management,divorced,basic.4y,no,unknown,no,telephone,may,fri,3843,4,4,1,nonexistent,-0.7412185519016872,92.29579703213915,-44.85491563816373,2.8193682109807976,5198.962291582007,yes
52,technician,married,high.school,unknown,yes,unknown,cellular,jan,mon,1469,21,2,2,failure,-1.2476121527374382,92.7888109473301,-46.13818872534025,0.987911643079135,5016.6418539706665,yes
68,services,married,basic.6y,yes,no,no,telephone,oct,fri,448,3,3,6,failure,-0.49094672783496485,94.23005267786834,-37.52906489987429,0.9766089106785438,5226.216663509779,yes
24,technician,single,university.degree,yes,unknown,no,telephone,dec,mon,880,5,23,6,nonexistent,-2.475246056443378,94.43814517359742,-35.553094843145885,3.9497909996540566,5100.281448763111,yes
62,blue-collar,divorced,basic.4y,no,yes,yes,cellular,mar,wed,487,11,4,6,nonexistent,0.21842725582513184,93.40308476106841,-29.9644193693578,2.1132475682850673,5109.555810484731,no
30,admin.,divorced,high.school,yes,no,yes,cellular,nov,thu,1823,29,28,3,nonexistent,-0.46974911377620165,93.51233332516244,-31.168572428051302,4.716814916070115,5126.552136008851,yes
66,blue-collar,divorced,basic.6y,unknown,unknown,yes,cellular,feb,thu,2081,23,24,6,nonexistent,-2.338267349168512,93.28437008997209,-27.161634022825933,3.750767716013553,5175.941233442189,yes
18,management,married,high.school,no,no,yes,telephone,jun,wed,3419,19,2,2,failure,-1.4851600978633532,92.51185556272473,-27.704153949172873,1.896953853503774,5136.38585534696,yes
31,self-employed,divorced,basic.6y,yes,unknown,yes,telephone,may,mon,2142,19,9,2,nonexistent,0.04738627508268532,92.13936655420916,-35.8981163163035,3.600280890088851,5157.9698373498095,yes
46,services,married,basic.6y,yes,no,yes,cellular,jul,fri,3143,17,18,6,nonexistent,-0.1342207676380991,93.73991145508018,-38.76703949564317,4.408639283610535,5079.902660134314,yes
75,admin.,married,university.degree,yes,unknown,no,cellular,feb,tue,1574,2,23,3,nonexistent,-0.7007759264697523,94.2364436949267,-32.62063927270991,2.5185633634218374,5119.644454247606,yes
20,technician,single,basic.4y,yes,yes,no,telephone,jun,mon,2201,20,7,5,failure,1.2992860040108205,94.09817240088785,-44.55319525538057,3.071795398309422,5028.957179708049,yes
63,services,married,university.degree,no,no,yes,telephone,nov,mon,249,28,27,2,failure,-2.7672515365734207,94.52082730152823,-42.37821134582818,1.5569489233774365,5059.677513577328,no
41,technician,single,basic.4y,no,no,unknown,telephone,may,wed,673,9,22,1,nonexistent,-1.056260537305108,94.2782142410588,-32.46569063008277,2.369718288302175,5130.653157851696,no
18,management,single,basic.4y,unknown,unknown,yes,cellular,jun,wed,437,3,5,0,failure,-0.4046329980375816,92.80521314352112,-28.095699975846177,3.1478171360975296,4974.447290449441,no
65,self-employed,divorced,basic.6y,no,yes,no,cellular,may,tue,2165,10,22,3,nonexistent,1.371324540638573,92.32707835590352,-29.400962563741803,3.3081045144222605,5116.648423452569,yes
27,admin.,single,high.school,yes,yes,unknown,telephone,jul,fri,770,21,6,6,nonexistent,-0.7955656262605346,93.20605473068672,-49.058712945513705,3.768151334419697,5109.266145224223,yes
30,management,divorced,basic.4y,yes,no,unknown,telephone,may,thu,3962,9,5,0,nonexistent,-1.2766218608138424,92.97526216423098,-45.25719547934737,4.812354033242725,5012.981443337107,yes
53,management,single,basic.4y,yes,unknown,unknown,telephone,jul,fri,3377,20,12,3,nonexistent,1.027000882373342,94.04003159843535,-44.268180300287156,4.28956442433734,5210.505083503837,yes
26,self-employed,married,basic.4y,unknown,no,no,telephone,jan,fri,267,4,12,3,nonexistent,-0.9693614055712579,92.19032581350552,-41.64178382762382,4.346983822018806,4985.736301744387,no
31,management,divorced,basic.4y,no,unknown,unknown,cellular,sep,mon,1984,22,24,2,success,1.1082924205534117,94.64042836142092,-49.10965414691953,3.0530529196643026,4977.227986944827,yes
53,management,married,basic.6y,no,yes,no,cellular,jun,tue,1077,7,20,0,nonexistent,0.20196446327488302,94.68007086293096,-45.28189591973772,1.23436341843481,5191.3946402696065,no
27,technician,divorced,university.degree,no,no,no,cellular,sep,mon,235,12,4,5,nonexistent,-2.5941292315549114,92.24736533022195,-33.68418501653507,3.3961648934914037,5185.860635759598,no
57,blue-collar,married,high.school,yes,unknown,yes,cellular,jan,wed,388,11,5,6,nonexistent,-2.596164811138063,93.21509823458997,-44.957615060426285,2.3875365494605036,5068.40567251597,no
40,technician,single,basic.6y,yes,yes,no,cellular,feb,thu,3037,22,9,1,nonexistent,-1.8737259112177584,94.51760836677506,-28.273250889410303,0.7400995651948608,5221.591908075774,yes
52,self-employed,divorced,basic.6y,yes,unknown,unknown,telephone,jul,tue,3805,29,26,0,success,-3.0752031341853843,92.52438766309724,-40.68948936104942,1.457356356271145,5221.610953269857,yes
72,services,divorced,basic.6y,unknown,no,no,cellular,apr,tue,762,29,28,3,nonexistent,-0.7958039230143431,93.938198917353,-48.417510396811174,3.939927299648004,4996.6567720376215,no
24,self-employed,divorced,basic.4y,unknown,unknown,no,cellular,oct,fri,1848,29,19,1,nonexistent,0.7267632818124413,93.99139963495209,-30.66013060454461,3.376422825612619,5090.420365229926,yes
59,self-employed,single,high.school,yes,no,yes,cellular,jan,mon,2448,27,25,2,failure,-1.4798817833590516,92.65407186555977,-28.91952747121818,4.905098766118117,4977.7156462491985,yes
52,self-employed,married,basic.6y,unknown,yes,yes,telephone,may,fri,623,15,9,1,nonexistent,-0.2880801336272086,92.01726574950166,-28.618096700668897,4.663160806967595,5058.226797816284,no
19,self-employed,single,basic.6y,unknown,unknown,no,telephone,apr,fri,2814,20,24,1,nonexistent,1.3111150789917203,93.86051300271566,-38.99509238061253,3.2147413563404807,4982.556375587622,yes
32,management,single,basic.6y,unknown,yes,no,cellular,jun,tue,3374,14,27,0,nonexistent,-2.4700751638055443,93.72831832547435,-28.799788019013544,1.2817423955256075,5006.127232963185,yes
26,self-employed,single,basic.4y,no,yes,no,cellular,jul,thu,2966,7,15,3,nonexistent,-1.681284177577484,93.81918538017673,-33.85038240135213,2.0799214131732944,5199.713207505763,yes
64,services,married,basic.4y,unknown,no,yes,cellular,nov,wed,3278,15,17,3,success,-3.2800489619279625,92.43804191099032,-46.124783708530806,1.6252470522080595,5186.926738163631,yes
34,self-employed,single,basic.6y,yes,no,yes,cellular,mar,fri,1252,14,26,3,failure,-2.2869088416744012,93.69045591482127,-38.05670116830135,2.670271656699647,5190.5232939595535,yes
79,technician,divorced,basic.4y,no,yes,unknown,telephone,jun,thu,2900,28,27,4,nonexistent,0.3412135722000714,93.51668886195594,-40.455038733906825,4.122523121994212,4972.237507020078,yes
56,management,single,high.school,unknown,no,unknown,cellular,feb,fri,3981,11,2,2,failure,-0.24836691649094686,93.26715461227727,-40.019823628746785,4.216132955101295,5114.150038357067,yes
69,technician,married,basic.4y,yes,yes,unknown,cellular,dec,thu,577,10,24,0,nonexistent,0.3622798662899494,94.17538369916768,-40.92143512965537,1.3834891614999525,5168.3440234541995,no
35,management,divorced,basic.6y,unknown,no,unknown,cellular,oct,mon,2122,19,999,3,nonexistent,-1.3584950883759561,93.08723473991554,-46.6109468281958,3.0159857742468716,5146.542976719548,yes
32,technician,married,high.school,yes,no,yes,cellular,apr,wed,434,3,20,1,nonexistent,0.1310408889079207,92.98914809191069,-41.47821672214249,3.5776236251586724,5096.009841194204,no
35,admin.,single,basic.4y,yes,unknown,yes,telephone,oct,tue,2150,12,2,4,nonexistent,-0.5221259861504134,93.51481559387892,-38.563167503537436,2.3451790963245642,4995.800642750878,yes
41,blue-collar,married,basic.6y,unknown,unknown,no,cellular,sep,mon,3493,13,29,2,nonexistent,-1.8235921672877098,94.64373836671595,-43.97238409178569,4.583921084809292,5168.312745293907,yes
40,blue-collar,divorced,university.degree,unknown,no,unknown,cellular,jul,fri,3775,7,18,3,nonexistent,-1.4204620590608759,92.96392064370221,-46.57326916923277,2.179683951400035,5198.976295275495,yes
29,management,married,university.degree,no,yes,no,cellular,feb,fri,763,12,999,4,success,-0.8016137306821832,93.24692405658013,-46.06217368762933,2.7565931093433966,5034.588384936322,no
40,admin.,divorced,high.school,unknown,yes,no,cellular,jun,wed,2785,22,7,6,nonexistent,1.1908869921114653,92.74570415323629,-46.1880096268044,3.1820776175372596,5106.3228859264855,yes
38,services,divorced,high.school,yes,yes,yes,cellular,apr,wed,2853,2,29,2,nonexistent,1.0705380748900004,93.90291486570318,-40.12266678001733,2.4803510692178645,5093.314172421638,yes
79,admin.,single,high.school,no,no,no,telephone,aug,wed,1329,1,18,5,nonexistent,1.3350916007360771,93.01943852631118,-45.80299970546709,4.83999453898541,5157.520200176869,yes
43,management,single,basic.4y,yes,no,no,telephone,dec,fri,2145,6,3,5,nonexistent,-3.3212237163003167,93.93955089998035,-33.655884044788614,3.9460475452261914,5208.539354189858,yes
25,admin.,divorced,high.school,yes,yes,yes,cellular,aug,fri,3921,25,15,1,nonexistent,0.04246320564356512,92.40798857489996,-42.77849730025069,4.247967705855484,5083.447324088367,yes
47,services,married,basic.4y,unknown,unknown,yes,telephone,jan,tue,2845,19,4,6,nonexistent,0.8943461662488479,92.7385401856285,-28.348715265347465,3.9115731352263716,5085.92951015719,yes
51,management,divorced,basic.6y,yes,unknown,yes,cellular,aug,wed,1358,25,4,4,failure,0.14857100291418007,92.57765906453204,-49.30077211415375,3.1876696393558093,5023.400317259238,no
19,blue-collar,single,basic.4y,unknown,yes,yes,cellular,oct,thu,2906,6,27,0,nonexistent,-1.4012761035148915,94.17672746217384,-43.392130703537134,0.7239220326383323,5011.009890849101,yes
22,self-employed,married,basic.4y,yes,no,unknown,cellular,jul,tue,2482,13,1,6,nonexistent,0.07900033134951126,92.25078973808291,-33.15342527692777,3.9648708656069376,4973.8075367937745,yes
48,admin.,divorced,basic.6y,no,no,unknown,cellular,jan,thu,446,4,22,2,nonexistent,-1.2681602359100448,92.70544870543935,-34.433677312980215,3.295854478088986,5179.850183314818,no
50,blue-collar,single,university.degree,unknown,yes,unknown,cellular,mar,mon,2017,26,5,4,nonexistent,0.028139063979106243,93.42069278733655,-40.7468900898611,0.9552236288273479,5070.029561256333,no
71,blue-collar,divorced,basic.4y,no,unknown,no,cellular,may,wed,1331,26,29,4,nonexistent,0.34568395702192495,92.24590997067347,-30.002274715546992,1.1217596177290663,4982.969551329936,yes
21,technician,divorced,basic.4y,unknown,yes,unknown,telephone,mar,tue,248,26,26,2,failure,0.6473230712947449,92.03095464236081,-49.094208249244126,2.717250197979051,5109.3774711175965,no
23,services,divorced,basic.6y,no,yes,yes,cellular,mar,tue,165,14,6,4,nonexistent,0.0945171471952786,93.93519878060657,-38.63255690272499,4.352489217030635,5052.30012488765,no
40,self-employed,married,high.school,unknown,yes,unknown,telephone,jan,mon,3552,16,14,4,nonexistent,-2.6319095617183574,93.71802147691746,-46.01011009847219,3.0364921380065604,5220.553613226209,yes
62,admin.,single,basic.6y,no,unknown,yes,telephone,aug,mon,3031,28,9,2,nonexistent,1.0941336344671337,92.02356170934804,-41.86275218794947,4.646309370762465,5082.043446146459,yes
36,blue-collar,single,university.degree,no,yes,unknown,telephone,sep,mon,1358,29,9,6,nonexistent,-2.375728620410929,92.13589969587721,-34.09241502797253,4.188871415686835,4990.787039599553,yes
60,blue-collar,divorced,high.school,unknown,unknown,unknown,cellular,may,tue,1019,2,18,1,nonexistent,-1.6836702833515886,92.6142381665352,-48.434561303421816,3.3754479734295013,5132.41569521019,no
62,services,divorced,university.degree,unknown,no,yes,cellular,jan,fri,541,9,23,5,failure,-1.3402802421320472,94.53730091482113,-49.75385714947854,1.9787932220411937,5173.463823860692,no
25,self-employed,divorced,basic.4y,yes,unknown,yes,cellular,jan,thu,758,13,15,0,nonexistent,0.019582902970850885,93.82763545574596,-40.742156856845305,4.352028477252307,5117.3560357129845,yes
56,self-employed,married,university.degree,yes,unknown,no,cellular,sep,thu,3177,21,21,2,failure,-0.034064719506115754,94.25400072149093,-44.31302260078435,3.5004504926905153,5168.540528058086,yes
30,blue-collar,single,university.degree,unknown,yes,no,cellular,jan,mon,3634,14,22,3,nonexistent,1.216277451567217,94.12653882481685,-33.57957192323103,3.0321675120497518,5042.873779497387,yes
18,blue-collar,divorced,basic.6y,unknown,no,no,telephone,sep,fri,2128,14,8,4,failure,-2.495141896900758,94.75247013601187,-49.233340794236106,2.8027427725669303,5104.121208949454,yes
23,blue-collar,single,high.school,no,yes,unknown,telephone,mar,fri,2180,5,23,6,nonexistent,-1.236498168418793,94.66043994187976,-27.70052003511226,1.5363734865703453,5182.34804794482,yes
24,blue-collar,divorced,basic.4y,no,unknown,unknown,cellular,mar,mon,796,2,7,0,nonexistent,-2.42208403054136,92.18845747751968,-35.96402275738441,0.6692502204428535,4983.48340528526,no
65,technician,single,basic.4y,yes,unknown,yes,telephone,apr,wed,2947,5,18,0,nonexistent,-0.17169937766299967,92.06352732732935,-38.81974962900135,3.7526307591179724,5032.220449360801,yes
79,technician,divorced,basic.4y,yes,yes,yes,telephone,may,tue,137,6,999,2,success,-2.3774518300369945,93.39179218207327,-40.940063125945635,4.646286599093839,5129.412601990051,yes
44,self-employed,married,high.school,yes,no,no,cellular,jun,wed,2231,2,27,3,nonexistent,0.7658872203040413,92.76083109084853,-32.898774776773514,1.4081138499311034,5097.448320540895,yes
32,management,divorced,high.school,no,unknown,yes,cellular,jun,fri,3472,1,16,3,nonexistent,1.3171545807476994,93.41278613418909,-42.28386152008255,4.712784075979341,5167.166699889422,yes
69,admin.,divorced,university.degree,no,unknown,unknown,cellular,oct,mon,1353,16,25,1,nonexistent,-1.879167065717413,92.2538852358064,-32.23094489261341,0.9164120339392261,5010.7221682804875,yes
79,services,divorced,university.degree,no,unknown,yes,telephone,sep,tue,2832,22,17,3,failure,0.14893706017119146,94.54481509698338,-33.81444891188921,3.0308467329274387,5187.7193504921215,yes
51,management,divorced,high.school,yes,no,yes,telephone,jan,thu,3579,9,23,5,nonexistent,-0.8425564127797823,94.16747944441074,-37.62275984169689,1.1084600821683068,5127.206996483035,yes
75,technician,divorced,basic.4y,unknown,yes,yes,telephone,sep,fri,1875,25,25,2,failure,-1.6754601651203667,93.54592625599427,-29.56072742043526,4.5120596133859525,5017.376410819497,yes
74,technician,single,high.school,yes,no,yes,telephone,apr,tue,3031,14,14,0,nonexistent,-2.482112854340047,93.30219875257245,-42.53093961108125,1.054256835493863,4978.5442825024475,yes
40,technician,single,basic.6y,no,no,yes,telephone,jul,tue,68,9,5,0,nonexistent,0.05219885275100125,93.31178342073626,-49.41738102361918,1.7046403308122449,5223.328984736627,no
65,management,married,high.school,yes,unknown,no,telephone,jun,wed,2593,29,21,3,nonexistent,-2.6380333160947567,93.72611008847502,-41.808792416843254,4.146109719438792,5081.028699219388,yes
66,technician,divorced,high.school,yes,no,no,telephone,sep,thu,3845,5,16,4,success,-2.052939930550855,93.52695493170661,-29.87949553630182,3.6293416251500914,5034.375661987819,yes
41,management,single,basic.4y,yes,unknown,unknown,cellular,feb,wed,2100,15,17,6,nonexistent,1.0141353734742744,93.35026631399954,-48.95215605710402,2.3077624979288482,5011.286408897433,yes
32,technician,single,university.degree,yes,no,no,telephone,nov,wed,1473,10,20,5,success,-0.9598500346565928,93.90191896220594,-32.56064391324476,4.281784265162958,5028.192048231806,yes
52,blue-collar,divorced,basic.6y,no,no,yes,cellular,feb,wed,204,15,18,6,nonexistent,0.6996060986356357,94.14194660776184,-31.07631092875762,3.3970797542529185,5093.135686405174,no
21,blue-collar,divorced,basic.6y,yes,yes,no,cellular,jul,wed,2173,17,1,1,nonexistent,0.28421142399392313,93.80027049437656,-40.57193032602579,1.743020911078554,5189.193406061145,no
61,admin.,married,basic.6y,no,no,unknown,telephone,dec,fri,3818,3,29,3,nonexistent,-1.5940531114577374,93.09588454839012,-46.15098731395733,3.857185212479628,5018.744548862184,yes
54,technician,married,high.school,yes,yes,no,telephone,sep,thu,42,8,24,5,nonexistent,-2.353482617344384,93.16010712724368,-42.303176727346546,2.065462763552605,5060.987270629084,no
34,admin.,single,basic.4y,no,unknown,unknown,cellular,may,wed,3823,25,25,2,failure,-2.9204283293175344,92.27588894992788,-41.27652743306886,4.189249118364738,5174.480346223346,yes
48,management,married,high.school,unknown,unknown,unknown,telephone,jul,fri,1906,4,6,1,success,1.2110136427559066,93.16072714376114,-28.519012913762506,4.03900563784662,5139.332869667639,yes
55,admin.,single,university.degree,no,yes,unknown,cellular,nov,fri,2158,11,16,5,failure,-1.8414337784768058,94.20021842592917,-43.99752290466488,1.9574801663248378,4971.192426888485,yes
27,technician,married,basic.4y,no,unknown,yes,telephone,aug,tue,760,28,14,3,failure,-0.16904932001408998,92.18611744718912,-27.554558396215803,1.0560689104444616,5029.8056243849505,no
71,management,divorced,basic.6y,unknown,unknown,unknown,telephone,aug,tue,3734,19,15,1,nonexistent,0.10543154828058153,92.491454217444,-48.19919147489496,4.211469598148617,4997.297203564349,yes
67,management,married,high.school,unknown,no,no,cellular,apr,mon,3254,14,26,4,nonexistent,-2.4511214041583704,94.35932645766886,-27.520696818944757,2.203574904080029,4974.522424180326,yes
44,blue-collar,single,basic.4y,unknown,yes,no,cellular,oct,fri,2895,18,16,2,success,-0.06974601279127665,93.59025295520698,-45.46266928019286,2.031418545897927,5214.13105460019,yes
59,management,married,high.school,unknown,unknown,no,cellular,jul,mon,2142,21,2,3,nonexistent,-3.355306742731536,93.87935708314161,-46.79054250034441,0.6800501989716456,5127.852978483588,yes
23,management,single,basic.4y,unknown,yes,unknown,cellular,jan,fri,1994,2,9,0,failure,-1.3926262467669244,92.90036530322132,-47.92959959520099,3.793841552607091,5106.900412470939,yes
73,admin.,single,basic.6y,unknown,no,unknown,telephone,apr,wed,3445,27,5,2,failure,-1.7180461295774898,93.36863772487122,-43.2414156939986,1.8059001914338424,5191.091091566423,yes
23,self-employed,married,university.degree,yes,unknown,yes,cellular,dec,wed,1935,9,28,4,nonexistent,1.0775059981603807,94.13241371716,-36.0641774778461,2.5178380382688648,5120.044857716395,yes
69,management,married,university.degree,yes,unknown,unknown,cellular,may,mon,3591,10,1,5,success,1.3329205775367994,94.45292147458898,-34.874712602198336,4.559099149515136,5116.398354166634,yes
32,services,single,high.school,unknown,yes,no,cellular,oct,wed,899,27,10,4,nonexistent,-2.017899598775316,94.727778249253,-41.95807302183451,1.1513497014702199,5017.001774490317,no
21,self-employed,divorced,basic.6y,no,unknown,yes,telephone,dec,wed,359,25,7,0,nonexistent,-0.4719839048133132,94.38287151669974,-45.28488139641264,0.7673719462479043,5127.692775439749,no
74,blue-collar,married,high.school,no,yes,no,telephone,jul,tue,2947,13,13,6,nonexistent,0.1770531596760399,92.18895291206813,-27.01881066340774,3.066235854045483,5140.286694200901,yes
65,blue-collar,single,high.school,unknown,unknown,yes,cellular,dec,wed,1719,19,11,2,nonexistent,-2.4827123154241373,92.96139909357841,-44.33296726709864,3.6793559463151544,5196.722200835067,no
71,management,divorced,basic.4y,yes,no,unknown,telephone,jun,tue,280,4,19,3,nonexistent,-0.10426966864264674,94.09689090740673,-41.75885657836982,2.923949940264617,5076.10280342555,no
73,admin.,single,basic.4y,yes,no,yes,cellular,apr,thu,3266,28,23,0,nonexistent,-2.163037465724923,93.17026905023043,-39.30458925427527,2.0941414294046425,5017.538447902126,yes
57,self-employed,married,basic.4y,no,yes,unknown,telephone,mar,fri,1887,16,27,6,failure,-2.589477282962248,93.22183851581003,-33.123845419661365,2.1902947943053883,5114.172658218587,yes
24,blue-collar,single,basic.6y,unknown,unknown,unknown,cellular,nov,tue,3266,12,6,3,success,0.6832453760188997,94.22407823331612,-47.16493589282502,1.258451499651316,5220.841444749112,yes
68,blue-collar,single,basic.6y,yes,unknown,no,cellular,jun,tue,666,25,17,1,nonexistent,-0.9881000704705738,94.33357285091385,-44.43939353966509,1.9715484991710488,4983.518420807807,no
75,services,single,high.school,unknown,yes,unknown,telephone,oct,tue,92,16,24,3,nonexistent,-1.9745736751598117,94.21594330220213,-26.973954249169488,3.939097782428087,4964.518406967161,no
66,management,married,basic.4y,unknown,no,unknown,cellular,dec,fri,671,17,4,1,success,-1.4574577277705676,92.99294888541641,-31.078698697983533,2.796220664171188,4973.0992777246065,no
70,self-employed,divorced,basic.6y,no,no,unknown,cellular,may,fri,1969,16,5,3,nonexistent,-1.4167799553318825,92.6384380961861,-40.19142801768095,4.5193335684321205,5183.491644616685,yes
62,blue-collar,divorced,high.school,unknown,no,no,cellular,dec,fri,60,7,12,1,nonexistent,0.296165083312127,93.00447953161564,-48.2023296079304,1.3392068438874152,4963.896677560726,no
64,blue-collar,divorced,basic.6y,unknown,yes,unknown,telephone,mar,wed,2681,2,29,2,nonexistent,0.85643880221069,93.96387389253309,-30.085662875398658,2.546659586986621,5022.200382879477,yes
43,blue-collar,divorced,high.school,no,no,no,telephone,apr,tue,3122,9,1,6,nonexistent,-1.1168184661345504,93.02120085330101,-32.08619925780584,3.6870750218937327,5223.21477777482,yes
75,blue-collar,married,university.degree,yes,yes,yes,cellular,feb,fri,3474,27,18,4,nonexistent,-1.850146335654182,92.15507051171672,-36.92156383179589,1.7980659371336951,5160.870884077059,yes
48,admin.,single,basic.4y,unknown,no,no,cellular,sep,thu,3860,12,25,2,success,0.09087033083270249,94.24211944082876,-41.13347513775367,1.7741227158526849,5021.473278552896,yes
19,technician,divorced,university.degree,no,no,no,cellular,jul,fri,1028,13,27,0,nonexistent,0.9454940449800943,92.17759618469674,-28.438807411921836,1.064648574023016,5022.291889933574,yes
45,services,divorced,high.school,yes,yes,unknown,telephone,dec,mon,1489,14,7,2,nonexistent,-2.852391623848402,94.78917407266061,-43.73370490710603,4.528897204433998,5084.832329915263,yes
59,admin.,married,high.school,unknown,unknown,no,cellular,oct,mon,603,12,10,2,nonexistent,0.4246967406925815,94.41238805166785,-43.13015237561358,1.3591266218780806,4983.697809808332,no
30,services,single,basic.4y,yes,unknown,yes,cellular,mar,tue,681,3,20,4,nonexistent,-0.7255752496258225,94.6777445780829,-29.874725863486034,4.868559035396129,5136.334788503756,no
35,blue-collar,single,basic.4y,no,unknown,no,cellular,aug,tue,3900,22,15,5,nonexistent,0.7645045090516794,94.3331175314802,-35.83041534982774,2.574886487312205,5094.951030480203,yes
47,services,divorced,high.school,unknown,no,unknown,telephone,aug,tue,2581,21,25,2,failure,-0.9322962868640428,92.28299431252206,-28.073479591932884,4.919856234274692,5074.495024611139,yes
72,management,divorced,basic.6y,no,no,yes,cellular,nov,wed,1428,16,999,0,failure,0.7403637728765763,93.17251443530418,-35.38423212944491,0.777554963069793,5093.278564225683,yes
28,management,single,basic.4y,no,unknown,unknown,telephone,jan,mon,2885,18,24,2,nonexistent,-0.7384767495327458,94.54221756039885,-50.011517769886694,3.0952095784612577,5035.507182566385,yes
30,technician,married,high.school,unknown,no,unknown,cellular,may,mon,3584,25,28,2,success,-2.7045651419708596,92.25446230357117,-46.57457334415008,3.6396911763420987,5020.083239189043,yes
68,technician,single,basic.4y,no,no,no,cellular,may,tue,2692,3,26,2,failure,-3.3762602995399624,92.85468802907684,-44.06477442353829,2.8719357119363305,4981.7300845189375,yes
78,services,single,basic.4y,yes,unknown,unknown,cellular,dec,mon,2280,22,15,6,failure,-0.4239340590571159,93.30787627495383,-30.07246692313057,3.108452295648484,5129.040522487597,yes
41,admin.,divorced,university.degree,no,yes,yes,telephone,mar,mon,523,9,11,2,nonexistent,-0.5578650802625779,93.25976046873527,-30.942553695672803,2.9689610093679955,5094.282139066438,yes
74,admin.,married,university.degree,unknown,unknown,yes,cellular,feb,wed,2393,15,16,4,nonexistent,-2.3909254819025154,94.64292376770211,-31.911183222059424,1.2576115080254489,5151.675136198234,yes
79,blue-collar,married,basic.6y,unknown,unknown,yes,cellular,jan,thu,3117,8,8,6,nonexistent,0.683031665883035,93.10633204699955,-37.570450870295616,2.9403936615555275,5200.164185140409,yes
46,admin.,married,basic.4y,yes,yes,yes,cellular,apr,tue,2593,10,25,4,nonexistent,0.7652492335293078,92.6690914705407,-47.478857209015636,2.9836109555775785,5226.25829083615,yes
73,technician,divorced,high.school,unknown,no,no,telephone,dec,thu,1968,21,5,0,nonexistent,0.46005700613226225,93.24581666694482,-47.66430168876312,2.164559113522844,5023.759868082443,yes
71,admin.,married,high.school,no,unknown,yes,cellular,nov,thu,1101,22,6,5,nonexistent,1.095616144473089,93.10878248632505,-47.78640239044734,3.272927424924068,5008.022474440204,yes
22,blue-collar,married,basic.4y,no,unknown,no,cellular,oct,wed,1753,3,12,0,failure,-0.9680162402911069,93.74524760343792,-30.374773444269668,2.41237806109172,5204.852259275457,yes
52,management,divorced,basic.4y,unknown,no,unknown,cellular,feb,mon,1836,5,16,0,failure,-0.028928910692865843,94.7836120836911,-47.41678559331854,3.9226814491183246,5069.820188034741,yes
36,admin.,single,basic.6y,yes,no,unknown,telephone,may,tue,3994,6,9,5,success,0.9414408308826713,93.54396828939372,-31.476194799548082,0.768124532737731,5176.10938231662,yes
72,admin.,married,basic.6y,yes,yes,no,telephone,dec,fri,3144,14,10,2,nonexistent,-1.2100092926074775,93.29423500693933,-30.610485455528664,0.6437839906988335,4999.394806790492,yes
30,technician,single,basic.6y,unknown,no,unknown,telephone,nov,thu,2841,19,13,5,nonexistent,-0.4315469407261334,93.6627859124773,-48.28968395109649,2.9052521401909432,5041.584440268575,yes
22,services,married,high.school,no,unknown,unknown,telephone,oct,thu,2296,26,16,3,nonexistent,-0.9386079781607028,94.74343754465163,-29.242124444147127,4.952581320294284,4966.528080988008,no
61,management,single,university.degree,unknown,no,yes,telephone,dec,wed,2094,18,15,6,nonexistent,1.3196105004823169,93.74943974853237,-29.348837962432192,2.560029077020433,5225.423984143421,no
31,services,single,basic.6y,unknown,no,unknown,cellular,feb,thu,1144,26,4,2,nonexistent,-1.2993793800827307,92.3442168872543,-35.54673870835254,0.6522683917807551,4965.0923093479305,yes
55,blue-collar,divorced,high.school,yes,yes,unknown,telephone,jan,thu,2261,25,17,3,nonexistent,-1.8782471645756764,94.55552626971692,-38.53907025620316,1.9952660216923652,5009.001198844797,yes
79,blue-collar,divorced,basic.6y,no,yes,no,telephone,oct,thu,2286,7,10,0,nonexistent,-0.377769708100008,93.65430097915556,-35.32939630706153,2.6559039423151707,5111.061521045737,yes
39,services,married,high.school,yes,unknown,yes,telephone,oct,wed,1079,4,9,2,failure,-2.0526605957984,92.44269509826069,-41.124893642234966,4.564968670174551,5188.524191315041,no
26,technician,married,basic.4y,yes,unknown,unknown,telephone,dec,mon,2397,29,27,5,nonexistent,0.7163211983495568,92.64537737903103,-36.73101946911521,1.1336426640171826,5173.630487120897,yes
66,self-employed,divorced,high.school,no,no,unknown,telephone,oct,thu,106,3,20,5,failure,0.8827382143357233,92.33749907681914,-27.62834614202862,4.667316636243914,5030.560761803321,no
57,technician,married,basic.4y,no,unknown,no,telephone,oct,tue,2878,13,20,6,nonexistent,-1.7436620700615835,94.6901287230635,-48.09237444771714,4.736674648221068,5196.4232916167475,yes
43,self-employed,married,high.school,no,unknown,unknown,cellular,sep,thu,47,4,21,5,nonexistent,-1.6798251435415352,92.19837973800561,-45.212398601774396,3.42021188558191,4982.0170670307425,no
62,self-employed,divorced,university.degree,unknown,no,yes,cellular,feb,thu,3644,9,24,5,nonexistent,-2.984193732682862,94.1403972640907,-38.27424308676156,1.59080411869482,5051.371357004864,yes
78,technician,single,high.school,no,no,yes,telephone,oct,tue,336,25,5,0,nonexistent,-2.171731997032061,92.9454437871904,-44.61925564505166,2.961516522812652,5033.170758675074,no
22,self-employed,married,basic.4y,unknown,no,yes,telephone,apr,wed,1049,28,9,4,nonexistent,-3.0740817242253726,92.22711541223757,-27.072810431145033,4.193261921143478,5137.07383980532,no
46,self-employed,divorced,university.degree,yes,yes,no,telephone,mar,fri,2851,6,10,0,nonexistent,0.2347155097624421,93.21477226915631,-33.58553804145638,2.1754068990342343,4973.720561446428,yes
71,self-employed,married,high.school,no,yes,yes,telephone,jan,tue,1280,11,999,2,nonexistent,-2.5344689570563648,92.0007553430161,-40.42796353263251,4.583371556062746,5189.57565320613,yes
39,management,married,high.school,unknown,no,yes,cellular,aug,fri,2055,28,4,4,nonexistent,-3.021106799060899,94.28836341010536,-29.224471534253144,0.9824592391026742,5217.879483831418,yes
66,blue-collar,divorced,basic.6y,unknown,yes,yes,telephone,feb,mon,624,9,1,5,nonexistent,-2.611248395809754,93.51736119370243,-47.347718289246465,1.9516109330935378,5026.090442079377,no
20,self-employed,divorced,university.degree,unknown,yes,yes,cellular,nov,mon,1890,9,10,4,success,-1.588800273698812,93.26489034465692,-43.91907097367157,4.9700708106122855,5202.1713479929,yes
45,blue-collar,married,basic.4y,unknown,yes,yes,cellular,aug,thu,1276,22,13,3,nonexistent,-1.3720317664542527,94.3218370105646,-27.953195039727575,3.1690466969788935,5203.301486878338,no
55,blue-collar,married,university.degree,yes,unknown,yes,cellular,dec,thu,1715,21,23,1,failure,0.913177679871774,93.45409682565116,-37.48837061776761,3.1975034923052994,5129.275378634639,yes
31,management,single,basic.4y,no,no,no,cellular,jan,wed,2766,27,12,4,nonexistent,-2.05786829997436,93.6668350955932,-28.796152706322204,1.6554283450341196,5097.698362144164,yes
64,blue-collar,single,basic.6y,no,no,yes,telephone,jun,fri,302,19,22,1,success,0.04508973268398271,94.28148882786255,-27.277441837057093,4.373252428670046,5168.5057965328515,yes
31,services,divorced,basic.6y,no,unknown,unknown,cellular,apr,mon,638,1,10,0,failure,0.8955696826760554,94.01759790978005,-42.19059654156826,2.487959945197624,5100.620922536666,no
60,admin.,married,basic.4y,no,yes,no,telephone,mar,mon,55,4,5,0,nonexistent,0.7121628661629337,93.84530987553045,-37.022009003111506,4.0915676667025025,5160.4590645650505,no
28,management,divorced,basic.4y,no,no,unknown,telephone,jan,thu,725,1,1,4,nonexistent,-2.4449482697647507,93.97159487438739,-30.563997916353923,4.167010243837419,4988.144181655901,no
26,admin.,divorced,basic.4y,no,yes,unknown,cellular,oct,thu,525,13,18,3,failure,-2.05734399328734,92.73631507040575,-44.281487970983164,1.369371906489164,5039.033388344144,no
55,services,married,basic.6y,unknown,unknown,yes,cellular,nov,wed,473,16,24,0,nonexistent,-3.1386515665265193,92.3282939727372,-40.12257367337196,2.8078666425237464,5067.902001691384,yes
64,technician,single,university.degree,no,yes,unknown,cellular,dec,thu,27,12,8,1,nonexistent,-1.0802046507748952,93.74346812205505,-47.13565944395648,2.289558887005838,5017.835904377383,no
61,technician,divorced,basic.6y,unknown,unknown,unknown,telephone,jan,thu,2125,1,22,4,nonexistent,-1.454659108710414,92.62724629121143,-35.20436525594543,1.2813209808481327,5024.536452878451,yes
78,self-employed,divorced,high.school,yes,unknown,unknown,cellular,nov,wed,3287,15,17,6,failure,-0.7825419673344642,92.1333366692432,-50.6997537103555,1.142944319727779,5165.064398522261,yes
23,technician,married,basic.6y,unknown,yes,yes,telephone,jul,thu,3457,22,13,4,failure,-1.202187955999516,92.71210178260772,-40.061531964986244,0.8015178939815726,5009.509200469449,yes
18,management,single,high.school,yes,yes,yes,telephone,jun,thu,364,27,12,3,nonexistent,0.13183693815646397,94.01675484400573,-28.59343469154573,3.6886393055698665,4993.261334295077,no
42,technician,single,high.school,no,no,yes,telephone,mar,thu,2713,5,27,4,nonexistent,-0.18478546284114067,93.98358037132547,-29.35447116635934,4.041462869446941,5037.758098953465,yes
33,management,married,basic.6y,yes,unknown,no,telephone,dec,fri,525,23,11,2,nonexistent,-1.3427048871790155,94.52912699662579,-31.5899021223228,2.6741105609041154,5005.933332715582,no
69,management,divorced,basic.6y,yes,yes,yes,cellular,dec,mon,2746,1,11,1,nonexistent,-3.218352063777945,93.8906370952175,-47.42629735471026,3.081245733238163,5017.31909956592,yes
32,admin.,married,basic.6y,unknown,yes,yes,cellular,feb,tue,1335,17,12,6,success,-1.7497432497023475,93.23123490599907,-38.365784675258446,1.7527814139187592,5170.695834356608,yes
51,technician,married,university.degree,unknown,no,unknown,cellular,oct,mon,882,8,6,5,nonexistent,-1.8439275885964566,92.72939820260048,-33.6125753047329,3.7451218820298346,5080.261278000581,no
34,blue-collar,single,basic.6y,yes,no,yes,cellular,mar,fri,1030,22,15,6,nonexistent,-2.9710815788291542,94.12352093057854,-48.38195142052251,3.1694092182894016,5078.417183321193,yes
20,technician,divorced,basic.4y,yes,no,unknown,cellular,dec,tue,1026,8,16,2,nonexistent,-1.9396732824795502,93.15351857389366,-47.286605559298394,4.482190443693367,5102.424783019552,yes
20,technician,divorced,basic.6y,no,unknown,yes,cellular,aug,mon,1646,22,8,2,failure,1.3393540324588915,94.283368044784,-49.84243014926392,3.8830498318923503,4987.170210173752,no
54,technician,single,high.school,unknown,no,yes,telephone,nov,wed,918,22,13,1,nonexistent,0.542006987318201,94.38455080167765,-43.07854047100816,0.6833158374956133,5224.708398273372,no
34,self-employed,divorced,university.degree,yes,unknown,yes,cellular,jul,fri,2797,26,29,4,nonexistent,0.4478638078015407,92.98438922417553,-29.831996189004244,4.163339350273959,5187.66356966403,yes
72,blue-collar,divorced,university.degree,unknown,no,yes,telephone,dec,wed,2410,15,8,4,nonexistent,0.6478613064473053,92.96270832303415,-38.671328976685636,0.7193695210693983,5041.035598814799,yes
78,blue-collar,married,high.school,no,unknown,yes,telephone,jul,wed,1774,23,5,2,nonexistent,0.7522451385140861,94.55817335856162,-30.40683002112314,4.180920449618008,4978.610237859366,yes
66,management,married,university.degree,no,no,yes,telephone,may,mon,1531,12,25,5,nonexistent,-1.838293038998773,93.11232695438103,-48.800760893528874,4.943977774931762,5126.882085302787,yes
69,blue-collar,married,university.degree,yes,unknown,yes,telephone,dec,tue,3345,16,29,1,nonexistent,-1.8531478843997042,93.97905483832646,-49.459144729183976,2.7158655828973104,5120.21310423686,yes
55,management,divorced,basic.4y,no,no,unknown,cellular,oct,thu,3577,18,999,0,nonexistent,-1.7850462753806735,93.05788773887855,-31.58676444765936,1.5983495741145661,5045.579266919063,yes
18,admin.,divorced,basic.4y,yes,no,no,cellular,mar,thu,2853,3,23,1,success,0.5290158740540315,94.0475871244774,-38.90377120918627,0.6421133643362088,5053.686427395622,yes
24,management,divorced,university.degree,unknown,yes,no,telephone,jan,fri,2786,28,21,5,failure,0.42710246143640923,92.4860791751376,-39.544795838631465,1.2612892100829165,5102.666061351831,yes
43,technician,divorced,basic.6y,unknown,unknown,yes,telephone,jan,wed,1906,29,24,2,success,-3.3188665692191903,94.34047936038115,-39.43198228720868,2.816641002049954,5196.142683385124,no
64,services,single,university.degree,yes,yes,no,cellular,jun,fri,3086,4,24,1,nonexistent,1.1560514315737147,94.75284666778403,-41.69239697643278,4.14897771551525,4992.487146177116,yes
56,services,single,basic.4y,yes,unknown,unknown,telephone,apr,mon,1215,15,22,1,success,-2.029283424441682,94.1441631441593,-29.614918147963017,4.4345035774940085,5098.448062480184,no
36,self-employed,divorced,university.degree,yes,yes,unknown,cellular,jul,wed,1654,14,19,6,nonexistent,-0.3945272364152748,93.00554895434674,-38.348168592385136,3.6076679563876835,5079.187005462407,yes
69,technician,married,basic.6y,unknown,no,unknown,telephone,oct,thu,484,1,26,0,nonexistent,-0.3284082659384163,93.554570838952,-27.524091841861697,0.9820122551101996,5086.960708419666,no
71,management,married,basic.6y,unknown,yes,no,telephone,oct,mon,2075,25,999,3,nonexistent,-2.855755950261556,93.87488069269459,-30.568029847770656,4.961913429691984,5204.23040385992,yes
47,technician,single,basic.4y,no,no,no,cellular,oct,mon,713,25,18,3,nonexistent,-0.06040277752217772,92.5400428595808,-33.172052701812724,3.887257539892476,5107.57938380853,yes
60,self-employed,single,university.degree,no,unknown,no,cellular,jan,fri,1062,20,21,0,nonexistent,-0.8388210041473603,92.79212606284541,-35.5946292370897,2.476411519665703,5147.407677888833,yes
72,blue-collar,divorced,basic.4y,unknown,no,yes,cellular,jun,fri,1976,17,14,1,nonexistent,-0.467654122202006,94.24495817299447,-30.839431696706697,4.180172394324535,5205.000751176185,yes
31,management,divorced,high.school,unknown,yes,unknown,cellular,jul,tue,1296,17,16,2,nonexistent,-1.254758071434515,94.6467983976331,-29.726636070336774,3.1897207762443687,5043.586614085178,no
30,technician,divorced,basic.4y,yes,unknown,unknown,cellular,jan,thu,1254,22,19,0,nonexistent,0.4609404047961319,92.76239298593659,-47.61554333124668,3.252243627207066,5058.476133558297,yes
37,blue-collar,divorced,basic.4y,unknown,yes,yes,cellular,feb,thu,2133,18,23,3,nonexistent,-0.3512288903392309,92.41323291314318,-42.2021905441502,4.873729847520829,5023.529291312972,yes
43,self-employed,divorced,basic.4y,unknown,no,no,cellular,sep,fri,3545,1,27,5,nonexistent,-2.4739460151133925,94.74854104423504,-31.54976991139247,4.124963173842104,5136.015540641114,yes
44,blue-collar,married,university.degree,no,no,unknown,telephone,sep,thu,125,26,7,3,nonexistent,0.21308143960670195,92.8959120440097,-45.51079467590151,1.753463110455937,5030.7270250550055,no
42,management,married,high.school,no,yes,no,cellular,jun,thu,2859,27,21,0,failure,-0.9877005457418964,94.17972999769717,-36.78986625002259,1.370694996805304,5025.672152059251,yes
26,self-employed,divorced,university.degree,yes,unknown,yes,telephone,nov,mon,536,28,29,1,failure,-3.2210813384724903,93.06123129272034,-32.14723281509142,1.3581584737681784,5224.594404200017,no
58,self-employed,married,basic.6y,no,yes,no,cellular,apr,wed,2192,2,21,4,nonexistent,-1.504748913563016,94.65741869843735,-45.447884593595376,2.5998166144597703,5148.047797273733,yes
65,self-employed,divorced,high.school,yes,no,yes,cellular,jul,wed,3596,23,2,2,nonexistent,-1.4717091382257084,93.67870170960343,-41.19186339552554,2.3096806050114482,5179.00246561316,yes
29,admin.,divorced,basic.4y,unknown,unknown,no,telephone,may,tue,3283,16,22,6,nonexistent,0.4468809160855268,93.16231971949516,-28.928735378953633,2.5921521440727475,5219.849756801637,no
27,self-employed,single,basic.4y,unknown,yes,yes,telephone,mar,wed,2072,14,11,4,failure,-2.2769598716153707,92.4993326923582,-42.291543616135485,0.8758697213458471,5220.444706506589,yes
23,admin.,married,basic.4y,yes,no,unknown,telephone,apr,thu,1603,20,23,2,nonexistent,-1.2278310019826415,92.71562683745661,-36.34719364198031,1.4891385718801653,5051.705990879857,yes
67,blue-collar,married,university.degree,no,unknown,yes,telephone,feb,mon,3465,23,14,4,nonexistent,-3.1388473267218977,94.39951427643325,-40.431107801243115,4.109004027599541,5100.81121976263,yes
51,admin.,single,basic.6y,no,yes,no,cellular,jun,wed,66,23,17,4,nonexistent,0.8309110755613511,92.15944985769788,-29.838886830313744,3.9334454678986495,5207.839844776668,no
76,blue-collar,married,high.school,unknown,unknown,unknown,cellular,mar,thu,232,20,12,2,nonexistent,-1.269640987401654,92.4391601752372,-40.66287204810109,2.3305716989574004,4970.379762549352,no
69,admin.,single,high.school,no,no,no,cellular,jul,thu,2156,29,4,5,nonexistent,0.7116480736703614,92.53936143825425,-42.21446029530505,2.3180395665967297,5205.931208750639,yes
58,blue-collar,married,university.degree,yes,yes,no,cellular,apr,fri,1169,18,21,2,failure,-0.14926300697755157,92.19790314631378,-46.658786352181856,4.488822117694809,5190.541003267209,yes
36,blue-collar,divorced,basic.6y,unknown,yes,yes,cellular,aug,fri,2158,9,16,3,nonexistent,-1.8647050288471974,93.91979171623338,-42.45311103406777,1.4002567715804104,5087.382115399292,yes
23,self-employed,single,high.school,no,no,yes,telephone,nov,wed,2275,14,27,1,nonexistent,0.020992792320573057,94.7475612548044,-34.7976500758707,2.171743888444712,5100.325951088061,yes
19,self-employed,divorced,university.degree,unknown,no,no,cellular,jan,fri,110,13,20,1,failure,-1.1495203930526017,92.38975936985896,-46.59812112456526,3.9592944176578055,4976.20677785854,no
32,blue-collar,divorced,basic.6y,unknown,no,yes,cellular,sep,thu,1493,26,2,3,failure,-1.7620738179535553,94.23701130198849,-33.94155673007503,3.1281809853171656,5110.602590022361,no
34,self-employed,married,basic.6y,no,yes,no,telephone,mar,thu,2081,14,18,5,nonexistent,-0.1939459837785137,92.49421511063963,-50.545535967570025,0.8651637099754574,4996.162116124378,yes
33,blue-collar,single,high.school,yes,no,yes,telephone,mar,fri,622,26,5,4,nonexistent,0.31681339073905773,94.72658564775779,-42.02982317087686,0.6520251866921446,5033.409694119533,no
45,self-employed,divorced,high.school,no,yes,yes,telephone,may,mon,3847,19,26,5,nonexistent,-0.09466056407263203,93.41974325457423,-39.66415754849852,0.6841915398656082,5176.269353332232,yes
38,services,divorced,basic.6y,no,yes,no,cellular,oct,fri,3440,17,16,5,success,-1.178270890818838,94.37304507249631,-48.50272391976783,3.4863224396202113,5097.086367075451,yes
25,admin.,single,high.school,no,unknown,unknown,telephone,jan,mon,2795,27,4,2,nonexistent,-2.155319552178073,92.4775566434345,-34.45007214227397,3.338954177146271,5162.4737043447985,yes
27,blue-collar,married,university.degree,no,no,yes,telephone,mar,fri,2642,8,20,0,success,0.48990009932554607,94.47871863062875,-48.34410986636636,0.7958504525171778,5210.0612427198985,yes
27,technician,divorced,basic.6y,no,no,no,telephone,apr,thu,3625,4,4,4,nonexistent,-1.7360924243523608,92.22858975125523,-48.64991320010593,1.1806363756517477,5008.87123049885,yes
67,self-employed,married,high.school,no,unknown,unknown,telephone,feb,thu,2472,9,18,1,nonexistent,-0.4578142294497212,92.0640982067495,-42.006398992108394,3.7792578688356215,5032.240467630895,yes
27,self-employed,single,high.school,yes,yes,yes,telephone,dec,fri,2660,24,21,2,nonexistent,-2.8463263621576798,93.98508938833825,-33.15466812358748,1.9621952576777746,5118.857811032651,yes
26,management,married,university.degree,unknown,yes,yes,cellular,jun,tue,1541,27,10,3,nonexistent,0.15333500453353088,92.29825909237321,-27.768168464525015,4.9634160277707435,5214.766535837083,yes
45,technician,single,high.school,yes,yes,no,cellular,oct,mon,2739,11,999,5,nonexistent,1.173981633974778,94.42424547393945,-32.25317378505981,1.9749324830228008,5169.72500866269,yes
41,technician,married,high.school,no,no,yes,telephone,apr,tue,1305,7,29,4,nonexistent,-1.2434161723958321,93.73956776540182,-39.66248789539832,2.0770227614712624,5132.699240031502,yes
36,services,married,high.school,yes,yes,no,telephone,jan,thu,3391,15,25,6,nonexistent,-0.7678831040454167,92.92674860075458,-44.28492319392064,2.4456736360117857,5143.241422930458,yes
50,admin.,divorced,basic.4y,unknown,unknown,no,telephone,mar,mon,1761,25,12,0,success,0.917551688473866,92.77636943532532,-43.59621178593258,4.241687585163318,5078.029527276809,no
21,services,married,university.degree,yes,yes,yes,telephone,jul,fri,3514,18,16,4,nonexistent,0.4174313979421542,92.22939850055313,-44.01960283465219,3.0520820285266272,5070.3853734692875,yes
73,admin.,divorced,university.degree,no,no,unknown,telephone,mar,mon,1975,20,10,3,failure,1.2189442825317336,93.92280738021614,-44.1480855558182,4.371881247748047,5224.617467405085,yes
20,blue-collar,single,basic.4y,unknown,no,yes,telephone,jun,mon,2362,29,17,0,nonexistent,-2.122888258606481,94.56767728829801,-49.14860589326793,2.4797117592827997,5190.114426215497,yes
59,services,single,university.degree,no,yes,unknown,cellular,nov,wed,876,5,3,4,nonexistent,-1.1440334672313783,94.11896146823993,-45.53134279722289,3.2764353941048414,5164.858594694277,no
29,management,divorced,high.school,no,yes,yes,telephone,jun,mon,1989,16,25,3,nonexistent,-1.2129130328154942,93.73430445482882,-48.22053315442122,0.6203249985485884,5153.964998025518,yes
35,admin.,married,high.school,unknown,no,unknown,telephone,jan,thu,3812,21,24,4,nonexistent,-1.1291111011578006,92.33238306524738,-50.623766741332126,3.1324102815661314,5113.60099583479,yes
40,services,single,high.school,unknown,yes,yes,telephone,feb,tue,3448,12,9,6,success,0.9830036907798388,94.31736208992983,-43.974119470247,0.9542997380507509,5050.646217985229,yes
37,management,single,university.degree,no,unknown,unknown,telephone,oct,tue,1312,17,23,2,nonexistent,-2.4135280605121046,94.70307495956158,-42.38262631937974,1.4492605183312166,5078.08973330337,yes
23,technician,single,university.degree,yes,no,unknown,cellular,nov,fri,1460,25,26,4,nonexistent,0.8955075231144359,92.7358884905727,-28.6343413255263,4.989168809645196,4979.167811649888,yes
70,self-employed,divorced,basic.6y,unknown,yes,yes,telephone,dec,wed,2709,15,25,5,nonexistent,-0.6585913713262805,93.17701725138538,-27.0237613688786,3.403590937609404,4987.222186866345,yes
51,blue-collar,single,basic.4y,yes,yes,yes,cellular,nov,tue,2324,25,10,3,nonexistent,-0.8231557642060162,92.03934306261762,-36.951442463122476,4.424723656009821,5065.290211942277,yes
59,blue-collar,single,university.degree,yes,yes,no,telephone,jun,tue,1733,21,17,1,nonexistent,-1.4008008327469792,94.32933315226043,-29.266494075693117,0.852230848842464,4994.204026612644,yes
19,technician,single,basic.6y,unknown,unknown,unknown,telephone,feb,mon,1605,26,999,3,failure,-0.8097084893759503,92.05808769969455,-36.02439778629897,2.292068999466573,5068.891044659032,yes
47,services,single,basic.4y,yes,no,yes,telephone,feb,thu,1526,19,3,4,failure,0.4557931456220076,93.36222329845042,-38.9078879851952,4.3947400840111355,5020.048633628702,yes
26,self-employed,divorced,basic.4y,unknown,unknown,no,telephone,apr,thu,2671,24,4,2,nonexistent,-1.0372763274376382,93.61411451290046,-49.77987037556836,2.407451790345087,5056.18323484123,yes
44,technician,divorced,high.school,unknown,yes,yes,cellular,dec,fri,2563,7,1,1,nonexistent,0.32490893551715144,92.15551737931216,-49.734152660854576,1.7159728198155366,5063.910612678784,yes
59,management,married,high.school,unknown,unknown,unknown,telephone,aug,thu,3421,21,27,6,nonexistent,-1.400143139644126,92.49187011322411,-50.06394096154021,2.716342455283674,5173.697081687671,yes
51,self-employed,single,basic.6y,unknown,yes,yes,cellular,jun,tue,2890,12,25,6,nonexistent,-2.5220997967000915,94.21433512971839,-47.21308037854425,2.672133623409548,5144.949369935521,yes
57,admin.,divorced,basic.6y,yes,yes,yes,cellular,aug,mon,3517,17,21,5,nonexistent,-1.409619197952833,92.70709432597707,-48.9620419504258,4.959018192411737,5179.141933131674,yes
41,services,married,high.school,yes,no,no,telephone,apr,thu,3901,7,23,3,nonexistent,0.07205159102589316,94.02922206164077,-46.1471804213479,2.1598191572014316,5060.112565498481,yes
66,self-employed,married,high.school,unknown,no,yes,cellular,nov,wed,2397,11,11,1,nonexistent,0.6884089172852659,94.09772426717062,-38.39088455179514,4.812326796964487,5182.033202883363,yes
34,admin.,single,basic.4y,unknown,yes,no,cellular,mar,wed,1630,1,10,2,nonexistent,0.3038009407030813,93.14049144673918,-38.77349935024905,4.612943856547829,5214.783266506486,yes
46,technician,married,basic.4y,unknown,yes,unknown,telephone,jul,wed,3735,17,27,5,nonexistent,-1.6026194448979605,92.1785030500956,-42.574031318016964,2.577848726953415,5036.982111044628,yes
53,blue-collar,divorced,university.degree,unknown,yes,unknown,telephone,jul,thu,2870,25,20,0,nonexistent,-0.6200855562772919,92.0302586041738,-34.88319582552202,4.757916890924747,5153.695418508174,yes
67,self-employed,married,high.school,no,no,yes,telephone,feb,mon,1160,22,15,1,nonexistent,-1.669827215181136,93.37903816937677,-41.43302690683378,3.8070663968711185,4978.8255428519415,yes
29,self-employed,married,basic.4y,yes,no,no,telephone,jan,thu,758,7,3,3,nonexistent,-0.018413511527310824,92.20007209216692,-45.536258959161806,4.494048919515213,5101.4167512671975,no
48,admin.,divorced,basic.6y,yes,yes,unknown,telephone,nov,tue,2946,2,6,2,failure,-1.305029444551358,94.03412299003675,-34.25754105718608,4.523793031314132,5004.951910262684,yes
66,admin.,married,basic.4y,unknown,no,yes,telephone,aug,thu,242,11,28,6,nonexistent,0.27121892697856,93.06630703453526,-27.373123264747417,0.9760279278431976,5183.917839820276,no
26,blue-collar,married,high.school,no,yes,yes,cellular,mar,wed,2590,16,20,3,nonexistent,-3.3385784436028216,93.91321157575005,-31.424146450467667,4.546029279961624,5073.178937801836,yes
78,admin.,married,basic.4y,no,unknown,yes,telephone,jun,wed,1063,15,27,2,nonexistent,-1.7672629731948477,93.14285276397224,-40.90416671694138,2.754154685776715,5123.439466588699,yes
36,admin.,married,high.school,no,no,yes,cellular,jul,mon,228,8,23,3,failure,0.8154677446228544,93.75934084727267,-41.82152825771376,3.40295688765777,5117.588409855915,no
63,self-employed,single,basic.4y,unknown,yes,yes,telephone,aug,fri,2595,15,22,6,nonexistent,-1.8469845410164178,94.33245003475169,-49.876295725547045,1.9222769294772943,4991.18240056101,yes
63,blue-collar,single,university.degree,no,unknown,no,cellular,jun,wed,919,7,20,2,nonexistent,-1.5051310084359497,94.4764683371511,-35.09596363826027,3.440284481866839,4990.087810422109,yes
79,blue-collar,divorced,university.degree,unknown,yes,yes,cellular,jul,wed,1246,5,12,6,nonexistent,0.39551150105482064,92.04727195529061,-45.47928738743535,0.7191451947814379,5114.768898707474,no
34,self-employed,married,basic.6y,no,unknown,yes,cellular,may,fri,5,8,13,4,failure,-2.945844192126042,93.80741599502883,-34.463919363171115,2.2331927101817652,5046.912469176986,no
19,technician,divorced,basic.6y,unknown,no,yes,telephone,mar,thu,3393,2,10,6,success,-1.9029158732695797,93.579576948113,-32.63195162480419,3.365790921692369,4993.0682517006635,yes
57,technician,single,high.school,unknown,no,yes,cellular,feb,wed,467,6,7,3,nonexistent,0.31744340276949423,93.7837069634416,-29.772874044739197,1.4662413569466162,5045.595690472809,no
22,self-employed,married,high.school,yes,yes,yes,telephone,jul,mon,1755,4,999,2,failure,1.1936839228483265,92.16266582579806,-37.69682479710228,3.5595353809897543,5014.026804865864,no
76,admin.,married,high.school,unknown,no,yes,cellular,aug,thu,74,7,7,0,success,0.3576146193987989,92.19570947185883,-30.963535225439383,4.247079917993678,4974.09051450742,no
56,services,single,basic.4y,no,no,yes,telephone,aug,thu,3,6,18,6,success,-2.5724202940702456,93.39154428333025,-33.51587124153462,0.7642840030739408,5064.066282229068,no
71,technician,married,basic.4y,yes,unknown,unknown,telephone,mar,wed,1870,28,16,2,nonexistent,0.6080922004514174,92.15992175288773,-42.363750006405624,3.2573787049384957,5143.656501003547,yes
78,technician,married,basic.4y,no,no,unknown,cellular,feb,thu,645,22,8,0,nonexistent,-1.1162799632888136,94.17395019830997,-48.256350690315045,3.1547582489454884,4993.553170042669,no
65,self-employed,single,basic.6y,unknown,unknown,yes,telephone,sep,thu,117,5,26,5,nonexistent,0.3584262459497464,94.16293496895337,-45.01213827783121,4.041169531584506,5118.368538696731,no
33,self-employed,divorced,high.school,yes,unknown,no,telephone,jun,mon,2928,27,12,1,failure,-2.2510980614840217,92.32850734206562,-30.614589322470557,3.6690423007679014,5003.71101837911,yes
34,services,divorced,basic.4y,unknown,unknown,yes,telephone,oct,thu,1629,5,21,2,nonexistent,-1.7625636256078354,93.27416210488664,-38.02731966801959,2.6003281320892917,4981.686976732757,no
71,services,married,basic.6y,unknown,no,no,cellular,mar,wed,2551,18,14,1,nonexistent,0.9278589897207572,93.6659466435761,-34.89305559448098,2.159895784768366,4987.993294432653,no
44,blue-collar,single,university.degree,no,yes,no,telephone,may,wed,2021,11,26,1,nonexistent,0.9718389476197346,94.40644805865254,-31.534827235604077,4.936855510825237,5019.093862442214,yes
24,self-employed,divorced,high.school,no,yes,no,telephone,jan,fri,946,23,12,4,failure,-2.0311572283176687,94.76760389686991,-34.85767607509652,2.807821582052773,5086.753819291147,yes
69,technician,divorced,university.degree,no,no,no,cellular,feb,tue,2621,23,26,5,failure,-2.998949941074756,92.04821980621436,-30.34029500309194,2.394887626197011,5081.169963692458,yes
25,management,married,basic.6y,yes,unknown,no,cellular,sep,fri,1464,8,7,2,nonexistent,1.0592717133036818,93.33374946231345,-48.73600607060044,4.969205136584448,5089.621306560091,yes
25,management,divorced,high.school,no,no,unknown,telephone,oct,mon,193,20,26,4,failure,-1.958060544391287,94.24919740099335,-29.20283962395732,1.3942091194103348,5063.020307356497,no
40,admin.,single,basic.4y,unknown,yes,yes,cellular,nov,mon,846,11,29,5,nonexistent,-2.8234269608651172,94.22842229555246,-31.378336584499475,1.418986517261198,5196.407624978879,yes
49,technician,divorced,basic.6y,yes,unknown,unknown,telephone,oct,wed,2762,27,25,6,failure,-1.7290526559794384,93.51713462757321,-29.21811997538875,4.89647910960092,5197.572489268892,yes
60,management,single,university.degree,no,no,unknown,cellular,mar,tue,1415,27,11,4,nonexistent,-2.046404682843579,92.51032132766264,-33.332493416501265,3.493837411515958,5137.615854587164,yes
64,technician,single,university.degree,no,unknown,yes,cellular,aug,fri,3097,29,10,6,nonexistent,-3.013326796928623,93.56546972134642,-44.24199371802939,2.8868515392032976,5049.310241149503,yes
35,self-employed,married,university.degree,no,unknown,unknown,cellular,oct,tue,1458,25,19,1,success,1.3219481177278745,93.09635190288894,-48.078283607185426,0.8982140903118996,5012.539106563238,yes
55,technician,divorced,basic.6y,unknown,yes,yes,cellular,aug,wed,2220,26,12,6,nonexistent,-1.9899002823902057,93.14552634825118,-47.701648502932684,2.1657888454476497,5148.150075756759,yes
71,management,married,basic.6y,no,unknown,yes,telephone,may,thu,3371,19,15,3,failure,-2.0925785774644097,92.92027157571567,-38.87617629967424,2.506672915703891,5227.184894612995,yes
29,technician,divorced,high.school,unknown,no,yes,cellular,aug,wed,1668,19,1,1,nonexistent,-1.3843334761191963,92.40456345616185,-41.45661980800281,2.850177361667842,5180.312427561782,yes
32,services,married,high.school,yes,unknown,yes,telephone,feb,wed,2373,29,5,5,nonexistent,-1.408855639238428,94.06706929906056,-35.16420349220465,2.5208937045091586,5050.300772947509,yes
45,admin.,married,university.degree,no,unknown,no,telephone,feb,tue,1433,2,15,5,nonexistent,-1.317627744157758,93.98376662100907,-38.771664393989646,2.5276789421857004,5014.338090854197,no
72,blue-collar,married,basic.6y,unknown,no,no,telephone,dec,mon,1141,10,17,1,nonexistent,0.9518238493421242,93.51993005651762,-47.80485206233201,4.977275956905905,5179.866471812024,no
55,management,divorced,high.school,no,yes,unknown,cellular,apr,thu,2883,7,16,5,nonexistent,-3.110865307219538,92.99342783492179,-50.746332278290126,4.88555980614087,5069.992159005048,no
67,self-employed,married,basic.6y,no,yes,yes,cellular,aug,thu,1810,12,14,0,nonexistent,1.1198962194276145,94.303517900859,-47.73331580919886,0.9792707428071508,5118.324476630413,yes
73,blue-collar,single,basic.4y,yes,no,yes,cellular,feb,mon,723,26,6,3,nonexistent,-0.20358169448155689,92.44772133882915,-47.29293925072849,1.3419405919519882,4974.842507359675,no
48,admin.,divorced,basic.6y,yes,unknown,yes,cellular,apr,tue,224,2,13,1,nonexistent,-0.05194833587829123,93.21679623180346,-33.593947259489894,4.743083269207349,5176.8882788900255,no
69,services,single,university.degree,unknown,no,yes,telephone,aug,tue,531,7,6,3,success,-2.642310210415651,93.82983267185169,-43.98178310852162,2.0035950952943815,5017.097509177273,yes
26,services,married,basic.6y,unknown,no,no,cellular,mar,mon,112,19,5,0,success,-1.8201971289505154,94.30019485056334,-48.5620771783239,3.2907763468278235,5165.549408962574,yes
25,services,married,university.degree,unknown,no,no,telephone,aug,fri,2187,1,11,6,nonexistent,-3.1493469440245545,93.81890884341946,-32.74644191348463,4.1106004668840015,5138.251147111388,yes
63,services,single,high.school,yes,yes,no,cellular,dec,tue,558,11,1,3,failure,-0.26522061457806906,92.32957186447496,-28.322384362062433,2.6718457277009935,5072.705142758899,no
36,management,married,high.school,unknown,unknown,unknown,cellular,feb,mon,2048,8,20,2,nonexistent,-1.7687241497923392,92.28361987808216,-48.398473438405965,0.6731226675354324,5104.714103121927,yes
68,management,divorced,high.school,yes,no,yes,telephone,jan,fri,2137,8,999,0,nonexistent,-0.7539832548799265,92.14121055675892,-27.78288814349862,4.243533776163338,5105.803266062911,yes
25,technician,single,basic.4y,yes,yes,no,cellular,jun,wed,653,14,17,3,failure,0.21309588363008306,93.56793487442899,-28.08867230104063,3.927456391890069,5023.178351691886,no
51,self-employed,divorced,university.degree,no,yes,no,cellular,aug,thu,319,13,28,4,success,-0.7430363029254394,92.68023039509825,-38.29748861853016,0.7823007604698667,4997.785019334461,no
74,technician,divorced,basic.4y,no,unknown,yes,telephone,sep,mon,1573,10,27,3,nonexistent,-3.0568242054423145,92.44668478996692,-43.731205151655836,4.548434284276913,5177.867160649755,yes
21,self-employed,divorced,basic.4y,unknown,no,no,cellular,oct,tue,1828,17,4,6,failure,-3.104127336246279,92.23792350970243,-47.49959704024632,4.370858715534127,5146.1291357208875,yes
48,admin.,married,high.school,yes,unknown,yes,telephone,aug,thu,1917,27,20,0,nonexistent,0.7623572409887512,93.79700452609136,-31.10990051559977,1.8102010887182025,5127.9500398405535,no
55,technician,married,university.degree,yes,no,yes,telephone,feb,fri,138,6,6,4,success,-2.1416825668304424,94.1095591511628,-36.34671554122172,0.9526142861232323,5037.225974303596,yes
20,admin.,single,basic.6y,yes,yes,no,cellular,jan,thu,3582,20,14,5,nonexistent,-1.6613884802906613,94.40174253168456,-35.23396304317639,2.373964416916985,5069.957012192191,yes
52,admin.,single,basic.6y,no,yes,unknown,telephone,jul,mon,3939,21,20,3,nonexistent,-2.3516973173151965,93.66715593158685,-30.22504388741364,4.449571331217476,5002.551783556075,yes
36,admin.,divorced,university.degree,yes,unknown,yes,telephone,jul,wed,2892,14,26,6,nonexistent,-0.045371405607001446,92.99186100757312,-40.18973371326114,2.72261626254801,5163.142651764684,yes
60,services,married,basic.6y,unknown,no,unknown,cellular,dec,fri,2026,24,5,3,nonexistent,-1.5467265983817584,93.31715957325255,-42.00220903660208,1.8389366638128632,4967.583828755443,yes
46,blue-collar,married,high.school,unknown,unknown,no,cellular,mar,fri,2306,8,1,0,nonexistent,-1.209637926513448,93.78122155976129,-32.58091774364345,1.61976892777784,4964.361746277049,no
27,blue-collar,married,high.school,no,no,yes,cellular,jun,fri,3744,7,20,4,success,-0.16257372036138684,93.99640700731649,-43.69643734831161,2.1621538148858757,5101.393523869186,yes
29,management,single,basic.4y,unknown,unknown,yes,telephone,jul,thu,901,5,23,4,nonexistent,-0.4092905660330443,93.80555538732686,-42.96257244437899,4.973376780004959,5054.649709935228,yes
63,admin.,married,high.school,yes,yes,no,telephone,sep,wed,689,6,16,3,nonexistent,0.3168515987273979,94.69333164554675,-41.69191946147181,4.465066863471344,5001.646663091069,yes
47,services,divorced,basic.6y,yes,unknown,unknown,cellular,jan,mon,2039,8,26,5,nonexistent,0.19433788847539915,94.10058475535614,-30.33304371484515,3.006986954872366,5154.84534346909,yes
47,technician,divorced,basic.4y,unknown,no,no,telephone,mar,mon,9,21,12,6,nonexistent,-1.2885063756900599,94.10173903571057,-32.17914113408547,4.157022541976251,5210.13373999696,no
77,technician,divorced,university.degree,no,unknown,no,telephone,may,thu,260,3,12,2,nonexistent,-2.4790972282474475,94.2954555284047,-43.835112722399444,1.991594485501987,5037.837858293949,no
35,management,married,university.degree,yes,no,no,cellular,mar,mon,1942,9,13,0,nonexistent,-2.3285454579776235,93.28905949547132,-47.36766456164886,3.306927830868856,5123.0039749650905,yes
41,management,divorced,basic.4y,yes,unknown,unknown,cellular,aug,mon,1673,25,25,0,nonexistent,-0.00765677279732259,92.73905028829049,-41.41224297550127,4.4401041781553605,5160.613901346414,no
49,admin.,divorced,high.school,no,no,yes,cellular,oct,wed,2219,10,22,1,nonexistent,-2.1458102224260722,94.28546911089167,-35.87321326817471,2.217819860013293,5126.480281949813,yes
26,admin.,single,basic.4y,yes,no,yes,telephone,jun,thu,2945,1,7,4,nonexistent,-1.285818307332011,93.29970406931697,-34.63769761540501,4.121745326558563,5064.8958319326275,yes
64,technician,single,basic.4y,unknown,no,no,telephone,feb,thu,2060,7,14,4,failure,-2.8820530797846455,93.70009271963899,-46.009720154907626,3.3030205438994344,5110.562369044778,yes
41,technician,married,high.school,unknown,unknown,no,cellular,jan,fri,1191,20,10,1,failure,-2.813157120696411,93.20285596463144,-44.839294539717024,3.3075777934795854,5155.256760585017,yes
43,technician,married,university.degree,no,unknown,unknown,telephone,oct,mon,3713,6,12,3,nonexistent,-2.2002515430158476,93.10896354994327,-28.57058086409912,0.7808240744284798,5213.074689035328,yes
20,technician,married,basic.4y,no,yes,no,cellular,may,tue,1619,13,20,3,nonexistent,-2.992800681567213,93.8795293647086,-41.59707042385794,4.5567467506736365,5167.886142665992,no
40,blue-collar,married,university.degree,unknown,no,unknown,cellular,nov,wed,320,7,19,0,nonexistent,-2.0821100321624604,93.86296259296785,-43.29199101473066,4.015034270737851,5046.937011034275,no
28,admin.,married,basic.6y,no,yes,unknown,cellular,sep,wed,1342,8,999,3,nonexistent,-0.6726753951308959,92.8652676528544,-34.172525222332304,0.7604759629692465,5141.299047462179,no
27,admin.,single,high.school,unknown,yes,unknown,telephone,oct,tue,1636,27,24,2,nonexistent,0.1748901439131442,92.5291577387754,-39.61773757954586,3.2872836341825304,5205.941231018662,no
67,technician,single,basic.6y,no,no,no,telephone,sep,fri,2376,21,1,2,nonexistent,-3.243027014203628,92.36770820364607,-44.901433543585235,3.881968285222633,5100.869761516165,no
53,services,single,university.degree,unknown,yes,yes,telephone,jan,tue,2832,5,10,2,nonexistent,-0.517039442696264,92.31858015720191,-41.01779799486109,4.098537769165212,4988.883602959768,yes
77,technician,divorced,basic.6y,yes,unknown,unknown,telephone,mar,tue,2824,12,13,1,nonexistent,-1.6567050367072476,94.28955945188298,-47.3537328899105,0.9896102515259301,5133.190127672173,yes
30,self-employed,divorced,basic.6y,yes,yes,yes,telephone,jun,fri,1994,6,29,5,nonexistent,-2.312121768957081,92.80121897353438,-44.118427556831286,3.4157392092037213,5123.615317530711,yes
79,management,single,basic.6y,unknown,unknown,unknown,telephone,may,tue,2958,23,4,6,failure,-3.2470827437996657,93.89991736439585,-40.79874509145341,1.625094042598114,4999.157407074061,yes
46,self-employed,single,basic.4y,yes,no,no,cellular,apr,fri,1943,15,6,2,success,-1.8355013796012065,92.8047885609552,-38.419946230552824,2.586325862039057,5026.964528915142,yes
55,services,married,basic.4y,unknown,no,unknown,cellular,feb,mon,3621,21,23,1,nonexistent,0.39045535925293673,93.86691820424299,-33.074389232223155,2.9164013035485707,5141.322695949558,yes
76,management,single,high.school,no,no,unknown,cellular,dec,fri,2038,21,15,0,nonexistent,-0.8558900773122952,94.75559448209762,-41.59984816328767,0.7203149287105659,5221.132106527253,yes
70,services,married,university.degree,yes,yes,yes,cellular,dec,thu,3490,28,29,0,failure,0.32309342455729406,92.18467915476384,-37.75765869810737,1.9179754593182086,5009.564902979523,yes
30,management,single,university.degree,yes,no,no,telephone,dec,thu,3677,4,10,5,success,-1.4206921762008948,93.83051676536343,-28.070949457692464,4.10874685923742,5126.025476483415,yes
74,technician,married,high.school,yes,no,unknown,cellular,apr,tue,1118,17,25,2,nonexistent,0.6476204782584482,92.79123143003365,-31.2422406270501,4.306338150810058,5088.933466136088,no
43,technician,single,university.degree,unknown,unknown,no,cellular,may,thu,3888,14,14,1,nonexistent,-2.678298879614527,92.23210139216332,-45.13548908115318,2.052046607237056,5053.445307389886,yes
37,services,married,university.degree,yes,yes,yes,cellular,dec,fri,1604,7,3,2,nonexistent,0.5361616307157963,92.22113278386706,-45.69774836759911,2.543908647392554,5205.4070101874495,no
22,management,divorced,basic.6y,no,yes,no,telephone,feb,mon,2365,23,9,5,nonexistent,-1.1151986254766952,93.04065944535084,-34.961553689486564,4.257257367298014,5211.501375857317,yes
37,blue-collar,divorced,basic.6y,yes,no,no,cellular,oct,fri,235,13,999,5,nonexistent,0.1808176291483432,93.51371149897611,-36.57161455806343,1.483468769792898,5006.797659943356,no
31,services,married,university.degree,no,yes,yes,cellular,jan,wed,1969,22,6,3,nonexistent,-2.245973740730666,93.81242326267669,-37.72973625833576,3.816291345795387,5150.420592726359,yes
62,services,married,high.school,yes,no,unknown,cellular,jul,tue,333,10,11,1,nonexistent,-1.0664463653559841,93.58907736399718,-47.11531833477548,2.3922136956738793,5168.3357348728405,yes
31,self-employed,divorced,high.school,yes,unknown,unknown,cellular,jul,mon,1908,18,28,1,nonexistent,0.11740293622966713,94.5142747849572,-42.13343819592365,4.943257239275864,5207.802540926027,yes
25,admin.,single,university.degree,no,yes,no,telephone,aug,tue,375,2,25,1,failure,-1.0779749922028878,92.42989546201214,-32.65104418523897,3.247838042766573,4982.944594867562,no
65,services,married,high.school,yes,yes,unknown,telephone,oct,wed,3530,22,10,1,nonexistent,-1.2011097658678964,94.32121838457431,-33.506245043403354,1.251522261412044,5210.092226049382,yes
30,blue-collar,single,high.school,no,unknown,yes,cellular,jun,thu,1160,12,10,3,nonexistent,0.491173368969669,93.47903637113139,-46.852345915568975,1.3562041578971828,5028.761757351171,no
41,technician,divorced,basic.6y,no,yes,no,cellular,jan,wed,2635,13,24,6,nonexistent,-2.620724700594983,94.40957834115545,-40.59804879633226,0.7201485817294152,5190.59696587287,yes
32,management,divorced,high.school,no,no,no,telephone,aug,thu,1570,25,16,2,nonexistent,-1.119511907981877,93.19465734757549,-40.21914711980257,3.7452414156801375,5182.659392882776,yes
68,admin.,married,basic.4y,yes,yes,unknown,telephone,feb,tue,2560,21,29,0,success,0.5473979979511403,93.34904055889203,-38.64489429080944,2.5506639233808537,5173.509856827763,yes
18,management,single,basic.6y,yes,yes,unknown,telephone,dec,tue,1319,7,999,5,nonexistent,0.6572167392936031,93.18248860184754,-39.77831263621992,0.6482628700157883,5041.298822678733,no
39,technician,divorced,basic.4y,no,unknown,unknown,telephone,mar,tue,3391,18,14,4,nonexistent,-2.8322874494775028,92.27010446419148,-38.808995910606015,1.0462503073126261,5164.547861650603,yes
51,services,single,university.degree,yes,unknown,no,cellular,aug,fri,2965,22,22,4,failure,0.6807339882000306,92.40601646446204,-31.36584744729016,1.873448771790445,5032.8508775299915,yes
67,self-employed,divorced,high.school,unknown,no,unknown,telephone,apr,mon,3643,11,24,1,nonexistent,-3.3416636523533487,93.44908301427785,-41.49172280925909,2.4661163387664096,5045.531958336358,yes
68,blue-collar,married,basic.4y,no,yes,no,cellular,may,fri,1855,22,20,1,success,0.7066821021089449,93.49298511078575,-37.606595836903644,4.7291642422625255,5179.73868594124,yes
57,admin.,single,high.school,no,yes,unknown,telephone,sep,wed,1372,10,19,0,nonexistent,-2.1291120336468414,93.3098348675817,-36.298270141939376,2.981686302968662,5118.153691310687,yes
20,blue-collar,single,basic.4y,unknown,unknown,no,cellular,nov,mon,3911,22,21,4,nonexistent,-0.6247907350420032,92.03596608713602,-28.27890937469957,4.5346365505195445,5043.312455362353,yes
72,blue-collar,married,basic.6y,unknown,no,no,telephone,jul,tue,3850,6,24,1,nonexistent,-3.3537793449286775,93.41561673535378,-35.151803515905165,1.7023328620470668,5148.635418885021,yes
43,blue-collar,married,university.degree,no,yes,no,cellular,oct,tue,872,14,17,5,nonexistent,0.11116491715710697,92.37442918330333,-47.676671237494595,2.061823434889725,5190.439073086918,no
31,blue-collar,married,basic.4y,unknown,no,unknown,telephone,dec,tue,1252,20,20,5,failure,-1.3285046086135694,93.5858456246802,-36.87926188501528,4.475519181796388,5111.08267970319,no
75,technician,married,basic.6y,no,yes,unknown,telephone,jul,thu,2317,5,3,6,failure,0.6598404893263244,92.80716566725712,-34.98013757834901,2.761991643833688,5021.444369385063,yes
58,blue-collar,divorced,university.degree,yes,unknown,yes,cellular,jan,wed,1851,20,28,3,nonexistent,-0.7335039891286508,94.7761951364483,-50.57291060263779,3.1967096067444056,5116.9435224702365,yes
78,self-employed,single,basic.4y,unknown,unknown,no,cellular,jan,fri,2845,6,18,4,nonexistent,0.6063527013919037,93.00589588450465,-49.00018894936546,3.126383225034051,5118.4861994596395,yes
25,blue-collar,divorced,basic.4y,no,unknown,unknown,telephone,aug,wed,1314,9,4,3,failure,-0.46400982960866827,94.2982593458967,-50.34594552722034,3.43965293495948,5130.474032579088,yes
66,technician,married,basic.6y,no,unknown,yes,cellular,oct,thu,724,29,13,0,success,0.1801745765260278,92.68766493472458,-49.64675454464205,3.1913910063738733,5170.1160157352715,no
72,management,divorced,university.degree,no,unknown,yes,cellular,jan,thu,3236,5,22,0,nonexistent,0.19028736388259565,92.53055760277395,-48.657005220607246,3.655211058698082,5223.027220485768,yes
72,technician,divorced,university.degree,unknown,unknown,unknown,telephone,oct,wed,2052,5,12,6,nonexistent,-2.21603670000358,92.61904607463629,-27.90820974272019,1.2480219251206524,4992.67607510439,no
73,self-employed,single,basic.6y,yes,no,no,telephone,feb,thu,2898,19,26,4,nonexistent,-0.6291968462492401,92.93272769884999,-45.859370753989815,3.726766842352427,5014.285585146254,yes
33,self-employed,single,high.school,yes,unknown,yes,telephone,apr,mon,3450,13,18,5,failure,0.7945439276307901,94.37682742958302,-45.91107018666039,1.2626281376043034,5179.157090731363,yes
59,services,single,basic.6y,unknown,no,yes,cellular,sep,tue,77,27,18,2,nonexistent,0.8186071119570838,94.13908848850386,-30.30767442603847,2.097839496894124,5103.505157698386,no
38,technician,married,university.degree,no,unknown,no,telephone,jul,fri,3481,23,15,4,nonexistent,-1.5534032967737788,93.21919801752846,-32.80911852313483,4.257926248099196,5160.817027595169,yes
27,management,married,basic.6y,no,yes,unknown,telephone,dec,thu,2621,5,29,3,failure,-1.8405083099805588,92.52664979173852,-34.648012703764806,3.2742502292282127,5073.630838113884,yes
74,services,single,high.school,no,yes,no,cellular,jul,fri,131,14,21,2,nonexistent,-0.26095596927463255,92.13637972464207,-40.720525233178186,4.855528202818501,5185.477038149517,no
42,services,divorced,basic.6y,unknown,yes,no,cellular,dec,tue,600,2,20,6,nonexistent,0.3367728902082614,93.73191686633443,-50.05486974470368,1.710110557321232,5074.999107645817,no
73,admin.,single,basic.6y,unknown,no,unknown,telephone,oct,wed,1772,25,18,3,nonexistent,-3.2297494157593833,93.97890625046297,-31.045698912325378,4.651264283107289,5213.998911643885,yes
55,blue-collar,married,basic.4y,no,unknown,yes,cellular,jul,tue,1065,5,999,3,nonexistent,-2.951526135101408,93.69718864641045,-30.22696935279467,3.424464428725336,5067.029398408097,yes
39,services,divorced,high.school,no,no,no,cellular,may,fri,2136,23,9,3,nonexistent,0.33791358294085483,93.40351188429624,-39.285145574420135,2.224652222897676,5038.029672907165,no
66,services,married,university.degree,no,unknown,yes,telephone,jan,mon,2449,28,1,1,nonexistent,-1.3033635869107243,94.72401540895,-35.38727018257528,4.061871280013165,4990.585838016682,yes
78,self-employed,single,high.school,unknown,yes,yes,cellular,may,wed,2343,23,14,2,nonexistent,-0.19528882526971042,92.06905801646869,-39.38406196066795,4.801422381153334,5188.029088467879,no
65,management,single,university.degree,unknown,no,yes,cellular,aug,thu,1863,26,18,1,nonexistent,0.5377448192024322,94.76754309482759,-43.72180462955943,4.030066499383933,5214.706497688728,no
64,services,divorced,university.degree,yes,unknown,unknown,cellular,dec,mon,1318,12,3,1,failure,0.2326524165603901,92.77368077261868,-37.886938270477074,0.6284845028814675,5200.139814804215,yes
71,management,single,basic.4y,no,no,yes,telephone,dec,tue,615,24,20,3,failure,0.4866455856801167,93.07280537232168,-34.342487732086944,0.6451832853541034,5164.607017242282,no
63,blue-collar,married,high.school,no,no,no,cellular,jul,fri,3597,20,25,0,nonexistent,-0.933375837428237,94.10709504564079,-47.106099778511954,1.1551383847799084,5077.939859700444,yes
21,self-employed,married,basic.4y,yes,yes,no,telephone,jul,fri,2847,7,29,5,nonexistent,-2.642692381861136,92.6359217101378,-38.11589969185027,4.3431899620158,5045.06484574586,yes
21,admin.,married,basic.6y,no,yes,no,telephone,feb,fri,3762,3,29,4,nonexistent,-1.127160489574886,93.98757893051902,-32.254562796024345,3.901086484293014,5038.868203350244,yes
47,admin.,divorced,high.school,yes,yes,unknown,cellular,jan,tue,3708,9,24,0,nonexistent,1.2237847491445297,92.9311426075104,-39.433380187951606,3.415003423484459,5164.5044476455205,yes
19,blue-collar,married,basic.6y,unknown,yes,no,telephone,apr,wed,2469,15,3,3,nonexistent,-1.9338230155789438,94.63356286580773,-47.05022243050164,3.6558256609836133,5054.817108735939,yes
46,blue-collar,single,high.school,yes,yes,unknown,telephone,aug,thu,1888,15,11,4,nonexistent,-1.387499577151415,92.48078044666198,-30.01357190637095,3.3271467864936692,5171.263864573704,yes
60,self-employed,divorced,university.degree,yes,unknown,yes,telephone,jan,mon,1046,8,24,5,nonexistent,0.274087004017821,94.60899502830591,-34.69477343146964,2.1306952532738532,5223.4125839258895,no
79,self-employed,married,basic.6y,unknown,unknown,yes,cellular,feb,tue,574,28,20,4,nonexistent,-3.0353277001420365,94.2150054680457,-35.68258432450144,3.769978765827351,5013.549204374524,no
53,technician,married,high.school,no,yes,unknown,telephone,jul,fri,2190,26,28,5,nonexistent,0.23382644238612255,92.47666173483415,-35.22505598494222,4.714433021532,4993.78267482874,yes
38,services,single,high.school,yes,yes,unknown,telephone,may,thu,992,16,18,3,nonexistent,-2.0837791878448773,93.08536415905657,-44.943058961543635,3.8985523294218303,4995.196118155993,yes
78,services,single,basic.6y,yes,yes,unknown,telephone,jun,fri,2712,25,22,1,nonexistent,-2.116828607470453,92.29202981151504,-39.03370560620414,4.416106411603936,4979.204923570298,yes
77,services,divorced,basic.4y,no,no,yes,telephone,dec,tue,2192,2,23,4,nonexistent,-0.6043682170039937,93.67921758464404,-43.008900205445485,1.6434923088490958,5146.350176116048,yes
38,management,married,high.school,yes,yes,unknown,telephone,aug,fri,1248,20,8,5,nonexistent,-2.174621730195496,94.68947788295512,-30.8786929493618,2.1368555445259947,5120.444018118034,yes
65,technician,married,basic.4y,unknown,unknown,yes,telephone,dec,tue,3054,1,24,4,failure,-0.32245619317166785,92.22184654063031,-36.72854505570939,2.834046724419625,5112.904320224511,yes
38,services,single,basic.4y,yes,unknown,yes,telephone,sep,fri,502,24,21,4,failure,0.9624877659075849,92.7227176979057,-33.65667799476526,2.674572033085037,5117.436063713772,no
21,management,divorced,basic.4y,no,no,no,cellular,aug,tue,1997,29,15,4,nonexistent,-1.4577556440470594,94.11499898519449,-35.018796472740206,2.650343485329484,4981.993322424331,yes
18,management,single,basic.4y,no,unknown,yes,cellular,dec,fri,820,4,14,2,nonexistent,1.1290563731642962,93.28328370478096,-39.23908217214387,3.4184369382515083,5040.6362063152665,no
79,admin.,single,basic.4y,yes,yes,unknown,cellular,jan,thu,3687,4,8,1,nonexistent,1.1228611877320567,92.94907584324608,-31.56395895216779,4.363721095294861,5033.916512988989,yes
43,management,divorced,university.degree,no,no,unknown,telephone,nov,thu,2151,23,18,2,nonexistent,-2.403668430001133,93.68333362749182,-36.09273308653722,4.503512906838052,5090.302274239849,no
73,blue-collar,married,basic.4y,no,no,unknown,telephone,apr,fri,3110,6,17,2,nonexistent,-1.3274243160385932,92.82311894492011,-45.379827447093945,1.2622073643137606,5196.094662152104,yes
68,self-employed,married,university.degree,yes,unknown,yes,cellular,may,fri,1970,3,20,5,failure,1.352546980206347,92.92080048564567,-43.851125047487365,0.9966695972792312,5220.736655466379,yes
19,management,married,high.school,yes,yes,yes,telephone,sep,tue,197,8,6,3,nonexistent,-2.7832437155908636,94.25711229055689,-31.035478364493134,1.9693483899995288,5125.486447823143,no
26,blue-collar,divorced,university.degree,no,yes,no,telephone,jun,tue,1669,2,26,1,failure,-1.1183045306148072,93.09643487040732,-28.304570503265907,3.843797789773721,5028.87680757822,yes
72,blue-collar,divorced,university.degree,yes,yes,no,cellular,jun,tue,2626,29,15,0,nonexistent,-1.326983870671354,93.96156054485792,-37.70271306978774,4.091194675480139,5064.290918660514,yes
74,admin.,divorced,basic.4y,unknown,no,unknown,telephone,mar,wed,2438,17,14,6,nonexistent,0.4879734477978171,92.42213568237496,-41.5855782151378,2.2864182777366393,5049.671331374674,yes
62,admin.,divorced,high.school,yes,unknown,yes,cellular,dec,fri,1202,28,22,1,failure,-2.6219886687908263,93.11669904062708,-35.86221607966876,1.9659716195759451,5017.5759019854195,no
35,management,divorced,high.school,no,unknown,unknown,cellular,feb,fri,2601,12,10,0,nonexistent,-2.336751668872875,93.5453779017099,-39.244190579007146,1.1741756217288584,5222.414329810832,yes
65,admin.,single,high.school,unknown,unknown,unknown,telephone,feb,fri,1471,29,5,5,nonexistent,-2.5573442290125334,92.74843202490774,-30.683497668942167,1.648223176912462,4998.397651089153,yes
65,admin.,married,basic.6y,no,yes,unknown,cellular,jul,fri,3571,12,2,5,nonexistent,-2.600176668701617,93.18048411609844,-30.89142875327235,1.0434122541007196,5113.417996722843,yes
74,self-employed,divorced,university.degree,no,no,no,telephone,may,tue,3086,15,13,4,nonexistent,-2.1626223136899094,94.12750654162683,-39.89792866468016,1.936949919152655,5174.849260328158,yes
59,services,married,basic.4y,unknown,no,unknown,telephone,dec,tue,1646,18,5,5,success,-0.8645398245995249,92.45221320531363,-31.570484948910515,3.574940839690971,5212.119035447679,yes
58,management,divorced,basic.6y,yes,unknown,no,cellular,oct,wed,1692,9,16,0,nonexistent,-0.006916838886753,93.40210337596032,-46.18834349813449,1.1673980549532326,5016.751862153126,yes
28,management,married,basic.4y,no,unknown,yes,telephone,jan,tue,1312,21,18,6,success,-1.5745161668906036,92.73298930359059,-41.863454587947274,2.0137325750729946,5014.455750201734,yes
42,management,single,basic.6y,yes,no,unknown,telephone,dec,fri,2035,5,17,0,success,-1.2580992088184568,93.14866712503837,-48.89751712873461,2.9260130732829612,5095.109985457247,yes
43,admin.,married,high.school,yes,unknown,no,cellular,may,fri,477,22,19,5,failure,0.4034887052311505,93.05108526527665,-31.493717470212403,2.039270399745796,5065.259964125555,no
78,self-employed,married,basic.6y,unknown,no,yes,telephone,nov,mon,1254,3,15,6,nonexistent,-0.8789513912432408,93.83495312296247,-27.49168913717334,2.53412754591064,5029.549031634212,no
75,admin.,divorced,high.school,no,no,no,telephone,jan,tue,922,17,23,6,nonexistent,-0.5690668997361324,94.14807015299628,-37.01533276130909,2.7862198777386533,4988.5674820576305,yes
53,blue-collar,married,basic.6y,unknown,unknown,unknown,cellular,sep,mon,419,29,2,0,failure,-0.9137268934059609,93.39926553020015,-32.480738553444965,4.010039308869001,5060.048504758854,yes
59,technician,single,basic.4y,unknown,no,yes,telephone,aug,fri,2204,24,5,4,nonexistent,0.39067220520352663,92.46643923997475,-41.20190103664773,4.309620968766382,5038.07508204469,yes
52,technician,single,basic.4y,no,no,yes,telephone,apr,tue,2597,23,25,4,nonexistent,-2.5192870574890374,94.4321491682108,-37.37888331167352,1.4465152212592967,5009.100196923999,no
55,technician,single,basic.6y,no,unknown,yes,telephone,nov,fri,3512,12,29,2,nonexistent,1.3100088587928824,92.52136563173471,-42.49819847230004,2.2250715114316555,5060.978643832636,yes
20,services,divorced,university.degree,unknown,unknown,no,cellular,jan,mon,1120,14,16,0,nonexistent,0.8212558017600338,93.61966168386456,-34.1453479074843,3.1307028050274823,4985.191902552823,no
76,admin.,divorced,university.degree,unknown,unknown,no,cellular,nov,mon,3068,8,19,1,nonexistent,-1.4787511637459396,93.47644584101856,-44.914746275164056,2.797270825683268,5206.176593136298,yes
58,blue-collar,divorced,basic.6y,unknown,no,no,cellular,aug,thu,3044,9,4,3,nonexistent,-1.4075588460508937,92.80264965399377,-47.13751020131421,0.9538408548989711,5122.036126028927,yes
52,blue-collar,divorced,university.degree,no,unknown,yes,telephone,may,thu,3482,2,20,2,nonexistent,0.6751705382473042,94.66825078193655,-29.32443753179298,2.117842118960432,5090.360414839907,yes
67,technician,divorced,basic.4y,no,unknown,unknown,cellular,jan,tue,950,21,15,0,failure,-1.2612897706678508,93.89466072062245,-30.143671710590436,1.6010980385798312,4997.896704423133,no
57,self-employed,single,university.degree,unknown,no,unknown,cellular,feb,tue,2336,2,16,2,nonexistent,-0.9608160801364869,93.31594705671421,-30.844454027835557,2.435976708288103,5169.233085261462,yes
39,services,married,basic.6y,no,no,yes,cellular,may,tue,1277,29,15,5,success,0.18068454713509693,93.24176184835056,-31.165131968500543,2.0871210750850233,4983.545494332452,yes
25,services,single,university.degree,no,unknown,unknown,cellular,sep,tue,2243,24,24,5,nonexistent,-1.5376486949166321,92.25887373779878,-33.364831013859174,3.659683410506645,5224.156779525131,yes
32,technician,divorced,basic.6y,no,unknown,yes,telephone,oct,tue,2645,16,20,5,failure,-1.2207092108345805,94.18590647339849,-29.893242265065957,2.3663562404344645,5186.505297027201,yes
62,technician,single,basic.4y,yes,no,unknown,cellular,aug,tue,1857,20,8,0,nonexistent,-3.221829166881105,92.23420191096736,-45.77587768869431,1.6627153067741998,5088.172153885734,yes
24,admin.,married,high.school,yes,no,unknown,telephone,nov,tue,3593,11,6,0,failure,-2.7607355386672077,92.56201818687569,-29.99737528919994,3.3264627507183278,5141.2937542407,yes
36,self-employed,divorced,basic.4y,unknown,yes,unknown,cellular,oct,mon,516,20,4,2,nonexistent,-1.1984348639708728,92.46058577745391,-28.864779719293324,3.7983214330848356,4987.1200270373165,no
57,services,single,basic.4y,yes,no,no,telephone,aug,mon,1658,10,8,0,failure,-3.1808104588558637,92.19083629820355,-33.6875093525533,1.0763802050789841,5092.817158768615,no
59,blue-collar,single,basic.6y,unknown,no,no,cellular,sep,mon,1865,8,20,6,nonexistent,-1.926336708799462,94.32283722375746,-36.47550075299069,1.7054365137246084,5180.375297116293,yes
34,technician,married,basic.4y,unknown,yes,yes,telephone,feb,fri,2912,7,9,0,failure,-1.3012284993057157,94.53762514993825,-45.15791965631162,1.5187525767736512,4984.282885214006,yes
18,admin.,divorced,basic.4y,no,unknown,no,cellular,jul,wed,1141,1,24,3,success,-2.912236688706695,93.75144918473346,-30.098759322620104,1.4847841520375777,5021.006332807612,yes
62,blue-collar,divorced,university.degree,unknown,yes,yes,telephone,oct,fri,2853,23,20,1,nonexistent,-3.0864374306588713,94.45771436795528,-37.0138249409213,4.568728076004212,5169.196140025675,yes
46,services,married,basic.6y,unknown,no,no,cellular,may,tue,1932,10,999,4,nonexistent,-3.3218540724945274,93.89017702285965,-36.20500384546029,1.1545205387234865,5084.849346927587,no
75,technician,married,university.degree,unknown,yes,unknown,telephone,mar,wed,3230,19,6,3,failure,-1.0704513723290763,93.91801583555565,-36.30318432179153,4.432991232901686,5139.480883537228,yes
30,self-employed,married,basic.6y,unknown,yes,no,cellular,oct,mon,814,5,20,4,nonexistent,-2.6951914651876208,94.49051945532814,-30.083970480252475,2.33317946034465,5179.999118299088,no
73,technician,married,university.degree,no,yes,no,telephone,aug,mon,2275,24,4,4,failure,-0.09473645375218001,92.25740019847304,-47.526245654175106,3.419525263472986,5002.073137404363,yes
65,self-employed,divorced,university.degree,no,yes,no,cellular,feb,thu,1900,22,5,1,nonexistent,-1.0338855824642565,92.15324847545075,-49.32603125945183,2.5401752959661303,5087.532183340337,yes
46,admin.,divorced,high.school,unknown,yes,yes,telephone,apr,tue,2263,8,5,6,nonexistent,-3.309102027239377,92.15005641183849,-45.446788236840064,3.2344829598691636,5112.406551370036,yes
58,admin.,single,basic.4y,yes,yes,yes,cellular,dec,tue,2995,21,22,3,success,-3.116632968854649,93.17013361900122,-39.04694180809618,3.02728425664821,5126.263871411495,yes
59,services,single,university.degree,yes,unknown,unknown,cellular,may,thu,3767,26,27,0,nonexistent,1.0053608286843843,94.64990321885523,-39.580960955782594,2.5049760857728405,5187.834741487187,yes
23,self-employed,single,high.school,unknown,yes,unknown,cellular,may,fri,2062,9,14,1,failure,-2.8031931491420425,94.43581084778614,-38.5624591983711,1.8101086341741741,5089.598843876933,yes
22,technician,divorced,university.degree,no,yes,unknown,telephone,apr,thu,3228,29,7,0,nonexistent,0.23515525811970206,94.1894978139987,-48.067387554899476,4.695835844487792,5047.507727557985,yes
51,admin.,divorced,university.degree,unknown,yes,no,cellular,mar,tue,3719,13,999,0,nonexistent,-2.21789713018076,93.13096260760479,-31.84987159276183,4.630256330804525,5175.83275798945,yes
28,technician,divorced,high.school,unknown,yes,unknown,cellular,mar,mon,3332,14,9,5,nonexistent,-1.8564814289104028,94.30771089576538,-43.57923774686032,0.9129082756462173,5200.823292413735,yes
26,services,single,high.school,no,no,yes,cellular,may,thu,3228,27,26,0,nonexistent,-3.281003705102535,92.61177237296326,-28.973803278296433,1.5834931225226494,5058.468707598188,yes
55,self-employed,married,high.school,yes,yes,unknown,telephone,dec,wed,2094,6,2,0,nonexistent,-0.7304868430724547,93.63898505988766,-30.724875514375782,3.1258920687823166,5155.717236239848,yes
57,technician,married,basic.4y,unknown,yes,unknown,telephone,oct,mon,2371,11,21,3,nonexistent,-1.1581863778572965,94.08858391988606,-49.28325043597512,4.913979499363493,5019.650417372686,yes
58,blue-collar,married,basic.4y,no,yes,unknown,cellular,jun,fri,2891,9,15,4,nonexistent,0.1757817997807869,92.25883499295612,-49.51982236777133,3.8007294389887694,4987.426452813671,yes
26,technician,married,university.degree,no,unknown,unknown,cellular,jan,mon,3756,13,999,4,nonexistent,0.9473086406292258,94.4475800042989,-35.76741303992307,4.200680986519455,5063.1937653619525,yes
25,management,married,basic.4y,unknown,yes,unknown,telephone,nov,fri,129,4,15,3,failure,-0.7709977638728093,94.03649313945701,-48.95310175463492,1.9825790739854057,5071.241051425462,no
61,management,divorced,high.school,no,no,yes,telephone,apr,mon,3482,2,13,4,nonexistent,1.1708804403646873,93.49318067544687,-37.13307277127494,1.5632160025621136,4993.7560053065945,yes
75,services,single,basic.6y,unknown,unknown,no,telephone,oct,tue,94,24,4,5,nonexistent,-2.6888931440084622,92.17474335577793,-48.90798915254381,1.594233667196743,4990.648613469593,no
57,services,married,basic.4y,yes,no,unknown,cellular,oct,fri,2674,21,15,1,nonexistent,-1.7457009821606504,93.94465253519982,-39.34357278033749,2.7264402922489928,5150.394489969046,yes
20,services,married,high.school,unknown,unknown,no,cellular,jun,fri,2802,2,20,0,nonexistent,0.5832405090164126,93.25230173618384,-40.78335145332384,4.377312989903339,5153.726650200921,yes
30,blue-collar,married,high.school,yes,unknown,unknown,telephone,feb,thu,1955,22,25,0,failure,-0.7440907036281214,94.06269619236647,-36.67667705619316,1.5520276351057938,4982.7753830659285,yes
36,self-employed,divorced,high.school,no,yes,no,cellular,oct,mon,3363,13,24,6,nonexistent,-0.7745368331544688,92.10183707413624,-42.28693968889284,3.1093998075719083,5097.636100500222,yes
51,blue-collar,married,high.school,unknown,yes,yes,telephone,may,fri,793,19,10,5,nonexistent,-1.1901480267029432,93.6093265695642,-47.45287214393938,4.158696931103504,5111.633582710551,yes
49,technician,single,university.degree,no,unknown,no,telephone,nov,fri,1834,1,17,0,nonexistent,-3.31040207803397,93.25165672155246,-30.673425644735236,2.8015674059054674,5095.477577676663,yes
66,admin.,divorced,high.school,unknown,yes,unknown,telephone,sep,mon,3354,28,6,2,nonexistent,-3.014366544526545,93.20348293690297,-43.646710340301176,2.434371240942736,5222.59566525744,yes
33,self-employed,divorced,high.school,no,yes,no,telephone,mar,mon,2116,6,24,1,failure,-2.97032963810029,93.44920182189364,-49.18763621993767,2.1247411560890543,5084.667526641029,yes
53,management,divorced,university.degree,yes,unknown,no,cellular,mar,wed,1683,27,7,2,nonexistent,-2.490600247384654,92.34627275384186,-38.83578370907733,3.2419736753429134,5107.823729433312,yes
35,management,married,basic.4y,unknown,unknown,unknown,telephone,sep,thu,10,8,16,3,failure,-2.9474751347812194,94.61926465578716,-29.82356735680196,4.19784100315707,5045.640068043566,no
31,management,married,basic.6y,no,no,no,cellular,mar,fri,3325,17,29,2,nonexistent,-2.8883016750778365,93.97316590690042,-44.09078662423708,4.982974844005834,5030.324851979678,yes
47,technician,married,university.degree,unknown,unknown,unknown,cellular,apr,mon,1865,3,13,4,nonexistent,-0.34292514217173553,92.23757799883428,-40.02700480301329,4.425181518506586,5180.212989087061,yes
19,technician,married,university.degree,unknown,no,yes,telephone,dec,fri,2919,6,16,4,success,-2.8319335241266326,92.22248691945121,-41.17862780932044,2.5921008651912043,5209.03605885981,yes
30,services,single,basic.4y,yes,no,unknown,cellular,sep,wed,2597,26,11,1,nonexistent,-1.1678424803052723,92.58985323258617,-49.64352706420868,0.9486648176299914,5048.70297989472,yes
44,admin.,divorced,basic.4y,no,yes,yes,cellular,apr,wed,3205,29,17,2,nonexistent,-3.0969798597489713,92.67122300447251,-30.04650750317602,1.1303639455135541,5187.821016669996,yes
76,services,married,high.school,unknown,yes,no,cellular,may,fri,711,19,999,2,nonexistent,-2.106846157149143,93.37802082086624,-32.6627365045942,0.7290302124635171,5075.1490801392665,no
70,technician,single,basic.4y,unknown,unknown,unknown,telephone,feb,thu,2070,7,23,0,nonexistent,1.0368765893843077,93.50207515319825,-48.511123464177324,2.195718253161061,5102.334320605263,yes
69,blue-collar,divorced,basic.6y,unknown,unknown,no,telephone,aug,tue,814,15,6,1,nonexistent,-3.251167245434805,92.40826183215471,-47.641235465014546,2.7188255210183563,5010.714940271907,no
34,services,divorced,university.degree,unknown,no,yes,telephone,sep,fri,345,6,5,0,nonexistent,0.8094165108275246,94.72588948847245,-50.547093497269465,4.210680828361896,5118.179317331537,no
48,self-employed,divorced,basic.6y,unknown,no,yes,cellular,oct,wed,2349,25,14,1,nonexistent,0.2461244368302061,94.30935303092514,-27.241334514315156,0.9772291469620993,5215.576780705611,yes
32,technician,married,high.school,no,yes,no,cellular,apr,thu,362,29,17,6,nonexistent,1.0203973855765267,93.7737656549185,-40.853293313616604,1.6037252972517004,4976.972820148059,no
74,technician,divorced,basic.6y,unknown,unknown,unknown,telephone,mar,mon,2443,22,10,1,nonexistent,0.37698358026822515,92.77813540597414,-28.56368361855622,2.846868233861403,5032.710452223022,yes
79,blue-collar,married,high.school,unknown,unknown,unknown,cellular,apr,thu,2265,23,24,2,nonexistent,0.5656593266361852,94.54895189737044,-40.75857582465101,4.339015870723625,5147.263817654238,yes
37,blue-collar,single,basic.6y,unknown,unknown,unknown,telephone,jul,thu,2188,18,28,5,nonexistent,-2.8829253770016514,92.88268279312194,-48.319171322013304,0.985613145346129,5034.6700577193915,yes
22,blue-collar,divorced,university.degree,no,unknown,unknown,telephone,jan,fri,3687,10,16,0,nonexistent,0.6106215958241085,92.89386419121054,-42.594552090892314,1.6711181924707152,5060.927862585588,yes
24,admin.,single,basic.6y,unknown,yes,yes,telephone,nov,thu,3005,4,999,3,success,-1.1098191781152387,92.98819286566425,-40.804264057706916,2.9931811652212423,5040.329740687609,yes
35,self-employed,married,basic.4y,unknown,yes,unknown,cellular,nov,mon,3281,5,1,0,nonexistent,-1.7124204265345773,92.13421824263705,-46.57891688228101,2.0272059985475717,5219.495508175577,yes
73,technician,married,basic.6y,yes,no,no,cellular,feb,fri,984,18,6,3,failure,-2.6614814140738408,92.17319125008257,-49.52116222501068,4.966549803193511,5092.443936374312,yes
28,blue-collar,married,university.degree,yes,yes,yes,telephone,oct,wed,3040,27,9,4,nonexistent,-3.396785592156567,93.33224911637814,-43.23521363306461,2.5893847868151436,4999.003392371927,yes
49,admin.,divorced,high.school,unknown,no,no,telephone,may,mon,3694,10,13,1,nonexistent,-0.31538030748498724,94.4689095418422,-37.91089081152916,4.6099709021603354,4995.945172394269,yes
67,management,divorced,basic.6y,unknown,yes,no,telephone,sep,fri,1639,10,11,6,nonexistent,0.08490615207048342,94.63864933997908,-44.697706409736796,4.7399063030531705,5045.686648708372,yes
44,self-employed,single,basic.6y,yes,yes,no,cellular,jun,fri,827,10,16,0,nonexistent,-1.5371740262605884,94.17201087647891,-27.8874530999625,1.7415037331595526,5069.660669851058,no
43,management,married,basic.4y,no,unknown,yes,telephone,mar,tue,2730,7,13,1,nonexistent,-2.6116270223008975,93.13238101922309,-39.293947492661886,2.036603535948009,5040.00492486607,yes
54,management,single,high.school,no,no,unknown,telephone,mar,mon,3531,20,18,5,nonexistent,-2.7060839977576947,92.86937633557956,-47.68650586357092,2.026202073886209,5109.2187312607475,yes
62,technician,married,high.school,yes,no,no,cellular,jul,thu,3051,14,9,0,nonexistent,-2.5924586534047895,92.60397278805729,-40.917509650476795,2.5197728120977203,5194.190467691287,yes
45,admin.,married,high.school,unknown,no,no,cellular,mar,mon,355,25,23,4,success,-3.130200128855879,93.50766012866944,-33.88596797033505,0.8778629180890908,5172.071869447611,no
67,admin.,single,university.degree,yes,yes,unknown,cellular,oct,mon,3055,8,11,0,nonexistent,-1.6736899382035137,93.35088944489391,-39.15715298379135,4.1523573540936445,5116.742299415959,no
19,management,married,university.degree,no,unknown,unknown,telephone,mar,tue,1347,26,6,4,nonexistent,-0.44242531618740366,93.30731087798277,-42.88350996582177,1.1757590363760675,5155.16388929313,no
37,self-employed,single,basic.4y,yes,yes,unknown,cellular,oct,thu,3204,9,7,1,failure,-1.2538853607761766,92.88542428534261,-48.25943014566282,4.532126334966617,5138.811158146119,yes
21,services,divorced,basic.6y,no,unknown,unknown,telephone,dec,tue,2935,24,28,6,nonexistent,-2.7976906549351286,93.62939527707623,-39.81661797889485,3.136959869118631,4981.047422764997,yes
30,management,single,university.degree,unknown,yes,no,telephone,jul,tue,3876,5,12,2,nonexistent,0.5175176760733906,93.70220905414357,-48.47246903382565,2.718545639784548,5131.477892406189,yes
41,technician,single,high.school,unknown,no,yes,telephone,sep,tue,1863,25,27,5,nonexistent,-2.0221301436742403,94.45054486392716,-41.93591374485256,3.50746933306385,5194.262269469623,yes
78,management,married,basic.6y,unknown,yes,unknown,cellular,sep,mon,126,21,5,6,success,-0.5071365152601679,94.13192908245173,-48.02224002498459,4.705643214986862,5183.144215962004,no
65,self-employed,single,basic.6y,no,no,unknown,telephone,mar,tue,3177,8,7,3,failure,-2.2207175873828344,92.92368969522418,-34.63976886813474,1.90533478994808,5087.928273918168,yes
55,self-employed,divorced,basic.6y,yes,unknown,no,cellular,aug,wed,3056,20,4,1,nonexistent,-0.5440459867540929,93.06270330968816,-32.33477648153422,1.788817457372577,5049.800086161565,yes
75,management,divorced,basic.4y,unknown,no,unknown,cellular,jan,thu,603,29,8,5,nonexistent,-2.777645982223974,92.67059973200381,-44.98070287085305,2.227463444672788,5063.534385213393,no
57,admin.,divorced,university.degree,no,no,no,cellular,dec,thu,3870,5,25,5,success,-0.2536006373594603,92.4783862055021,-49.01428974556677,2.7419581005732936,5113.254025837471,yes
65,management,divorced,university.degree,unknown,no,no,telephone,aug,tue,3449,27,10,2,nonexistent,-0.6488123434529017,92.30489637465035,-42.50597246292084,0.9331002041285487,5071.942620781496,yes
62,blue-collar,single,basic.6y,yes,no,no,cellular,nov,mon,1928,20,12,1,nonexistent,-0.9073938377958981,92.09553727040417,-37.403389899580326,3.5919437099072895,5055.7719765687725,no
72,blue-collar,divorced,basic.4y,unknown,unknown,no,telephone,feb,fri,1013,18,999,1,nonexistent,-2.357975522652782,93.16950875511573,-32.4462797398258,2.891935719354094,4994.973661083526,yes
46,services,single,basic.4y,no,yes,unknown,telephone,apr,fri,50,4,6,0,nonexistent,-0.8600383701605944,94.68554116984879,-41.17074170496537,2.9756387520281313,4991.68059187523,no
75,technician,single,university.degree,no,yes,yes,cellular,jul,mon,3100,11,5,4,nonexistent,0.9061017844890468,93.50643266423067,-42.05390489069868,1.6984437728083732,4971.369246830175,yes
53,technician,married,university.degree,unknown,yes,unknown,telephone,jun,tue,3533,21,7,6,nonexistent,-2.7987276520609004,94.07803926944072,-29.09075224097882,4.2986390118661255,5226.484401591523,yes
19,admin.,single,basic.4y,unknown,yes,yes,cellular,dec,tue,3367,22,1,4,nonexistent,-0.022114015985160444,93.11362242366152,-40.05249606652568,2.3514595843136563,5059.523683474978,yes
58,technician,single,high.school,no,no,unknown,cellular,sep,wed,3368,20,16,0,nonexistent,-2.8541796135134354,93.07633500235197,-40.11148830411831,3.4699563271316203,4982.819205237623,yes
35,services,married,basic.4y,unknown,unknown,no,cellular,aug,fri,3797,11,16,0,failure,-1.7768599288642195,92.3505668539259,-41.001021238815774,1.6562683882799416,5113.743058743783,yes
66,blue-collar,divorced,high.school,unknown,unknown,unknown,cellular,feb,fri,2826,14,29,1,nonexistent,-0.11761206736058995,92.83958379153466,-42.119051669404534,4.191686578743321,5142.150428351547,yes
25,admin.,divorced,university.degree,unknown,yes,no,telephone,apr,thu,1430,26,17,4,nonexistent,-0.7108908748812961,94.60028148033578,-33.38926084051017,1.9187510774807384,5143.665416557948,yes
75,self-employed,single,basic.4y,yes,yes,unknown,cellular,jan,tue,1792,13,20,6,nonexistent,-0.14433453602797058,93.37256426594492,-44.06539566295558,4.655422343406758,5220.009573814233,yes
32,blue-collar,married,basic.4y,yes,unknown,no,telephone,jul,mon,2861,28,6,1,nonexistent,1.22411834700724,92.57215951265002,-41.747258620471214,2.6010874519560123,5020.001126174732,yes
58,services,single,basic.4y,yes,unknown,yes,telephone,apr,tue,1636,4,14,6,nonexistent,1.2541279574742346,93.85851048845352,-44.05326057757252,1.2386603668346765,5200.25595115977,yes
34,admin.,single,basic.4y,unknown,no,no,cellular,aug,tue,3476,16,12,6,nonexistent,0.9913707508873161,93.13525416411447,-37.16937883511034,3.2892547687727,5203.286368836594,yes
40,management,divorced,basic.6y,no,unknown,unknown,telephone,feb,wed,3417,6,24,2,failure,-1.0248154399956424,94.31653513184867,-27.846649119388523,3.04918991931771,5084.678239297509,yes
19,technician,married,basic.6y,unknown,unknown,no,cellular,aug,mon,1645,23,19,2,success,-1.7629999688443363,92.25991711879988,-41.47195199504822,2.454311147138552,5215.615404496652,yes
23,services,single,university.degree,unknown,no,yes,cellular,feb,wed,2467,13,28,6,nonexistent,-2.057956917387881,93.46106113789496,-27.659932670424077,4.2067283562014355,5016.9652934365895,yes
46,admin.,divorced,university.degree,yes,no,yes,cellular,nov,wed,1205,23,24,0,nonexistent,-0.6366915724112919,94.24339396665167,-35.10506031576068,2.4536702562229635,5053.399581556771,yes
44,blue-collar,single,basic.4y,no,no,unknown,telephone,aug,wed,3030,20,13,4,nonexistent,-1.2228204962382447,94.39059258235315,-31.788849596167733,1.1993790273822362,5164.460981363408,yes
54,admin.,divorced,basic.6y,yes,unknown,no,cellular,jan,wed,2872,5,26,2,failure,1.3737185236773746,93.10976827147098,-42.84122252479293,0.7257654485991033,5213.580368557578,yes
66,management,married,university.degree,no,unknown,unknown,telephone,feb,tue,3072,19,14,6,failure,-0.8292389151729317,94.07491486397073,-45.436311670682976,4.525515893297922,4984.205731791271,yes
51,services,single,high.school,unknown,unknown,no,cellular,may,thu,1854,21,2,4,nonexistent,-1.8208755255864224,94.70398752886891,-37.014235420549845,2.653494284908673,5141.536276170199,yes
35,admin.,married,basic.6y,unknown,no,yes,telephone,jan,tue,566,10,27,6,nonexistent,-0.3474013836338514,93.74139800597769,-27.121048234273836,3.0770321676302905,5213.068230045699,no
59,self-employed,divorced,basic.6y,unknown,unknown,unknown,cellular,dec,wed,2418,5,5,4,failure,-3.190155934520914,94.27245201071698,-33.82646512984375,1.1048605221488306,4990.830394637646,yes
27,services,married,basic.6y,no,unknown,yes,telephone,may,wed,935,14,8,3,nonexistent,-2.8682246930340374,93.60649873259455,-34.50917066136315,2.753414451732206,5012.022106599664,no
55,services,married,basic.4y,yes,no,no,cellular,may,thu,1934,4,26,2,nonexistent,-0.21441772129428877,94.21259531831046,-40.042552174512515,2.946805530474054,5142.740121622574,yes
76,blue-collar,married,high.school,yes,yes,yes,telephone,jul,fri,2708,6,13,2,nonexistent,-2.807964754275606,94.63395587734375,-29.780313076944417,2.647112246021619,5130.801272900775,yes
61,technician,single,basic.4y,yes,yes,no,cellular,feb,mon,3502,5,28,1,nonexistent,0.2259732390314951,93.99209338694786,-34.142469099090576,4.798126939264176,5042.5356754176655,yes
34,self-employed,divorced,university.degree,no,unknown,unknown,telephone,feb,wed,3016,24,15,6,failure,-3.102840378053789,92.43240024131303,-34.67029255834741,3.114094436813739,5211.31931843421,yes
76,management,married,high.school,no,no,no,cellular,dec,wed,1332,29,16,1,success,-0.5493299718538811,92.2293762754945,-43.80847131544474,4.887303911565945,5065.859952178109,yes
30,admin.,single,basic.4y,unknown,no,no,telephone,jun,tue,3208,29,11,6,nonexistent,-0.14328610851488333,94.27384232512334,-27.910171772232474,1.274666145212749,5053.891152259831,yes
69,technician,divorced,basic.6y,yes,unknown,unknown,cellular,nov,wed,201,2,3,5,nonexistent,0.342053684796399,92.72342581445666,-44.81572879787477,4.622433326584528,5186.109966059495,no
77,blue-collar,divorced,high.school,no,unknown,unknown,cellular,oct,wed,3507,6,4,4,nonexistent,0.8513550251644423,94.45074237229143,-38.28387950004811,3.032853995168442,5112.160057936226,yes
65,technician,divorced,basic.6y,yes,yes,yes,cellular,mar,mon,2360,2,10,6,nonexistent,-1.901266109584566,92.54923626075846,-42.68461925112342,1.9030004379476277,5080.519969217899,yes
59,services,married,university.degree,yes,no,no,telephone,aug,tue,116,12,21,0,nonexistent,0.05198938598248577,94.55093076465226,-46.47947141928683,3.8812626666225607,5107.686522870684,no
44,services,married,high.school,no,unknown,no,telephone,mar,fri,3737,22,10,1,nonexistent,-3.01249776057344,94.25460327015558,-47.35616828483655,3.0475534972690417,5153.22788632905,yes
70,management,married,university.degree,no,no,yes,cellular,oct,wed,936,4,7,1,nonexistent,0.5830145088549288,94.46753615526599,-43.79993070658579,3.1329761886282332,4985.658079764515,no
19,self-employed,divorced,university.degree,unknown,unknown,no,telephone,apr,wed,3874,13,27,5,nonexistent,0.8730993193023404,92.65158073553911,-34.33339175231494,1.35653186466749,5051.8511807935565,yes
51,admin.,divorced,university.degree,unknown,yes,no,cellular,jul,fri,574,17,17,5,nonexistent,0.19355715185703254,94.45989421513742,-27.50270852285339,3.5917375622173857,5191.206095069336,yes
48,admin.,married,high.school,unknown,unknown,unknown,cellular,jan,thu,2291,6,5,4,nonexistent,-2.049618662672197,93.64516748048305,-30.40691828067978,1.89421457162606,5157.35023274776,yes
40,blue-collar,married,university.degree,yes,yes,unknown,cellular,jan,fri,536,3,6,5,nonexistent,-3.1007510069165742,92.23522305765476,-45.58914635388783,2.1653618163705706,4983.101479717649,no
24,management,divorced,basic.4y,yes,yes,unknown,telephone,sep,fri,1625,13,5,2,nonexistent,-1.3762928712007951,94.60691351526174,-48.925933959277934,4.58893615706592,5085.342847054525,yes
55,admin.,divorced,basic.4y,unknown,unknown,yes,cellular,dec,tue,2122,23,13,1,success,-2.1009490408903693,92.54499697869724,-34.38833307637331,1.389792010113983,5045.0543617652465,yes
50,self-employed,single,university.degree,yes,unknown,unknown,telephone,jun,fri,3877,3,19,0,nonexistent,-0.8550815938574201,92.59779659841239,-50.08217556669342,4.501238771398778,5173.327018752714,yes
29,services,single,basic.6y,yes,yes,yes,telephone,may,tue,385,26,5,4,nonexistent,-1.5094656770228465,93.9712866603319,-30.2669661472397,2.8018394532680073,5001.638589594904,yes
62,management,married,university.degree,yes,no,unknown,cellular,feb,fri,3974,20,3,2,failure,-2.747250305405132,93.63257994912487,-31.069408917794387,1.3854448988629966,5001.925394045877,yes
29,technician,divorced,university.degree,yes,no,no,telephone,feb,wed,3281,9,24,3,success,0.6160828206943234,94.52837602080453,-31.830562445725793,4.171034986364756,5159.753076607932,yes
36,management,divorced,basic.6y,no,yes,no,telephone,jul,wed,474,23,12,0,nonexistent,0.7504008344858298,92.85947174853139,-37.597153208149166,3.470985442922381,5224.700070758752,no
26,management,single,high.school,no,yes,unknown,telephone,jun,thu,417,4,16,5,failure,0.5030971406939456,92.11682004194562,-27.53253658464741,2.126010531035677,5066.756355711536,no
27,self-employed,divorced,high.school,unknown,unknown,unknown,cellular,dec,fri,2394,2,11,6,nonexistent,-2.3902862949010606,94.78599819349677,-39.84504297395874,1.9231947219203556,5191.995058155279,yes
34,self-employed,married,university.degree,unknown,unknown,yes,cellular,aug,mon,3600,5,8,2,nonexistent,-1.3432360503925678,92.87568283430447,-27.22187409117544,2.452149744096672,5068.898420095681,yes
67,admin.,single,basic.4y,yes,yes,no,telephone,mar,fri,2687,8,26,4,nonexistent,-2.5769632172737893,92.45339500840524,-29.723271149317323,1.1993392388277628,5137.317689900424,yes
57,blue-collar,divorced,basic.4y,yes,yes,unknown,telephone,mar,mon,938,2,19,6,nonexistent,-0.20701850314578965,94.756267113239,-47.77564682395437,4.1606977396786755,5092.338879523611,no
56,blue-collar,divorced,basic.4y,no,no,unknown,cellular,may,fri,954,25,2,3,nonexistent,0.46390324388764603,93.57610233267089,-29.411948685249733,1.826088083998165,5160.187007159533,yes
58,self-employed,married,university.degree,yes,no,no,cellular,oct,tue,875,5,10,5,nonexistent,-0.6086275393589332,92.4168026857825,-43.51367171159873,4.238216236475405,4978.731547237471,no
27,admin.,divorced,basic.4y,yes,no,unknown,telephone,apr,wed,762,6,4,5,nonexistent,-0.7786729716407434,94.34030018623513,-32.43881386741584,3.8177352359153196,5108.9440617457985,no
29,admin.,single,basic.4y,unknown,yes,no,cellular,dec,mon,1202,7,2,0,nonexistent,0.03189854268290496,94.64717314331908,-50.795001083975784,4.744076653430853,5227.667217551613,no
32,admin.,single,high.school,yes,yes,unknown,cellular,aug,mon,1205,13,16,1,nonexistent,-2.8549235334580105,94.46758406413684,-44.20724770688784,1.0362220470056793,5162.395053214892,no
48,self-employed,divorced,university.degree,no,no,no,telephone,jun,fri,663,9,23,1,nonexistent,-2.2112463769392816,92.55613414054447,-32.673083836757115,2.1364003209256577,5024.496484420163,yes
32,blue-collar,divorced,high.school,yes,no,yes,cellular,aug,wed,24,7,8,0,nonexistent,-1.8943419473095944,92.14752629993727,-27.560899155674512,3.345090253491821,5044.454754511165,no
45,admin.,divorced,basic.6y,yes,unknown,unknown,telephone,jul,thu,1990,4,5,1,failure,-0.8439724759086271,93.03963910869683,-46.713994072290866,4.377737404927657,5145.8863367152635,yes
21,self-employed,divorced,high.school,yes,unknown,unknown,telephone,feb,mon,1203,5,17,4,failure,1.2849292473337137,92.99356605746505,-39.820059387968094,1.2847684471800602,5002.9859774133865,no
53,technician,single,university.degree,yes,yes,unknown,telephone,sep,wed,709,28,28,0,failure,0.7424597135969918,93.13657347193106,-36.766644319796285,4.390153392179632,4965.475182664155,yes
72,technician,married,basic.4y,yes,unknown,yes,telephone,nov,wed,3572,3,5,0,nonexistent,-2.214183512846161,94.23714582796035,-28.033754958665646,0.8946917326084043,5168.01913267026,yes
18,services,single,university.degree,no,yes,unknown,cellular,jun,mon,1879,17,5,6,failure,-2.2816736607663066,92.0270103414824,-39.96687194867353,2.6871701633306646,5122.162731238436,no
75,technician,divorced,high.school,unknown,yes,unknown,cellular,nov,tue,1184,19,21,5,nonexistent,-1.308889046395071,93.88947769196622,-28.488519955248233,0.9715546416708591,5141.581329272851,no
61,management,divorced,university.degree,yes,yes,no,cellular,nov,tue,2224,13,9,1,nonexistent,1.278308446346923,94.75843128776299,-27.42130757833055,1.2594289749211083,4969.442799368854,yes
74,services,single,university.degree,unknown,no,unknown,cellular,jun,fri,284,1,10,5,nonexistent,-2.6682217315707173,93.11762895050842,-28.29499630728393,4.009648799494079,5063.7543011184,no
51,technician,single,high.school,unknown,unknown,unknown,telephone,dec,fri,62,5,13,0,nonexistent,1.1933265461760731,93.35816082327287,-32.905341902623704,0.681976562441948,5104.2502125800465,no
64,management,divorced,high.school,no,unknown,no,cellular,feb,wed,1002,23,11,3,nonexistent,-2.485988320252848,93.75833034461273,-47.783088408454844,3.0436010844538903,5148.176144845371,no
34,technician,single,basic.6y,unknown,unknown,yes,telephone,sep,mon,661,9,24,0,nonexistent,0.8548907734978755,92.79963502573281,-36.402320549812906,1.032528369306233,5186.991035767796,no
56,self-employed,divorced,basic.6y,yes,unknown,yes,telephone,jan,tue,2713,4,19,1,failure,0.5853772762370976,94.01184780226616,-32.79070988439963,4.169550508390826,5039.3904624174775,yes
55,management,single,high.school,yes,no,no,telephone,jun,wed,2203,10,17,1,nonexistent,0.8351392914319716,92.56839153010648,-27.977748248020607,4.155934767087082,5203.495820905464,yes
61,admin.,divorced,university.degree,yes,unknown,yes,cellular,aug,tue,3953,14,23,1,nonexistent,0.880465955627209,92.18141762142827,-32.20675725487686,3.692277104905473,5141.381825064764,yes
68,self-employed,single,high.school,yes,unknown,yes,telephone,feb,mon,1492,10,21,1,success,-2.3529463539188056,94.243720741586,-37.91945374457834,3.926128889942263,5069.011208574032,yes
50,management,divorced,basic.4y,no,no,unknown,telephone,mar,tue,3120,1,14,6,nonexistent,0.33776821660901796,92.49425205346189,-45.896588318972,3.199418888159234,5138.659950943828,yes
77,self-employed,married,basic.6y,unknown,unknown,unknown,cellular,oct,thu,966,23,9,4,nonexistent,-0.12605626888904617,94.04818196147887,-39.87635984290672,2.7361610099673306,5138.461000058629,yes
38,admin.,married,basic.4y,no,unknown,unknown,telephone,oct,fri,848,19,999,6,nonexistent,0.8188221572833435,94.43966152736436,-35.54460954955751,2.4046307135116636,5020.102043917915,no
43,management,single,university.degree,unknown,no,yes,cellular,jul,tue,1107,17,14,1,nonexistent,-1.0464969641175206,92.12816905649504,-43.042079958325594,3.509793403784629,4965.231009367589,no
63,management,married,basic.4y,no,no,unknown,cellular,nov,mon,3432,20,21,3,nonexistent,-1.4154234166531774,93.97874829519183,-39.89083416567552,2.284315931938418,4996.030810278883,yes
53,self-employed,divorced,high.school,no,no,yes,telephone,dec,mon,688,27,1,0,nonexistent,0.08586867227280642,93.80945963346782,-50.38508685668332,0.6122851442536803,5216.183649979012,no
22,technician,single,high.school,no,no,unknown,telephone,jan,thu,147,25,19,2,nonexistent,-2.1047504652814997,93.74686250050627,-29.791301569408454,1.04329798113872,5190.625153612109,no
50,management,single,high.school,yes,yes,yes,cellular,may,mon,3701,15,1,2,nonexistent,0.5362635930473976,92.82700311125835,-49.96909500130104,3.467987971786225,5009.1947098745495,yes
18,technician,divorced,basic.4y,yes,no,no,cellular,nov,thu,341,22,3,4,nonexistent,-2.0272981751392223,92.12776291858292,-41.01796361109285,2.2056537709699464,5138.034893755739,yes
70,management,divorced,basic.4y,no,unknown,no,telephone,jun,wed,2523,6,22,2,nonexistent,-3.1925755748675395,92.27576105942187,-38.58772135516197,4.954028909643177,5205.9275458298225,yes
23,blue-collar,divorced,basic.4y,unknown,unknown,unknown,telephone,oct,tue,1086,7,23,1,nonexistent,-0.7529028858079038,92.76416101169886,-27.55920914447457,2.1572468322596827,5205.897274116646,yes
54,services,single,high.school,unknown,unknown,yes,telephone,jul,mon,1724,1,13,2,failure,0.6126730529638894,93.1373276637646,-28.449592174789665,1.0770671580663318,5112.888720414865,yes
19,technician,divorced,high.school,yes,unknown,no,telephone,oct,fri,1383,5,18,6,nonexistent,-0.08574750560783059,94.57067072821918,-35.35199416842651,2.044879734411302,5154.965522156259,yes
74,technician,married,high.school,no,yes,no,telephone,oct,tue,2608,20,13,3,nonexistent,1.348602712220333,93.91541127735769,-36.841117509863196,3.622136175088319,5067.829861737783,yes
70,admin.,single,basic.4y,yes,yes,unknown,telephone,jul,thu,326,20,12,5,nonexistent,-2.724501901228604,92.07313110328789,-42.03931372614711,2.924414737001712,4982.677296495513,no
76,blue-collar,divorced,basic.4y,yes,yes,unknown,telephone,mar,tue,1792,7,999,1,nonexistent,-1.7460814094651056,94.57519954653002,-49.81801166408847,3.285300822992487,5103.45536160973,yes
76,admin.,single,university.degree,yes,unknown,yes,telephone,jul,tue,1759,2,9,2,nonexistent,-1.576273568003336,94.01697996477901,-44.40179793624401,1.0894428520087798,5047.753358287714,yes
22,blue-collar,married,basic.6y,no,unknown,no,telephone,jan,mon,3212,21,13,1,nonexistent,-3.1208820837424396,93.37920570124878,-30.539426062142923,4.238718535695019,5071.2442178297715,yes
43,blue-collar,married,high.school,no,no,yes,telephone,nov,fri,989,23,16,4,failure,-3.193577659910772,93.29644291809926,-35.30636659072085,4.570503600197891,5009.584669533155,no
58,self-employed,divorced,basic.4y,yes,no,yes,cellular,apr,wed,2262,3,25,3,failure,-3.258663563223509,94.61291285164103,-31.335214853913566,1.2395399433527454,5158.034935468352,yes
68,self-employed,single,basic.6y,no,unknown,unknown,cellular,jul,fri,2482,2,15,0,nonexistent,-1.4373789327246933,93.54002285485707,-30.796338603065895,3.3550013340537643,5214.415173096529,yes
70,self-employed,divorced,basic.4y,unknown,no,yes,cellular,jul,thu,3962,16,14,5,failure,0.6548522793155065,93.40777373711903,-49.31324378100757,1.6109663763997928,5148.946767430584,yes
64,management,single,basic.4y,unknown,no,yes,cellular,apr,fri,951,28,10,1,nonexistent,0.006288947760321191,94.1689485854719,-42.7422836510101,1.4020024374736626,5093.809164796903,no
30,admin.,divorced,high.school,yes,unknown,no,telephone,jan,fri,722,17,22,3,nonexistent,-1.2555356280338033,93.66072402803977,-34.64390128439887,1.5000994305586648,5074.51541815292,no
29,services,divorced,basic.6y,unknown,yes,yes,cellular,aug,thu,3389,21,11,4,nonexistent,-2.132718490729318,92.6968101968908,-30.411188417359636,2.8938083850887635,5109.335174948436,yes
22,blue-collar,single,basic.4y,yes,unknown,no,telephone,apr,fri,2079,12,999,4,nonexistent,-3.325263818728431,94.796861421181,-31.6457500889411,4.497960823501436,5135.864610299782,yes
19,blue-collar,single,basic.6y,yes,unknown,no,telephone,feb,wed,2717,28,2,3,failure,-2.558176936058653,92.7861828597729,-40.71070741496805,4.2018590705223815,4997.12024124457,yes
76,technician,married,basic.6y,yes,no,yes,telephone,apr,tue,2332,5,10,2,nonexistent,-1.541492591051333,93.91275415949895,-28.522741900906773,1.23088702617442,5172.728394349409,yes
21,management,married,high.school,no,no,yes,telephone,aug,wed,3376,4,20,3,nonexistent,-1.6218048092442796,93.37126057150434,-43.6128614971336,2.8436471921093713,4965.029223391008,yes
76,services,single,basic.6y,no,unknown,no,telephone,aug,tue,428,24,10,6,success,-2.1550659436996598,92.34113490083627,-41.8189466630031,1.2638923959924253,5187.12434183313,yes
44,self-employed,married,university.degree,no,yes,yes,cellular,may,tue,1500,16,4,2,nonexistent,1.3862203810701368,94.68514086845818,-46.464042107176596,2.5274133702731776,5096.458707583866,no
67,blue-collar,married,university.degree,no,unknown,no,cellular,feb,fri,285,18,14,2,nonexistent,-1.2525748870295295,92.94004402018862,-45.376599419797934,3.0751137700982185,5078.550837950199,no
70,technician,single,high.school,yes,yes,yes,cellular,jul,tue,3215,13,26,3,nonexistent,-2.114406363827312,93.83964758753756,-50.591756377505135,4.170947694388734,4995.57776841128,yes
27,admin.,single,high.school,no,yes,no,telephone,mar,thu,3495,28,19,4,failure,-1.446087078513322,94.06557979183984,-43.427071741884525,4.38973847968381,5118.122666466308,yes
30,blue-collar,single,university.degree,unknown,unknown,no,cellular,jun,wed,3090,20,23,0,failure,-2.0588162423891565,93.10520432500387,-43.47297264461929,0.7218797143691268,4987.1435054862595,yes
61,technician,divorced,high.school,unknown,unknown,unknown,cellular,sep,tue,2065,21,15,0,nonexistent,-1.7099536978182106,92.73006533446406,-49.19212547517682,3.632547735922714,5192.647311919891,yes
19,admin.,single,basic.6y,no,unknown,yes,telephone,may,fri,768,9,2,3,nonexistent,-2.795797995294275,92.1649282720955,-42.66257851776488,2.4046997647186386,5043.553776374066,no
43,management,single,basic.4y,unknown,yes,no,telephone,sep,fri,2637,16,7,1,nonexistent,-3.3959343166651808,94.6643804061456,-43.596939854169094,2.7777966878652283,5009.237498064475,yes
32,self-employed,single,high.school,unknown,no,no,cellular,apr,fri,1394,3,15,3,failure,-1.0402029544221891,93.62982718685736,-31.70259520892519,1.5761089538373048,5030.037465554771,no
63,admin.,married,university.degree,no,yes,yes,telephone,sep,mon,3246,29,15,0,nonexistent,-1.0521177901104384,94.00595253140646,-47.06570427897377,0.7507864729551416,5104.620650325417,yes
74,blue-collar,single,basic.4y,yes,yes,yes,telephone,jan,wed,3057,17,21,5,nonexistent,-2.6465836601488992,93.31278590685348,-33.470528596715354,4.275716957302901,5111.708801621486,yes
27,services,married,basic.6y,yes,yes,yes,cellular,apr,fri,193,20,3,3,success,0.596862251129125,92.65298275268594,-47.69332720852043,1.6147633081787105,5053.117858214061,no
39,admin.,divorced,basic.4y,yes,no,unknown,cellular,nov,thu,2549,10,25,5,nonexistent,-2.4793331361605913,94.78715557013683,-38.940011306566305,4.4733091101778415,5172.120466653789,yes
57,services,single,university.degree,no,yes,yes,telephone,jan,fri,987,22,26,5,nonexistent,0.29690990657173366,94.70870876466027,-33.20042386314563,0.9066890778478445,5063.561319357144,no
42,services,single,basic.4y,yes,yes,unknown,telephone,dec,mon,1136,23,14,6,nonexistent,-2.486701471508861,94.40798287111978,-36.30570909591238,2.3971035362110586,5079.327231942078,yes
32,admin.,married,university.degree,yes,yes,yes,cellular,sep,wed,2161,20,18,5,success,-2.049935957445199,94.56516157749816,-35.363537736741215,3.86632159015134,4998.002403253397,yes
30,management,divorced,high.school,unknown,no,unknown,cellular,aug,tue,3293,4,25,4,nonexistent,-2.104543546403109,93.61011413700459,-45.86773937862773,1.729689285722189,4999.469653766439,yes
25,admin.,single,high.school,yes,yes,yes,cellular,aug,wed,1701,22,14,0,nonexistent,-2.2979745817300192,93.02980704272801,-31.025074879149148,4.856619138174432,4990.3740180171435,yes
38,technician,divorced,university.degree,no,no,unknown,telephone,jul,tue,946,1,12,0,nonexistent,1.1723551520399966,92.96082687177272,-28.044463956360932,3.4049837510904326,5002.360703270097,yes
38,self-employed,divorced,high.school,yes,no,no,cellular,sep,tue,830,21,27,0,nonexistent,-2.1353854543811717,94.61442935063731,-47.11057035049805,1.55652619318014,5201.70093154923,no
39,services,single,basic.6y,unknown,unknown,unknown,cellular,nov,fri,3715,16,9,4,nonexistent,-1.0721694899134695,94.68482364168082,-29.570414969188054,4.091892805493463,5144.769945511997,yes
63,self-employed,divorced,basic.4y,unknown,unknown,unknown,cellular,nov,thu,1920,11,1,0,nonexistent,0.1288350590903416,93.23335794096923,-41.2951706282041,4.93209899774896,5141.333656652432,yes
50,blue-collar,divorced,university.degree,unknown,unknown,no,telephone,mar,thu,3335,19,5,1,success,-1.8681588950305301,93.69985219057178,-34.09783844372243,1.6960115608867874,5002.190912288304,yes
62,services,single,university.degree,unknown,no,yes,telephone,jul,fri,2972,8,16,0,nonexistent,-3.3438364627447137,94.25475510864894,-38.689378406360944,4.219021488743719,5100.997081419034,yes
44,blue-collar,married,university.degree,yes,unknown,no,cellular,jun,mon,54,5,25,3,nonexistent,0.2561148054762645,93.9670225869093,-31.83919079241624,4.899962415054855,5092.849070405871,no
57,technician,single,basic.6y,unknown,unknown,no,telephone,may,tue,3942,23,7,1,nonexistent,-2.036644579772011,94.4350998452132,-49.71774703059397,1.571215587771648,5039.6652339116035,yes
67,technician,divorced,basic.6y,unknown,unknown,no,cellular,sep,thu,3714,24,15,2,nonexistent,0.791273180491864,93.70417075748897,-43.06388592599038,1.6319301793804313,5035.033791918118,yes
39,self-employed,single,basic.6y,unknown,no,unknown,cellular,apr,wed,799,8,28,0,failure,-1.0424633832206418,93.63094844656204,-49.665068137630904,3.755299306874172,5165.27002521848,no
47,technician,married,university.degree,yes,yes,no,cellular,mar,mon,777,29,20,6,nonexistent,-0.4028378142874626,93.0521867394657,-28.293375586350628,4.7829000196533835,5042.464474175084,no
79,admin.,divorced,basic.6y,no,unknown,yes,telephone,nov,fri,1481,18,12,2,nonexistent,1.1646076675704111,92.20517855779372,-46.733389463892436,3.6592122992370095,5120.314281147262,no
26,services,divorced,high.school,unknown,unknown,unknown,cellular,mar,mon,1901,29,22,2,nonexistent,0.7758115082419825,92.15551798875761,-40.65289734445027,2.8203005353356163,5206.795831172584,no
62,blue-collar,married,basic.4y,unknown,unknown,unknown,telephone,feb,thu,2209,15,27,4,nonexistent,0.4046652191115748,92.42490257128226,-35.469437066809085,1.0630096978167176,5099.524459579129,yes
52,self-employed,married,high.school,unknown,unknown,no,telephone,jan,fri,3451,18,11,3,nonexistent,-0.8524922783737254,92.16176464493788,-39.770120158968076,4.667250897107906,5123.350416249437,yes
35,self-employed,divorced,high.school,yes,no,unknown,cellular,mar,thu,2134,13,15,5,nonexistent,-2.587408991911179,93.49840335625704,-37.97663845004181,0.9040434700474823,5195.09660653958,yes
59,technician,married,basic.6y,yes,yes,yes,telephone,aug,tue,54,15,6,3,failure,0.6370207351183557,93.13001593010698,-45.9239803441598,1.5307618894110495,5154.308367296445,no
22,technician,single,university.degree,unknown,yes,unknown,cellular,dec,mon,3547,26,26,2,success,-2.949054118208388,92.0735713809615,-49.19800571699235,2.5832900196656974,4967.168970844941,yes
44,blue-collar,married,high.school,no,unknown,no,cellular,jun,tue,1823,21,9,4,nonexistent,0.8598016916335708,92.06130155976248,-44.64841756536909,2.8027375965885857,5001.913541577361,yes
74,services,single,basic.4y,unknown,yes,no,cellular,feb,wed,1201,13,5,1,success,0.27803072690884867,93.46444366285372,-43.21995943578409,0.8427854710619863,5034.761304435102,yes
23,services,divorced,basic.6y,no,unknown,no,cellular,aug,tue,3462,3,4,6,nonexistent,0.4565841553999277,93.53751702367575,-40.86204826189503,0.9621116289136494,5077.441030550111,yes
79,self-employed,divorced,high.school,no,unknown,unknown,telephone,may,mon,3420,12,17,0,nonexistent,-1.5894547836699944,92.10439997672148,-43.726790935501334,1.1505516650919363,5036.620320267362,yes
49,blue-collar,divorced,basic.6y,yes,yes,no,cellular,dec,wed,3079,12,15,5,nonexistent,-2.992183006579296,93.87596565489757,-49.94411786946369,0.7746633217425236,5085.630065312369,yes
25,self-employed,divorced,basic.4y,yes,yes,unknown,cellular,apr,thu,832,10,2,1,nonexistent,0.0893807165592397,92.35243060063463,-48.53886963292691,4.900764969975505,5170.917152842971,no
73,management,divorced,basic.6y,yes,no,no,cellular,jan,wed,312,1,2,0,nonexistent,1.2947192507991454,93.38464849788822,-34.695741209690716,1.6469764299806877,5220.947573200961,no
56,services,married,university.degree,no,unknown,no,cellular,dec,mon,2806,24,4,2,nonexistent,0.7203566736175536,92.44467647958278,-49.2906351253648,4.469893734619203,5130.058170318059,yes
38,blue-collar,married,high.school,no,yes,no,telephone,jan,fri,1858,6,1,4,nonexistent,0.6386634490186512,92.10937250022097,-49.695494920627866,4.051079467834453,5193.752216670187,yes
35,blue-collar,divorced,high.school,no,no,yes,telephone,apr,wed,2007,19,26,6,nonexistent,-0.3649284582125958,92.59462256580662,-31.398308913893334,3.705893676550083,5054.514823622803,yes
31,self-employed,married,university.degree,yes,yes,yes,cellular,dec,thu,2006,24,999,4,nonexistent,-2.841915110412651,93.29960816332321,-49.814281050836904,3.494830223340853,4999.798960935012,yes
32,technician,married,basic.4y,yes,yes,no,telephone,sep,wed,2490,13,3,5,failure,0.7437271220341785,94.08294598166904,-49.15727263838636,2.793920841011699,5183.922892731778,no
59,blue-collar,divorced,basic.4y,yes,unknown,no,cellular,oct,tue,1790,27,9,5,nonexistent,-2.3342155686900496,92.74356192332691,-37.66664723983774,3.080847333112648,5167.707214805762,yes
43,self-employed,married,basic.6y,unknown,no,unknown,cellular,oct,fri,327,1,12,3,nonexistent,-2.1304192755013953,93.91818072798634,-40.216018316678834,4.518896839474623,5026.075064773772,yes
70,admin.,divorced,high.school,no,unknown,unknown,cellular,jun,mon,3125,19,2,5,nonexistent,0.22811823334846965,94.41554213475935,-27.749599860070063,4.021109783916018,5106.054681009699,yes
61,technician,divorced,basic.4y,no,yes,yes,telephone,jan,fri,2808,25,10,3,nonexistent,0.04114902203390663,92.7553778574252,-28.409364946454502,1.6156408851951105,5226.465499480209,yes
49,technician,divorced,university.degree,unknown,no,unknown,cellular,dec,tue,3310,6,2,1,failure,-3.051699273087569,93.46223289672504,-35.020773939622345,1.058615466371479,5220.658063377791,yes
56,services,divorced,university.degree,no,unknown,unknown,telephone,aug,fri,3300,1,27,5,nonexistent,-2.1905968082503953,93.14641841999631,-49.082368476718194,1.892434297436807,5083.203043491005,yes
45,management,married,university.degree,no,no,unknown,telephone,dec,tue,2626,25,9,3,nonexistent,0.5248914649606479,92.07690599151381,-38.773757001102005,1.183117128129349,5038.619781568596,yes
77,services,married,basic.4y,unknown,yes,unknown,cellular,sep,wed,3122,23,26,0,failure,1.1579986133577052,93.09724521020921,-49.722903915608235,4.799636429802108,5041.255080250956,yes
56,admin.,single,university.degree,no,no,yes,telephone,feb,mon,3680,17,21,4,nonexistent,-2.1217067189061827,93.05616105713574,-29.100302754402826,2.2840264829011425,5195.859923124084,yes
60,self-employed,single,high.school,yes,yes,yes,cellular,jun,tue,3675,17,27,4,nonexistent,0.251120662292582,93.74131093848852,-35.026405903642875,1.362205622094965,5140.547996370902,yes
49,technician,divorced,basic.4y,unknown,unknown,unknown,telephone,jul,tue,3054,21,8,2,nonexistent,-0.9729494940195856,94.42600776871453,-37.0838779633504,3.3384190148075663,5122.125357893158,yes
30,technician,single,basic.4y,no,yes,unknown,telephone,nov,wed,1287,11,25,2,success,-1.575706098723237,93.88123203596523,-40.57309789491286,2.3522146092933833,5034.461902013664,yes
32,blue-collar,married,high.school,yes,yes,yes,telephone,jan,tue,3489,20,28,5,nonexistent,0.9109629177522937,92.99507327608393,-38.617766937971695,1.5590353654655489,5071.091576662446,yes
35,management,married,university.degree,no,no,no,telephone,nov,mon,3874,12,9,5,nonexistent,-0.7686234064912254,93.25683750287854,-41.23295834035583,0.8537540698875482,5111.116962546709,yes
56,management,single,basic.4y,unknown,no,unknown,cellular,may,thu,2143,24,26,1,nonexistent,-0.07954906232784843,94.48404473431455,-48.41922461266007,1.0068584378580603,5101.437610823081,no
23,blue-collar,single,high.school,yes,unknown,no,cellular,nov,fri,1111,13,12,6,nonexistent,-0.5562620937114889,93.78920610322551,-35.00242380694653,3.0785976458516573,4977.5311024022185,no
72,admin.,married,high.school,no,no,unknown,cellular,nov,tue,3149,18,29,2,nonexistent,-0.3108124052845625,93.09155558593487,-26.985780908765626,3.901522976464022,5092.351765354187,yes
28,management,single,basic.6y,unknown,unknown,yes,cellular,may,fri,1311,22,17,0,nonexistent,-0.9170440404137838,93.68046065610339,-48.111415320829906,4.673453233789605,5125.082788791685,yes
49,technician,married,university.degree,no,yes,unknown,cellular,mar,fri,3191,24,20,6,nonexistent,-0.8394776911223497,93.80413056984034,-27.039054723843623,3.1759097136413152,5171.92851500638,yes
57,admin.,married,university.degree,no,yes,no,cellular,feb,thu,2861,1,17,3,success,0.6904143779229437,93.35037108475169,-29.2992648279759,3.4719415000548257,4997.617658139322,yes
37,services,single,high.school,yes,no,yes,cellular,jan,tue,2538,3,21,3,failure,-1.9472400163041472,94.42306625686176,-29.42898749603813,1.6647386901756673,5181.703036549683,yes
50,services,single,basic.4y,no,yes,unknown,telephone,jun,mon,3983,17,16,1,nonexistent,0.1346149129558611,94.27562361496044,-30.933137848996356,1.8071978948710499,4988.178893127391,yes
57,admin.,divorced,basic.6y,unknown,yes,unknown,telephone,jul,tue,451,7,16,3,failure,-2.1108383017858925,93.4683503309291,-28.727071766179083,2.437282954535823,5095.680578901379,no
25,technician,divorced,basic.6y,unknown,unknown,yes,cellular,feb,fri,1523,17,24,4,nonexistent,-3.0604970463276744,94.68339072085298,-44.91045410334072,4.422433904570836,4986.045206391232,yes
68,services,divorced,basic.4y,yes,no,unknown,cellular,feb,wed,164,16,25,3,nonexistent,0.9355357207368141,94.66900340696485,-40.35207999033049,2.5155383475822184,5179.7969188626685,no
52,self-employed,divorced,basic.6y,yes,unknown,yes,telephone,may,thu,181,12,4,2,nonexistent,-1.4288244869843252,94.70497692019208,-39.33242372333933,1.6543918487176195,5086.2636334531435,no
22,technician,divorced,basic.4y,no,yes,unknown,telephone,may,mon,2516,25,8,4,failure,-0.1207085305370429,92.61741892646545,-49.175272298118884,4.645789456557045,5127.743609346989,yes
79,blue-collar,married,basic.6y,unknown,yes,yes,cellular,mar,mon,909,8,11,2,failure,0.2378567902748489,92.28944783761784,-27.355173507072998,2.4103167590965042,5095.5558257915045,no
52,management,single,basic.4y,yes,yes,unknown,cellular,mar,fri,2782,11,11,6,nonexistent,0.4256489025687818,93.73346827153786,-34.322323046840204,0.949845277836601,5085.566214933412,yes
64,admin.,married,high.school,no,no,yes,telephone,jan,mon,822,3,23,2,success,-2.3136505029774934,94.03719140819963,-40.007479694893256,3.0000903693116907,5011.912105133083,yes
31,management,divorced,high.school,no,yes,yes,telephone,mar,fri,943,28,24,1,nonexistent,-0.25276776728736794,92.85959190545195,-27.084950387162408,3.356316773548375,5213.148121859971,no
38,blue-collar,divorced,basic.6y,unknown,yes,unknown,telephone,sep,mon,2001,29,24,6,failure,0.24917138132110545,93.50549977905601,-44.29448662086543,4.803689917068478,5156.329264682251,yes
64,services,single,basic.6y,unknown,unknown,yes,telephone,feb,mon,2054,12,23,1,success,-2.82502445357247,93.81401386584238,-42.745208382704234,4.149034154966132,5113.5180292981795,yes
41,self-employed,married,high.school,no,no,unknown,telephone,jan,fri,329,4,18,4,nonexistent,-2.7217385665665326,93.29741834539985,-46.23856376964596,1.0448977669181183,5018.050210793892,yes
34,technician,divorced,university.degree,unknown,yes,unknown,cellular,sep,thu,774,9,6,6,failure,-1.6532769623383914,93.51575581067982,-46.342371855186876,2.85247009388966,5069.51878648851,no
35,technician,divorced,basic.4y,no,unknown,unknown,telephone,may,mon,3744,26,19,3,nonexistent,-1.9519843718909378,92.21054399522569,-46.295323764687645,2.510100885257658,5054.1409835202485,yes
51,blue-collar,divorced,university.degree,no,yes,yes,cellular,aug,tue,2198,22,23,5,nonexistent,0.42672537733311694,94.7834821395089,-36.2009985055493,2.3311520349444916,5163.430711262888,yes
29,admin.,divorced,basic.6y,unknown,unknown,unknown,telephone,nov,wed,3156,21,22,5,nonexistent,-0.31504581933473497,93.0602923193464,-43.77018889870887,1.215177998424338,5014.622840384832,yes
33,management,married,high.school,yes,yes,yes,cellular,apr,fri,146,29,11,0,nonexistent,-1.0097268969780449,92.5746509962115,-28.05370292577038,2.251485644790898,5140.09469960503,no
21,self-employed,married,basic.6y,no,no,no,cellular,aug,mon,3695,21,8,3,success,-2.8892535020949714,93.34404277221377,-31.280249097662267,2.6683948055274347,5202.319537851628,yes
42,services,divorced,university.degree,unknown,no,no,cellular,dec,thu,3452,17,7,4,nonexistent,-2.8596773132999016,92.88889700643396,-46.947181976842906,1.5630420983520468,5185.363302770564,yes
51,admin.,married,high.school,no,unknown,no,cellular,may,tue,914,16,29,0,nonexistent,-0.9183259354368876,93.0962667697402,-30.867860877505326,3.1337652532655467,5053.382235335272,no
45,self-employed,divorced,high.school,no,yes,unknown,cellular,jun,fri,1571,12,18,2,failure,0.8378085655041495,93.57602884404757,-42.53878112412546,1.5736391852974374,5003.732637170696,yes
63,self-employed,single,high.school,no,no,yes,telephone,jun,tue,1308,15,20,2,success,0.32035129951845387,92.77961511416066,-45.35634080517062,1.133800321683052,5059.506156674974,no
28,blue-collar,single,basic.4y,unknown,yes,unknown,cellular,jun,wed,2747,15,2,0,nonexistent,0.8315293313706812,93.86614581169387,-32.108494865607064,4.929534836675137,5067.925970786982,yes
30,blue-collar,single,basic.6y,unknown,no,yes,telephone,feb,thu,81,1,10,2,success,-0.6872945063961577,93.20885375570495,-30.317746493485895,3.628964419644615,5105.7227751424625,yes
48,technician,married,university.degree,unknown,unknown,no,cellular,oct,fri,513,3,11,3,nonexistent,-2.3373919440590676,92.23560765810788,-27.845267697972528,3.2171116408283074,4975.564090467921,no
77,services,divorced,basic.4y,yes,no,no,telephone,oct,fri,1920,2,24,1,failure,-3.2473247194471364,94.48337542774826,-40.756761596768015,2.0410167620921613,5098.70015124243,no
42,admin.,single,university.degree,no,yes,no,cellular,sep,mon,2862,26,16,5,nonexistent,1.1133160463576843,93.33668220940149,-37.36553782966688,1.5166962670637003,5123.629140705981,yes
56,technician,single,basic.4y,yes,yes,unknown,cellular,jul,tue,2756,17,6,6,nonexistent,-1.1189068282274541,94.58421003873474,-36.10347900835071,1.1785826168198454,5212.734089561626,yes
27,services,married,high.school,no,yes,unknown,telephone,mar,fri,1939,12,24,3,nonexistent,0.723283279381442,93.06579808689311,-35.79787202610304,0.8755453656106276,5155.288973974406,yes
41,management,married,basic.4y,unknown,unknown,yes,telephone,feb,tue,3594,5,2,2,nonexistent,0.11830919379221849,93.51940707131574,-41.18846994903222,3.678735604847873,4971.070873555692,yes
18,management,single,basic.6y,no,unknown,yes,telephone,apr,wed,745,11,6,1,nonexistent,0.5944016144806411,94.44597305298804,-47.15882855145856,1.8152912117585254,5009.932810027693,no
78,technician,divorced,basic.6y,no,yes,no,telephone,aug,mon,3070,19,6,3,nonexistent,-2.3888636639766982,93.29420375959151,-49.116343809600714,1.9997515543162594,5089.354179450531,yes
70,admin.,divorced,university.degree,no,yes,unknown,telephone,sep,wed,1409,15,26,5,nonexistent,-0.13867551255518404,93.77275991828398,-29.146877543147248,1.3083574928914794,5221.732362956274,no
42,services,divorced,high.school,yes,no,unknown,cellular,oct,mon,706,7,13,2,success,0.06894065251367337,92.69176384856996,-42.03943030738802,1.1155210557063735,5122.609166178679,no
45,management,single,high.school,unknown,no,yes,cellular,feb,mon,470,8,1,3,nonexistent,-0.7474364829850243,92.66674777108058,-46.48157273276652,2.7779772078670764,5186.906292676808,no
53,management,married,university.degree,unknown,no,yes,cellular,jun,tue,3190,10,15,2,nonexistent,0.6091046560269363,93.51941591397039,-27.292628880701816,3.801064888287495,4991.096348682757,yes
35,admin.,divorced,basic.6y,no,yes,unknown,telephone,aug,mon,395,6,20,4,nonexistent,1.343393631677261,93.71692625217233,-31.6105015941085,4.960102550672842,5079.225338587561,no
23,technician,single,basic.6y,unknown,no,unknown,cellular,mar,wed,1555,28,9,0,nonexistent,-3.349418337178551,93.83617382506682,-27.349728990663657,2.093788344625977,4969.509087347575,yes
19,blue-collar,single,university.degree,yes,yes,yes,telephone,nov,wed,2308,21,13,2,failure,-1.216023109938847,94.15218942783386,-44.136545018678454,3.520890219239843,5029.279064855448,yes
20,self-employed,married,high.school,yes,unknown,unknown,cellular,sep,wed,804,15,28,5,failure,0.2187105280587367,94.58322175186436,-39.728378338336555,1.11069083183104,5178.193424086953,no
63,services,divorced,university.degree,unknown,no,unknown,telephone,apr,tue,933,10,6,3,nonexistent,0.08314628348657337,92.67240266642257,-31.472237887613364,3.044976681152873,5128.169541877229,yes
25,management,single,university.degree,yes,yes,no,telephone,may,tue,1279,28,1,6,nonexistent,-1.1543357278237603,93.73449889713662,-37.60980744760578,2.879562720535224,5038.208376228321,no
48,self-employed,divorced,basic.4y,yes,yes,unknown,cellular,dec,thu,1757,21,25,5,failure,0.642344904357043,93.24075628053126,-42.316373277991175,0.7410542266315792,5186.299117761028,no
65,self-employed,divorced,university.degree,unknown,unknown,unknown,telephone,jul,fri,904,17,9,2,nonexistent,-0.15978290076237747,92.24983861843167,-47.01360439794412,2.7251403323057852,5158.050187185015,no
36,blue-collar,divorced,basic.6y,unknown,unknown,unknown,cellular,nov,thu,3297,28,1,2,failure,-0.7678791690774492,93.26996327296062,-37.373811532280286,2.779907069024348,5096.304257451889,yes
67,self-employed,single,university.degree,no,unknown,yes,cellular,nov,thu,1076,22,26,5,nonexistent,-2.0901432842793564,94.21393639585263,-36.498542335215774,2.2368845523899887,4975.29951216213,no
23,admin.,divorced,high.school,no,unknown,no,telephone,may,mon,2987,6,12,3,failure,-1.6367505391084578,92.22153992637679,-33.57412551010958,3.123604726394503,5203.326433746598,yes
31,technician,married,high.school,yes,no,yes,cellular,apr,mon,1890,19,21,3,nonexistent,1.3474645563657603,93.6974107518991,-31.906434952042865,0.8004882570939984,5140.572152489139,yes
20,services,single,basic.6y,unknown,unknown,no,telephone,apr,thu,1523,20,1,1,nonexistent,0.9493831090324828,93.14819998360201,-47.97720234893969,4.315563922735188,5178.760518784806,no
65,admin.,single,high.school,yes,yes,no,telephone,may,fri,3577,20,9,6,success,-0.06089286401985849,93.83138413158167,-35.79192056404729,2.890255076169144,5211.13749643459,yes
18,technician,divorced,university.degree,unknown,yes,unknown,cellular,mar,thu,2901,6,13,5,nonexistent,0.7227523620755644,94.29983516897856,-32.12355395080957,0.7414573993044516,5000.1915880993765,yes
61,admin.,divorced,basic.6y,yes,yes,no,telephone,sep,tue,1387,14,16,5,nonexistent,-2.747299986285281,93.51660802393441,-41.50276322872453,4.928579351532663,5162.725828484292,no
47,management,divorced,high.school,yes,yes,no,telephone,dec,wed,1303,24,18,2,nonexistent,-2.1156337576995417,92.8510720400229,-44.21394210949013,2.279711386872292,5004.482035651517,no
63,management,single,university.degree,yes,yes,unknown,cellular,feb,thu,592,28,11,4,nonexistent,0.8487490743972571,92.25242187714176,-39.336234159308894,4.941602234091786,5099.9853174768505,yes
36,blue-collar,married,high.school,no,unknown,unknown,telephone,dec,mon,2761,13,16,0,nonexistent,-1.1398617846352104,92.80836232906763,-43.38893021468611,1.39346149247592,5155.893772332213,yes
71,admin.,married,basic.4y,unknown,yes,no,telephone,jul,fri,3229,13,5,5,nonexistent,-0.5634817517676162,93.0210268433273,-38.614469841771026,0.7318775778421699,5101.23772220008,yes
36,self-employed,single,high.school,yes,unknown,yes,telephone,apr,mon,2679,9,3,2,nonexistent,0.8415944703988738,93.79556725303127,-43.42701546387467,3.738888901351707,5088.589010477271,yes
26,management,married,basic.6y,no,unknown,no,telephone,aug,tue,2106,9,1,3,nonexistent,-1.4607567165599582,93.08738540842265,-40.69743146137149,4.759871374843184,5038.547385507525,yes
24,technician,divorced,university.degree,yes,unknown,yes,cellular,jul,mon,3798,21,28,1,failure,-1.0873112611587603,93.12756542058023,-28.928193985719428,0.9414040058286721,5166.7444858854915,yes
63,blue-collar,single,university.degree,yes,unknown,yes,cellular,aug,mon,127,24,14,2,nonexistent,-2.861553467137258,92.81337610545341,-28.893125368002035,3.836315747221915,4987.244700584644,no
54,self-employed,married,basic.6y,unknown,no,no,cellular,apr,fri,735,29,27,4,nonexistent,1.358783120985282,93.0160723067258,-27.086923675621946,0.9045045551424278,5024.890850167222,no
67,services,single,basic.4y,yes,no,yes,cellular,nov,fri,2768,8,22,3,nonexistent,1.2721996303862666,92.74487741142568,-39.18165074595107,4.093193953398877,4975.551007231881,yes
58,admin.,married,university.degree,unknown,no,no,cellular,feb,mon,3953,10,22,4,nonexistent,-1.9766196361253592,94.05556103756354,-46.78387246054975,3.1575667122090385,5010.440776485361,yes
70,management,single,basic.6y,no,no,yes,cellular,jul,mon,3186,20,23,4,nonexistent,0.6918879668936859,94.75229231412342,-29.552263334390442,4.04002272703813,5071.422853603325,yes
24,self-employed,married,high.school,no,no,yes,telephone,dec,thu,3280,4,15,5,nonexistent,0.13792379047777953,94.05700957515538,-36.535445422473614,2.234526617612766,4971.477189260603,yes
26,technician,single,basic.4y,yes,yes,no,telephone,sep,tue,2573,3,11,0,nonexistent,-2.6963791572457256,92.20616101022257,-32.92948997716605,4.583691163952008,5023.606803742424,yes
21,admin.,single,basic.6y,no,no,unknown,telephone,jun,thu,520,13,27,0,nonexistent,-3.285314359948155,93.7715840034262,-46.91399879572535,1.93171157937743,4974.359765342235,no
42,technician,single,high.school,unknown,yes,unknown,telephone,jul,fri,2599,21,6,5,nonexistent,-3.3324440986705417,93.96810334399237,-43.15921374974301,1.8460955393091352,5195.2332816183325,yes
66,blue-collar,single,university.degree,unknown,yes,no,telephone,jun,thu,236,8,12,2,nonexistent,-3.084534255804273,94.1790849319612,-44.2222892455959,4.826790920867765,5199.002483975462,yes
29,management,single,university.degree,no,unknown,no,cellular,feb,thu,1304,24,999,0,nonexistent,-0.388519176995028,94.13552166562353,-37.42182620920554,1.1403913632165952,5148.36035485101,no
23,management,divorced,basic.4y,unknown,unknown,unknown,cellular,sep,mon,3430,9,18,2,nonexistent,-1.0375832889095618,93.42348738532172,-26.967511222287143,3.207250812082552,5120.847323642664,yes
35,blue-collar,single,high.school,unknown,unknown,unknown,telephone,may,mon,3272,14,12,2,nonexistent,1.3844266797097573,92.7347833198469,-36.164866174723464,3.125628427786924,5174.100305433392,yes
57,technician,single,basic.6y,yes,no,yes,cellular,dec,tue,1781,1,999,5,nonexistent,-2.0246193742923677,92.3376556544646,-37.10855693796259,1.6416470919897728,5038.043419605512,yes
38,admin.,single,university.degree,yes,yes,yes,cellular,mar,wed,1301,14,1,6,failure,0.08335883011856189,92.02344327231926,-32.657924858949706,1.9951508426726707,5159.866233729892,yes
32,technician,married,basic.6y,unknown,no,yes,cellular,apr,wed,3306,12,999,3,nonexistent,-1.541910983537592,92.00424850186843,-42.941317169586675,1.8609884834036263,5050.934058628631,yes
20,admin.,single,basic.6y,no,unknown,unknown,cellular,apr,thu,2541,4,11,6,nonexistent,-2.92806325519136,94.62137894767058,-44.74872808597998,4.322697078668676,5080.755620883763,yes
19,self-employed,divorced,basic.6y,unknown,unknown,no,cellular,dec,tue,2051,22,24,3,nonexistent,0.8102986469388811,93.70227127456842,-30.770744345335984,2.3140336240150785,5222.826296651114,yes
73,blue-collar,single,basic.4y,yes,yes,yes,telephone,sep,tue,2713,21,22,1,nonexistent,-1.4799905685013566,93.60774920701783,-27.842817690984123,2.1782856443138914,5187.323052118272,yes
72,services,married,basic.6y,no,yes,no,telephone,nov,fri,441,4,24,6,nonexistent,1.0012164353453175,93.0546409525961,-40.72836417592093,3.4015715018893484,5074.3354315305005,no
58,admin.,married,basic.4y,unknown,unknown,unknown,cellular,may,mon,2076,13,23,0,nonexistent,1.0972515242142922,94.23587405189173,-49.813778583944476,2.780229565876306,5202.981810739405,yes
57,management,single,basic.4y,no,no,yes,cellular,feb,fri,3180,16,9,5,failure,0.5366939008985233,92.61650331292803,-46.51805874513623,2.4742826607306654,4989.33122871816,yes
76,self-employed,single,high.school,no,no,unknown,cellular,jun,wed,2657,11,1,1,nonexistent,-3.2671421074573748,94.06662618719486,-30.318146315256108,3.721450131852157,5202.41502251738,yes
21,management,single,university.degree,no,yes,no,telephone,dec,tue,3798,3,999,5,success,1.2369265115960362,93.0158313665091,-47.892690355723026,2.415524886856713,5198.815299690501,yes
49,self-employed,single,basic.6y,unknown,unknown,yes,cellular,jul,wed,804,2,4,4,nonexistent,-2.8040109108263693,93.98172209410379,-32.5641513780817,1.5774960416292714,5134.676414533478,yes
19,management,married,high.school,yes,no,no,cellular,aug,mon,74,25,22,2,nonexistent,1.0702848388424517,93.97790713849254,-35.976145575246015,3.864124281825584,5049.4809478249945,no
63,technician,single,high.school,no,yes,no,cellular,may,mon,2885,26,1,6,nonexistent,-0.48858984032761354,92.8828560230348,-33.43108004378084,0.8983820415756418,5181.070171403739,yes
46,technician,married,high.school,no,yes,yes,cellular,aug,mon,3217,3,3,2,nonexistent,-1.5881917471720146,94.6159192883814,-44.66748589762808,4.998577254546919,5035.5885004069805,yes
19,technician,married,high.school,unknown,yes,yes,telephone,aug,wed,2175,20,22,3,nonexistent,0.062310491315778864,93.42145344369962,-50.361914483079744,3.225176453842329,5001.205861354183,no
51,self-employed,divorced,high.school,yes,no,unknown,telephone,apr,tue,3924,17,28,4,nonexistent,-0.967067328106147,92.72165915619374,-49.84986892845635,1.5517301254187068,5109.3912707412765,yes
79,self-employed,married,basic.6y,yes,yes,yes,cellular,jul,fri,2089,1,13,2,nonexistent,0.4135079720834246,93.88662102927977,-33.47609261421016,1.4719976470728195,4997.671562028932,yes
44,management,single,high.school,unknown,no,yes,telephone,dec,tue,1379,26,8,2,success,-0.9338833784601299,94.10242069953503,-36.13980134679075,1.8043495984241873,5058.127643052781,yes
77,admin.,single,university.degree,no,yes,yes,cellular,sep,tue,40,25,5,4,failure,-1.629236171347837,94.66191608375651,-30.71317006653972,4.468796410235427,5116.946804335417,yes
71,self-employed,single,basic.4y,unknown,no,yes,telephone,oct,thu,2981,11,22,4,nonexistent,-1.667959079732022,92.20516670532129,-41.25798861489337,4.237429443104429,5018.4972753971215,yes
56,management,single,basic.4y,yes,unknown,yes,cellular,apr,tue,2081,16,23,2,nonexistent,-1.700277461258165,93.51183912463127,-37.52232275907137,1.235923786958546,5073.043563413241,yes
61,admin.,divorced,university.degree,no,no,unknown,telephone,sep,fri,3088,20,11,4,nonexistent,-1.1300896936013558,93.37305036337769,-32.07421337404612,3.240178849667512,5045.093496652685,yes
55,technician,divorced,basic.6y,no,unknown,no,cellular,dec,thu,1700,10,11,0,nonexistent,-2.8714039807456397,92.86869170875289,-38.93005085514725,4.607972916243535,5004.430064712136,yes
35,self-employed,divorced,basic.4y,yes,yes,unknown,cellular,apr,tue,3224,20,23,4,nonexistent,-0.22381023659076701,94.14987629627817,-27.05897030807835,3.8257912213085206,5131.251337656711,yes
53,services,divorced,university.degree,no,no,no,cellular,jan,thu,3045,6,28,1,nonexistent,-1.7614071259621031,92.54394699411723,-33.044887937813805,3.184812729595418,5122.352783841081,yes
36,technician,married,university.degree,unknown,yes,yes,cellular,apr,tue,1401,2,8,1,nonexistent,-0.704595374734321,92.9177206796081,-34.468880474701066,1.5179732920533466,5111.457665288653,yes
44,blue-collar,divorced,high.school,yes,unknown,unknown,telephone,feb,mon,587,22,27,2,nonexistent,-0.8727152241733614,94.14522557224804,-31.643380703094962,4.751524906279013,5209.897892695449,no
62,admin.,married,basic.4y,yes,yes,no,telephone,jun,mon,1622,29,29,2,success,0.7142147094360746,93.33635577781195,-32.225154226273965,4.523938232777155,5208.666253452567,yes
37,services,single,high.school,no,yes,no,telephone,aug,tue,3700,7,14,3,nonexistent,0.7361171359830461,92.3810666497266,-45.549283562765126,2.0133897022251697,5114.992247412619,yes
38,technician,married,basic.6y,yes,yes,yes,telephone,jun,thu,3945,17,29,4,success,1.348071911174884,94.50393874111649,-45.77182375409787,2.7898139695524318,5158.989257572298,yes
40,self-employed,married,basic.4y,unknown,unknown,yes,cellular,sep,fri,341,8,9,6,nonexistent,-2.2404343428197904,94.04626182173034,-36.31482507095818,0.9600988547227911,5176.507596123276,no
47,services,divorced,basic.4y,yes,unknown,no,telephone,jun,mon,2074,13,1,1,nonexistent,-3.2346039177332426,93.57567793760906,-40.378447865998,3.378404361776982,4992.656204408747,yes
42,management,single,university.degree,no,no,unknown,telephone,nov,thu,3896,22,28,3,nonexistent,-1.360452758771417,93.70611161694647,-29.969319157009394,0.8392687753565609,5187.090361340171,yes
48,admin.,single,basic.4y,yes,no,no,telephone,jul,fri,3358,25,22,2,nonexistent,0.9038532656824839,93.75276177659485,-43.86655471797528,4.586473704545448,4964.953984269757,yes
44,blue-collar,divorced,basic.6y,no,no,unknown,telephone,dec,thu,645,29,17,6,nonexistent,-0.5187925587979446,93.39802369549011,-42.892459227751,4.473727824061045,4964.138416702929,no
51,management,married,basic.6y,no,no,unknown,cellular,may,tue,730,4,6,5,nonexistent,-1.607081494470122,94.08527491918507,-46.8251014114546,1.8383933423179173,5045.676449439223,no
25,services,divorced,basic.4y,unknown,yes,no,cellular,aug,mon,167,11,26,5,nonexistent,0.3061919512470822,94.00290928477848,-27.336366923800814,3.8650150105295937,5173.341173459467,no
36,technician,married,university.degree,yes,unknown,unknown,telephone,feb,mon,609,2,8,0,nonexistent,0.019257235625046006,92.0078122784466,-48.02648786184706,2.5331723151073144,5207.313899914632,no
58,admin.,divorced,basic.6y,unknown,unknown,no,telephone,feb,mon,2315,25,19,4,nonexistent,0.02510991689027314,92.30954229069133,-27.308690184113768,4.319591108919673,5069.192238312706,yes
43,self-employed,divorced,high.school,unknown,yes,no,cellular,nov,tue,1772,8,27,3,nonexistent,-0.9300007238230055,92.07087102020982,-33.91721533104809,0.8704671354817384,5130.502249203833,yes
45,blue-collar,single,basic.6y,yes,no,yes,cellular,aug,fri,2040,18,20,0,nonexistent,-0.8536920224224577,92.4729346024104,-48.66928182718438,2.8251115805661438,5088.5930966126425,yes
21,technician,single,basic.4y,unknown,unknown,no,telephone,jun,fri,2868,8,20,6,nonexistent,-0.7320504428607851,92.20238824142446,-47.166832207274915,2.348505695968104,5037.577745494117,yes
48,blue-collar,single,high.school,unknown,yes,no,telephone,feb,mon,454,11,27,6,nonexistent,-0.7473978285694722,92.54262029600476,-42.985389062618005,1.7456199094720857,5193.123882451853,no
33,self-employed,divorced,basic.4y,no,yes,yes,telephone,jun,fri,2953,24,17,6,nonexistent,-2.40968399409652,93.5078333860914,-44.57772903102862,1.5208347635543689,5118.8452674443515,yes
68,admin.,single,basic.4y,unknown,no,yes,telephone,nov,mon,1708,5,28,5,success,-2.220228367719291,93.87515102767324,-27.54223353734695,3.5767432784035216,5145.936606673445,yes
27,services,single,basic.4y,yes,no,unknown,cellular,aug,fri,3472,7,2,2,nonexistent,-1.6046802601475598,94.57203469812445,-36.14112430106656,1.4883503784244914,5126.842826550522,yes
55,blue-collar,divorced,university.degree,no,unknown,unknown,cellular,jun,mon,2969,23,12,1,failure,0.7062470247081316,94.07002637538997,-49.02208019353129,3.3816629166303014,4985.825432123398,yes
65,admin.,single,university.degree,unknown,unknown,yes,cellular,sep,fri,3028,4,9,3,nonexistent,-1.1805154638302207,92.08819301239144,-38.24282963717916,2.314726758563221,5183.017367348827,yes
27,blue-collar,married,basic.6y,unknown,no,yes,cellular,jun,thu,3547,22,16,3,nonexistent,1.0463318300070101,93.31238665212149,-29.358358950232066,1.667493784074494,4973.781823970682,yes
62,technician,single,basic.4y,yes,unknown,yes,cellular,mar,mon,701,10,2,2,nonexistent,0.4082461519395124,93.8917822692378,-40.85325450666752,4.0483460639677515,5146.309974691848,no
26,blue-collar,married,high.school,unknown,no,no,cellular,sep,mon,2681,6,20,2,nonexistent,0.7352163851832946,92.88236080978174,-34.87947969535715,2.2011337673467164,5000.976223065082,yes
56,technician,single,high.school,yes,yes,no,telephone,oct,wed,3629,13,8,1,nonexistent,-2.7560889542989067,93.03290900094531,-32.320697322171554,0.6657713521210211,5108.38465265674,yes
53,technician,divorced,high.school,unknown,yes,no,cellular,may,mon,1599,16,16,1,failure,-2.685824584102396,94.24784520151233,-46.37780630591586,4.345038974195811,4997.29364478945,no
68,admin.,divorced,university.degree,unknown,yes,yes,telephone,jun,fri,129,22,15,1,nonexistent,-2.2641938010555465,92.13169775959739,-30.353532290139523,1.983922184849875,5220.020549725405,no
75,management,single,university.degree,yes,unknown,unknown,cellular,apr,thu,3067,25,5,0,nonexistent,-0.21941908274146107,93.51106562325151,-40.07317426816354,4.218174262070369,5077.989880603264,yes
53,self-employed,married,basic.4y,no,no,unknown,telephone,mar,thu,1845,2,27,0,nonexistent,-1.1138223631207578,94.2525800528632,-49.445142523769576,3.0038685032178187,5173.428388833411,yes
36,blue-collar,single,high.school,yes,yes,no,cellular,oct,fri,1386,26,17,2,success,-2.584895732618882,94.23275862339538,-29.794209054359815,4.477836501438327,5174.2952433223545,yes
77,services,divorced,high.school,no,yes,no,cellular,may,tue,3776,24,27,6,nonexistent,0.17975634068130825,92.33761273002857,-37.31195826541816,2.439498467939567,4995.701551366565,yes
36,technician,single,university.degree,no,unknown,yes,telephone,dec,mon,2866,15,5,6,nonexistent,-0.9161175174271449,94.36562183208419,-46.060110146662495,1.3456921641399102,5113.3730769718595,yes
29,management,divorced,university.degree,yes,unknown,yes,telephone,mar,thu,692,8,25,3,nonexistent,0.10878380763503208,92.21637151405987,-43.21294444891255,0.6792307574506325,5227.87011665873,no
79,technician,married,high.school,yes,yes,unknown,telephone,feb,fri,3363,17,5,0,failure,0.9654676489714658,94.5873814838738,-37.191986151157785,4.025534828061034,5064.673288033338,yes
30,management,married,high.school,unknown,unknown,unknown,telephone,jun,thu,1394,27,16,2,success,0.99078979173113,92.60563738010634,-41.85724054521778,4.028823010688594,4988.873265645414,yes
42,management,divorced,basic.6y,unknown,unknown,yes,cellular,aug,thu,793,29,20,5,nonexistent,-1.954635432407833,92.32266447127556,-45.22216909158686,1.460731555844423,5165.779980639438,no
53,services,married,university.degree,no,unknown,unknown,cellular,mar,fri,28,14,9,5,failure,-2.6390325704487063,92.20707289609028,-39.34448161172042,4.804012240579346,5120.755827717396,no
42,management,divorced,basic.4y,unknown,unknown,unknown,cellular,jun,wed,148,18,1,0,failure,-1.3176334565428227,92.96154083294375,-46.37740710792499,4.775996940385266,5152.556140321864,no
45,services,divorced,basic.4y,yes,no,no,cellular,nov,thu,3850,29,999,1,nonexistent,-2.9973723032236315,92.97600569013466,-44.9354377451668,2.2082001391607102,5104.327472787384,yes
59,admin.,divorced,high.school,no,unknown,yes,cellular,sep,thu,1319,14,10,5,nonexistent,-3.188946119896104,93.47321899250598,-31.041056211025737,1.2493917824810887,5034.770518454295,yes
70,technician,single,university.degree,unknown,unknown,yes,telephone,jan,tue,2058,4,24,2,nonexistent,1.2949507793731916,94.05225069219063,-45.33786482460493,1.8491581806648478,5087.403765767407,yes
56,services,married,basic.4y,unknown,no,yes,cellular,mar,wed,3583,21,5,5,success,1.2647567927699228,93.42730443671363,-34.18071791630298,4.688957602958655,5118.500650370621,yes
47,self-employed,single,university.degree,yes,unknown,no,cellular,feb,tue,2723,21,999,1,nonexistent,-1.7114537016807676,94.74105210396955,-44.813771464352875,3.281522341775871,5026.4289479463205,no
22,technician,single,high.school,yes,unknown,yes,telephone,dec,fri,1136,22,15,4,failure,0.5385169897045862,92.5889020320008,-45.72367903318894,4.623282110914367,5189.502682261242,no
34,self-employed,married,high.school,unknown,yes,unknown,cellular,aug,mon,186,23,25,5,nonexistent,-2.327556955237943,92.5895594612069,-44.79738221064845,0.700399258067659,5072.429869706621,no
35,blue-collar,single,high.school,no,yes,no,telephone,sep,fri,2854,1,8,3,failure,-1.396996825362756,93.9738198460579,-39.607678581753134,4.960020952332238,5152.77409717586,yes
60,self-employed,divorced,university.degree,no,yes,no,cellular,oct,wed,2791,23,11,1,nonexistent,0.08695998895067764,92.87969633183208,-47.303915778955535,3.363176992662216,5213.309651540395,yes
64,admin.,single,basic.4y,yes,no,yes,cellular,jun,fri,1250,6,8,3,nonexistent,-0.7573942612559529,92.48048692192388,-48.251960327566024,1.4172146786721478,5073.500337641289,no
38,blue-collar,divorced,basic.6y,yes,unknown,unknown,cellular,mar,wed,1333,5,12,2,failure,0.5413671825712212,94.21884778670668,-32.713898285044294,2.8298126618322184,5085.626871063446,yes
39,blue-collar,married,basic.4y,yes,no,yes,telephone,oct,tue,97,15,6,6,failure,1.3041872860630233,92.63341857144798,-50.24309005777579,4.208424757356485,5012.16667972368,no
56,management,single,university.degree,unknown,no,unknown,telephone,aug,thu,54,16,24,6,failure,-3.3567153064809423,94.09696682155511,-41.58692807976366,1.2207823781724931,5063.079939231082,no
67,self-employed,married,basic.4y,unknown,unknown,yes,telephone,oct,fri,2670,22,999,4,nonexistent,1.0376989618368908,92.57873404201312,-41.334777492608126,3.277805964594486,5103.5529906869615,yes
75,management,divorced,basic.6y,yes,unknown,unknown,cellular,jul,fri,2711,27,28,3,nonexistent,-1.4154531799180754,94.63036435902495,-29.456311894534785,3.651658317365795,5024.326453708776,yes
74,self-employed,single,basic.4y,no,yes,unknown,telephone,feb,thu,757,8,2,6,nonexistent,-1.4418440111718067,92.82628343800329,-32.28966268382352,2.416420626962941,4970.513992083463,no
23,blue-collar,divorced,basic.6y,yes,unknown,unknown,cellular,nov,fri,405,29,23,5,nonexistent,-3.3968345730731757,94.09922855356227,-38.59482613561911,2.983044484330847,5031.785038576739,no
67,management,divorced,university.degree,yes,no,no,cellular,jul,fri,2116,28,2,0,nonexistent,0.6048803507125349,94.35603026158084,-39.332469612241596,4.284302547596048,5144.140815188842,yes
33,technician,divorced,high.school,no,yes,yes,telephone,jan,mon,3383,6,23,5,nonexistent,0.2431466981588565,92.34338517116039,-37.282128938223195,4.787741889209451,5190.609041882697,yes
19,self-employed,married,basic.6y,no,no,yes,telephone,aug,mon,1312,5,18,5,nonexistent,0.8912498982267457,92.19048893088845,-42.24791496990845,3.0384338428148956,4998.258703231211,yes
68,self-employed,married,university.degree,no,unknown,yes,telephone,dec,thu,1785,6,3,2,success,-2.5966677165583847,93.67538217889164,-34.05142518857503,3.6915432543439555,5141.27649772636,yes
18,management,married,high.school,no,yes,no,cellular,may,tue,3619,25,28,4,nonexistent,-2.367459562911276,93.73626467157227,-34.402899006661094,2.0203469832299064,5053.532669789636,yes
74,self-employed,single,basic.6y,unknown,unknown,unknown,telephone,sep,fri,750,28,27,0,nonexistent,-1.943053207172108,93.74371386658454,-37.06575374692883,2.069853728730451,5043.236369878951,no
47,blue-collar,divorced,high.school,unknown,yes,no,cellular,dec,fri,3219,1,11,6,nonexistent,-0.8550070254149104,93.27728143172158,-49.421144834597186,4.508980443663728,5078.049375165438,yes
75,management,married,basic.4y,yes,yes,no,cellular,nov,tue,3538,14,29,0,nonexistent,-1.7434415802229015,94.61718342461916,-47.76858000653756,1.0340940854153602,5193.896603001353,yes
60,management,divorced,university.degree,unknown,yes,unknown,telephone,dec,fri,1762,19,3,5,nonexistent,-1.961312676505217,93.93788448082412,-49.86129699855092,1.5041461646087515,5117.1732111820775,no
69,services,married,university.degree,yes,unknown,yes,cellular,mar,tue,3315,19,20,4,success,-2.523068947220603,92.207806683626,-33.627473967702855,1.7875339184032204,5133.058818461685,yes
54,services,divorced,university.degree,yes,yes,no,telephone,dec,thu,3562,25,9,1,failure,-2.635835211538972,94.19802168877057,-39.385367644825514,1.0151677455778083,4993.884937776051,yes
65,blue-collar,married,university.degree,no,yes,unknown,cellular,jul,thu,3920,15,25,4,success,-1.129889246375018,92.77137797638102,-27.975950049020568,3.5375139296529254,4995.516206773316,yes
40,technician,married,basic.6y,no,unknown,unknown,cellular,aug,tue,3005,19,26,4,success,-1.2596798768421809,94.02449316390621,-28.039352015412934,4.587600649573755,5096.467126745186,yes
18,self-employed,married,basic.4y,unknown,no,yes,cellular,jan,tue,3578,6,3,6,nonexistent,0.36863017441934587,92.16578712021202,-31.723717438799447,0.7187778449535783,5153.597315494604,yes
36,admin.,married,high.school,unknown,unknown,unknown,telephone,jun,wed,364,25,22,6,nonexistent,0.5543726849214408,94.14673769845928,-40.211130908972116,1.7100949768632614,5015.319274363819,no
63,self-employed,divorced,university.degree,unknown,unknown,unknown,cellular,nov,mon,2026,26,10,4,nonexistent,-0.037052914179605205,93.51974580293684,-43.239225453298374,4.650692887239039,5108.4937241998805,no
20,admin.,married,university.degree,unknown,yes,unknown,cellular,feb,mon,481,5,3,3,nonexistent,0.5897748980534678,94.01810424538266,-45.99671618950247,2.648776746945617,5205.996849956937,no
19,blue-collar,married,basic.6y,no,unknown,yes,cellular,aug,fri,2248,26,10,1,nonexistent,-2.8775107528945,93.38391218934034,-45.2433714119244,4.496773022648114,5099.219611657008,no
73,technician,married,basic.6y,no,unknown,yes,telephone,jun,fri,153,16,16,6,nonexistent,-1.2027535397139189,94.2431195794448,-27.13138887710959,4.753772101965716,5090.748721615396,no
54,technician,divorced,basic.6y,unknown,unknown,unknown,cellular,nov,tue,3521,27,20,6,nonexistent,-2.0250249414640313,94.65167464058511,-38.12466435024452,4.9601198042988255,5118.407186797601,yes
34,technician,married,basic.4y,yes,yes,unknown,cellular,nov,tue,1524,9,27,2,nonexistent,-2.191372655944444,94.07896137994213,-50.50714175723459,2.3411480463458014,5146.753590165411,yes
45,services,divorced,high.school,no,unknown,yes,telephone,dec,mon,2120,25,23,0,nonexistent,0.0209361678626324,94.08366773186806,-49.74139243924904,2.109092658336718,5043.50322796742,yes
35,blue-collar,single,basic.4y,no,yes,yes,cellular,mar,fri,2760,15,21,5,nonexistent,0.5898976759938072,92.60675290132902,-39.835487434667584,3.8940086529651308,5052.102612881099,yes
50,admin.,divorced,university.degree,no,unknown,yes,telephone,apr,mon,2343,22,19,3,nonexistent,-2.849260953945648,92.99250975704642,-40.20078530629229,3.216060741453557,5005.006060928764,yes
32,technician,single,basic.6y,no,yes,no,telephone,jul,thu,1040,8,19,1,nonexistent,-2.804322831935015,92.35011785275913,-41.107146470851326,3.50049618605234,5214.564131873137,no
39,blue-collar,married,university.degree,unknown,yes,yes,telephone,sep,mon,1664,25,12,4,nonexistent,-0.33086351273946146,93.4908016751648,-31.115878289525494,2.942396397615968,4976.16833608407,no
58,self-employed,married,high.school,unknown,unknown,unknown,cellular,nov,mon,1240,25,16,5,failure,-2.707364923638638,93.25036214721852,-33.99458705618784,2.8622225727430113,5085.469194929945,no
44,admin.,divorced,high.school,yes,no,yes,cellular,oct,tue,60,8,25,6,nonexistent,0.28824660619945874,92.82516214316634,-48.23273014235329,1.985858890684569,5144.4036907938125,yes
72,services,married,basic.4y,no,unknown,unknown,cellular,feb,fri,938,29,12,5,nonexistent,0.5777366229568613,92.19373238821665,-42.13197438272617,3.2206416440448766,5151.601104947638,yes
54,management,married,basic.4y,unknown,no,unknown,cellular,sep,thu,1639,4,16,3,failure,-0.8903487617337731,94.60790161265454,-36.5393495425586,1.780146513166951,5129.259034303084,yes
49,admin.,divorced,basic.6y,unknown,yes,unknown,cellular,jun,mon,2089,24,18,3,nonexistent,0.9603322205439127,93.69515290482897,-41.65851578942333,2.164898831454317,5053.680169507498,yes
77,self-employed,married,basic.6y,no,no,yes,cellular,feb,mon,24,2,19,6,nonexistent,-3.3023157736794126,92.90998624706737,-45.82150258541299,3.374615723918375,4984.023958788144,no
62,admin.,single,university.degree,unknown,no,yes,telephone,aug,tue,1062,16,14,6,nonexistent,-2.313229657207705,92.97362106938188,-35.789534312961884,3.40115353494357,5210.143964414303,yes
36,admin.,single,basic.6y,unknown,yes,yes,telephone,apr,wed,3874,3,3,0,nonexistent,0.3101085439960597,93.10715777309846,-36.40624484157846,3.1393147574570976,5013.975921009301,yes
45,management,married,basic.6y,unknown,no,yes,telephone,nov,fri,130,9,17,2,failure,1.1950425781233447,94.27256645632815,-27.50683436419558,3.568808746954369,5203.9537132959695,no
45,technician,married,university.degree,yes,unknown,yes,cellular,aug,fri,3569,26,10,1,failure,1.2107817258106772,92.58922796793142,-37.39041932892298,2.412419049718666,5023.237421168592,yes
73,self-employed,single,high.school,unknown,no,no,telephone,nov,fri,1252,4,8,5,nonexistent,-3.3980893899102935,94.3981133589024,-29.904287688717737,3.2151516118765886,4982.254367011771,yes
27,management,married,basic.6y,no,yes,yes,telephone,jul,mon,107,2,15,5,nonexistent,-0.3670552385406602,92.87188646546194,-28.11421090690264,1.0192585542979453,4985.709633201237,no
37,admin.,single,basic.6y,no,no,no,cellular,jul,mon,171,19,23,1,nonexistent,-3.268820801423313,94.43896886519222,-40.40866300305286,2.728387283842224,5058.3981398346805,no
42,self-employed,divorced,university.degree,no,yes,unknown,cellular,nov,mon,1458,23,2,1,nonexistent,-0.03843608941859905,94.50848339561755,-49.5358405097823,3.178595014990432,5003.7968718574675,no
38,services,single,university.degree,unknown,yes,unknown,telephone,jul,wed,3549,25,26,6,nonexistent,0.286600423115594,93.95066166495896,-47.370483896518486,2.4577075086255533,5091.207489710282,yes
31,admin.,married,university.degree,yes,unknown,unknown,telephone,feb,mon,101,15,17,4,nonexistent,0.7167816616517942,94.50524332987187,-38.75511227906528,0.6746458552411184,5083.633800425669,no
39,services,married,university.degree,unknown,yes,unknown,cellular,aug,fri,2913,7,16,4,nonexistent,-0.8586715920343311,94.09188905388118,-29.458303713046664,3.6844063483399427,5184.785773046466,yes
70,blue-collar,single,university.degree,no,no,no,telephone,feb,fri,2571,8,9,3,nonexistent,0.6805395757126343,92.40471137276417,-35.166243539369646,2.604154626047472,5147.624584496574,yes
43,services,single,basic.6y,yes,unknown,no,telephone,mar,tue,2322,3,24,5,nonexistent,1.034448392155394,94.67726636517621,-45.98458697259674,1.285051642760902,5148.323910624449,no
61,admin.,married,basic.4y,yes,unknown,unknown,cellular,oct,wed,1636,23,4,2,nonexistent,-0.8405014445502704,92.53229879897034,-34.045040041410076,4.879077661128432,5119.845692339683,yes
28,management,married,basic.4y,unknown,no,yes,telephone,jul,thu,3115,15,23,0,nonexistent,-0.8842469420362375,93.3849602085415,-29.42815813719878,4.746621119438322,4976.14060097577,yes
72,admin.,married,basic.4y,no,no,unknown,cellular,jul,mon,2864,1,28,5,failure,-0.9718864859531875,93.073717723349,-50.07760912766795,1.2982200834492699,5161.2481739190425,yes
24,admin.,divorced,basic.6y,unknown,unknown,unknown,cellular,dec,thu,3004,16,14,6,nonexistent,-0.9777456461186566,92.97480811992183,-44.996790279256125,3.7117100476028506,5058.436725550196,yes
34,blue-collar,divorced,high.school,no,yes,no,telephone,jul,mon,1040,28,19,0,nonexistent,0.3177640165447925,94.19413055032324,-47.13897829204099,2.877066989757383,5184.77122818936,yes
35,technician,single,basic.6y,yes,unknown,unknown,telephone,apr,wed,329,22,17,2,success,-3.0768163575121386,92.81468366393857,-32.05993827259971,1.872905715329597,5028.831133211911,yes
24,admin.,single,basic.4y,unknown,unknown,no,cellular,may,wed,3640,3,4,1,nonexistent,-1.2280450812095265,93.50549669454308,-29.493689923176923,3.611236423302943,5140.844163634645,yes
73,blue-collar,divorced,basic.4y,yes,unknown,no,cellular,jul,fri,3894,2,23,2,nonexistent,-0.8848641809850614,92.94252412368188,-37.54607631042671,2.5704341941400397,5123.291924047994,yes
37,management,divorced,university.degree,no,yes,unknown,telephone,aug,wed,1520,15,14,0,nonexistent,-2.3706124449835895,94.50173251583975,-30.527975358629977,4.5534301768860725,4993.231852533395,yes
55,blue-collar,single,university.degree,yes,no,yes,cellular,mar,thu,3886,4,5,4,nonexistent,-0.8018749990543347,92.43433135967456,-35.09920180586814,3.695985535697315,4999.654057384588,yes
28,blue-collar,divorced,university.degree,yes,no,no,telephone,jun,thu,11,27,7,2,nonexistent,-1.2128326057745875,92.49137954895815,-35.10488095679807,2.833377526470584,5228.070040646449,no
61,services,single,basic.6y,yes,no,no,telephone,dec,wed,1341,14,26,3,nonexistent,0.1403958418313182,92.31142934531199,-36.944974771748,2.5882906730505293,5052.340094826429,yes
75,technician,married,high.school,unknown,yes,no,cellular,sep,thu,3663,9,2,4,nonexistent,-1.7041871208561712,94.12183622898972,-49.604553050003545,0.7389331380402674,5071.378816601943,yes
33,technician,single,high.school,no,yes,unknown,telephone,oct,mon,215,22,4,3,failure,1.1589111343771221,92.45217912542529,-28.406223285461916,1.307760794220256,5189.873547864944,no
68,self-employed,divorced,university.degree,yes,no,unknown,telephone,nov,tue,338,28,17,3,nonexistent,-1.4140943256650034,93.49269367814672,-42.29706289855872,0.7983368388058449,5130.508027378235,no
72,management,divorced,high.school,yes,no,no,cellular,dec,fri,1799,9,27,6,nonexistent,-0.37171634988983515,94.14698572605994,-31.61839284655655,0.8790902282345943,5143.2348744917,yes
44,self-employed,divorced,basic.4y,yes,no,yes,telephone,may,tue,2708,14,14,2,failure,-2.3359379115415977,92.32346439646892,-31.441368765689628,0.8952061142098516,5131.945410653097,yes
68,blue-collar,single,basic.4y,yes,no,unknown,cellular,apr,thu,3152,15,26,3,nonexistent,-0.09444629699908041,94.60532317900153,-27.71830649625024,0.6619622699754334,5049.139938629953,yes
28,management,divorced,university.degree,no,yes,yes,cellular,sep,fri,1750,24,11,5,failure,-0.9335055492422478,92.79529074792269,-42.99187862544841,4.081923968410641,5182.921079364801,no
33,management,single,university.degree,no,no,yes,telephone,apr,tue,1508,5,18,1,nonexistent,-1.757265548914794,94.21845556789286,-26.962154325259327,2.7057152050173414,4972.524745083917,no
40,technician,married,university.degree,unknown,unknown,unknown,cellular,mar,tue,2421,24,6,2,failure,-1.7300296002825184,94.22196859121709,-43.616269901904445,3.896249758578655,5060.7917023742175,yes
77,technician,married,high.school,no,no,no,cellular,jul,thu,3023,2,999,0,nonexistent,-1.597818959481695,92.97536295841739,-40.01225305878066,1.3379873908417497,5216.073546559462,yes
76,technician,divorced,basic.6y,no,yes,yes,telephone,may,fri,709,24,23,1,failure,-1.3002237012399207,93.54162524545058,-33.92062421447557,4.301342889650344,5063.727282999301,no
29,admin.,single,university.degree,yes,unknown,no,telephone,jan,fri,1223,17,20,4,success,-2.2112858972744918,93.76634440673634,-47.09577179156079,1.0140716334046442,4968.039598553798,yes
76,blue-collar,single,high.school,unknown,unknown,yes,telephone,aug,tue,3608,11,1,2,nonexistent,-2.0684749840826813,93.1635479866719,-44.43368089132295,2.017077973318799,5014.388631329246,yes
57,management,divorced,university.degree,unknown,unknown,no,telephone,nov,fri,2513,13,18,0,nonexistent,1.2001415514448404,93.00207004921349,-33.39808717399591,2.231093883600636,5213.325713997569,no
20,blue-collar,single,basic.6y,yes,yes,unknown,cellular,jan,fri,1112,12,12,0,nonexistent,-1.9539437695320827,94.38596868912416,-27.512218700357657,1.6372163121320187,5188.226697838784,yes
19,management,divorced,university.degree,unknown,no,yes,cellular,sep,mon,1291,3,19,2,nonexistent,-0.39084116872450725,92.56540366641558,-33.28610918309209,1.2041361170320835,5015.282684054782,no
77,management,divorced,basic.4y,no,yes,yes,cellular,jan,thu,3726,23,17,1,nonexistent,-1.7423662380666307,94.22581638074433,-30.191059193467986,3.363573308928259,5222.148670679915,yes
55,self-employed,married,university.degree,unknown,yes,yes,telephone,apr,thu,3642,20,9,5,nonexistent,0.49202982683593316,92.57043107603923,-49.904066617112164,0.6373526951331497,5005.623720326467,yes
65,management,divorced,basic.4y,yes,unknown,no,cellular,oct,mon,3993,13,12,0,nonexistent,-0.059458700962969895,93.96033251948882,-37.00908076484357,4.083203818869382,5226.067181363672,yes
69,management,single,basic.4y,unknown,unknown,yes,telephone,apr,tue,488,15,4,2,nonexistent,-1.8245090493767224,92.80537026768327,-28.95320440070251,0.7862116431308039,5186.984282242959,no
41,services,divorced,high.school,unknown,yes,yes,telephone,nov,wed,3948,11,22,2,nonexistent,0.0397947077387673,94.59665790538628,-34.4907107089905,4.841808277354952,5204.995094257851,yes
46,services,married,high.school,unknown,unknown,no,telephone,sep,tue,1561,16,12,5,nonexistent,0.23237299661715355,93.69506299272818,-34.63255123658059,4.420427737858286,5000.5533372499385,no
64,self-employed,married,basic.4y,yes,yes,no,cellular,jan,mon,46,7,8,3,nonexistent,-2.7362002316861744,93.4938482534062,-45.94733909965432,2.424059755522282,5043.411137948068,yes
63,admin.,single,basic.4y,no,unknown,unknown,cellular,oct,fri,3359,1,999,2,nonexistent,-0.6248973775439769,92.8265462306398,-30.2187261187918,1.227911052293985,5149.28606667467,yes
51,technician,divorced,university.degree,unknown,no,no,telephone,sep,mon,777,23,25,6,nonexistent,0.4772446559138295,93.42426101418914,-30.12541603656581,4.4307987608001245,5097.239882737029,yes
37,management,single,university.degree,no,no,yes,telephone,apr,thu,1039,19,28,0,nonexistent,-3.158325258305118,92.18442661453328,-36.125231791881305,3.4342523177292255,5040.7274592789345,yes
35,blue-collar,single,basic.4y,no,no,yes,telephone,jul,fri,710,18,21,3,nonexistent,-0.9622411719488984,92.40137157570055,-40.603824876534716,2.8210184474631808,5147.536587083413,no
31,services,divorced,high.school,no,unknown,unknown,telephone,sep,tue,400,9,5,0,nonexistent,0.6312074491528065,92.82609672551214,-31.0998641944688,2.005392687162265,5169.820770291168,no
35,technician,married,university.degree,unknown,unknown,unknown,cellular,nov,fri,3990,18,999,1,nonexistent,1.1732610011088052,94.65792642454872,-39.686603179242645,3.069644664156256,5039.0938435436765,yes
19,admin.,single,university.degree,no,no,yes,cellular,jul,thu,1817,3,17,1,failure,-0.251271381021234,93.31005141293784,-31.139510183081345,2.4266336203115295,4986.301164070168,yes
18,technician,single,university.degree,unknown,yes,no,telephone,feb,mon,3028,3,26,0,nonexistent,-1.8265336735558144,93.1211766251098,-39.21051364287661,2.647612518349592,5115.519213774819,yes
37,management,married,high.school,unknown,yes,yes,cellular,jun,tue,3157,4,15,6,nonexistent,-0.49674882115293734,94.16315989492956,-36.94292462749895,4.319989205510097,5068.479191580408,yes
51,technician,divorced,basic.4y,unknown,no,unknown,telephone,jun,wed,249,16,7,6,nonexistent,-3.26865597165969,93.94233180629942,-32.92227335411397,4.790873722671433,5195.773414030818,no
58,management,divorced,university.degree,no,unknown,yes,telephone,mar,wed,390,11,5,4,failure,-1.2118638523562562,93.8590692959485,-44.46665329640102,4.835813561112338,4975.505328728685,no
58,self-employed,divorced,high.school,unknown,yes,yes,telephone,apr,mon,3853,23,12,4,success,0.09117147817037945,93.69594747066488,-44.90039905945426,4.594910395482727,5132.327021168685,yes
65,services,married,high.school,yes,yes,yes,telephone,jun,tue,334,23,16,4,nonexistent,-3.2262058893576433,92.36390331735903,-34.838593264953936,4.129955051082724,4976.158954319412,no
28,services,single,high.school,yes,yes,unknown,cellular,nov,tue,628,15,25,0,nonexistent,-0.5044793601005185,93.09361326768212,-28.0014726221278,2.5960911899692243,4993.55598954038,no
44,management,married,high.school,yes,unknown,unknown,telephone,jun,fri,3590,9,12,2,failure,-0.5760541608013753,94.52329268420998,-40.13978823074695,0.9882715917723287,5061.128009764597,yes
40,blue-collar,single,university.degree,unknown,yes,unknown,cellular,jan,mon,136,26,9,3,nonexistent,-2.4895725818857524,94.68707574474432,-29.332964100634687,3.3746908583371344,5024.070517046768,no
55,services,single,basic.4y,yes,yes,no,telephone,oct,fri,2930,8,26,2,nonexistent,-0.6677308950492288,93.2115016665901,-38.415328138468546,2.368906372857493,5006.3924945910585,yes
61,blue-collar,divorced,basic.4y,unknown,no,unknown,telephone,aug,mon,2735,22,5,5,nonexistent,-1.4346387783610932,92.00295425921968,-27.52304368097088,3.623041718531341,5173.381325421507,yes
20,management,divorced,high.school,unknown,unknown,no,cellular,sep,thu,3911,6,25,0,nonexistent,-1.1016207065357617,93.39810858026189,-31.870065575754932,1.5714542494104449,5025.030432139958,yes
79,self-employed,divorced,basic.4y,unknown,no,no,cellular,feb,mon,1521,21,22,5,success,-1.838048825460889,92.63609483635311,-30.25657495155581,3.964811731552148,5060.055494543104,yes
29,management,married,university.degree,no,yes,unknown,cellular,apr,fri,826,18,17,6,success,0.48965421237528656,92.52659454480752,-34.55746374208848,1.350898244344877,5203.7357618130545,yes
47,self-employed,divorced,basic.4y,yes,unknown,no,telephone,nov,tue,726,6,26,5,failure,-1.6448671202918417,92.79461856468957,-30.043027441560316,4.157728103839576,5171.371192351867,no
48,services,married,basic.4y,unknown,unknown,no,telephone,jun,mon,1500,6,19,2,nonexistent,0.3958881948019213,92.34335847491963,-36.63212114783176,4.611516670349577,5102.2074018672965,yes
40,blue-collar,divorced,basic.6y,yes,no,yes,cellular,feb,tue,2641,12,22,6,failure,-3.032449347286661,92.12841795442564,-37.24065130339962,4.561358874481977,4988.435311615223,yes
18,management,divorced,basic.4y,yes,no,no,cellular,nov,thu,3294,5,12,5,nonexistent,-2.0628216980706227,93.24516207020291,-29.918295839458466,2.1250364869233445,5213.672713540171,yes
58,services,divorced,basic.4y,no,unknown,no,telephone,jul,wed,989,14,26,1,nonexistent,-1.4671838965746444,92.73514316774637,-50.439918518292906,2.315170449557645,5151.159331079502,no
37,self-employed,married,high.school,yes,unknown,unknown,telephone,jun,wed,2419,6,14,3,failure,-1.4580178491963596,92.71734363931147,-39.35718421700828,4.287662813705806,4972.886344060364,yes
71,management,single,high.school,unknown,no,yes,cellular,aug,fri,934,21,5,0,nonexistent,-1.2817855407470655,92.62035569253933,-30.005233450691456,3.645494139778208,5214.560848008766,no
23,self-employed,married,basic.6y,unknown,yes,no,cellular,jul,mon,3042,27,10,3,nonexistent,-0.2685298796940867,93.39059549514175,-46.11202628791453,2.917389322871386,4982.572632983575,yes
28,technician,married,university.degree,yes,unknown,no,telephone,oct,thu,401,28,7,6,nonexistent,-0.6445374616440784,94.05303366324901,-27.903577216614607,4.826540515742856,5123.092230495572,no
52,self-employed,married,basic.6y,yes,yes,no,telephone,jan,thu,1466,20,13,4,failure,-0.8989712393728345,93.83933895486742,-33.09961819989301,2.8715617510044917,5067.784773517005,no
21,technician,single,basic.4y,no,no,unknown,telephone,oct,tue,3561,19,12,4,nonexistent,0.6208274471839219,94.73262092824328,-32.57810265384142,1.6727957065471446,5223.045074455558,yes
46,services,married,basic.4y,unknown,unknown,unknown,telephone,oct,fri,614,14,21,6,nonexistent,-2.4583988851256073,94.55920623337451,-34.89511927854342,3.591586109057943,5207.751225609665,yes
76,management,divorced,university.degree,yes,no,yes,telephone,may,thu,1296,1,1,1,nonexistent,0.7291463192315172,93.16854918319383,-40.105361642514836,2.8538358642540023,5121.987654494189,yes
27,services,single,university.degree,yes,unknown,no,cellular,jun,mon,3597,27,999,0,failure,0.49486442336650655,94.27634406306898,-39.78314147118397,1.4973041718344156,5149.070754695556,yes
68,admin.,married,high.school,unknown,unknown,yes,telephone,jul,thu,1182,20,4,4,failure,-2.460666241750951,92.51651946878273,-30.745315922260996,1.2706957098074176,5180.922007484698,yes
46,self-employed,married,basic.4y,yes,no,unknown,cellular,apr,wed,3223,29,10,3,nonexistent,-0.40449603224643393,92.59446317717001,-47.47456969204062,2.1622980151142444,5180.572980482008,yes
55,services,single,basic.4y,no,no,no,telephone,sep,fri,3042,25,9,6,nonexistent,-2.3282674940111345,93.96258561598135,-38.32258791717088,4.870817917630275,5122.070004359856,yes
18,services,married,basic.4y,yes,yes,no,telephone,jan,tue,2667,23,29,3,nonexistent,1.1255390846474094,92.60678406626799,-43.392265297665816,1.2413616994314323,5030.165116866535,yes
57,technician,single,basic.4y,yes,no,yes,telephone,mar,mon,2235,7,11,1,success,-1.0338418143219066,93.26333554353327,-27.274837834821064,2.6742678640554325,5046.311568471584,yes
25,self-employed,divorced,basic.4y,no,no,no,telephone,oct,wed,3884,7,9,5,nonexistent,-2.4221325219139644,92.90172779666422,-50.711737608281155,2.038480029382778,5139.664075105039,yes
74,technician,married,basic.4y,no,yes,unknown,cellular,feb,thu,1121,14,8,4,success,-0.34667307671774883,92.6513869948123,-49.27818326818597,4.749290133646049,5145.536198001861,yes
55,management,married,basic.4y,no,no,yes,telephone,feb,fri,130,20,1,2,nonexistent,-0.005396893610269019,92.4324582253186,-27.679429984438187,2.2609680205619456,5061.852885948595,no
34,services,divorced,basic.4y,unknown,yes,yes,telephone,jan,fri,2852,16,22,4,failure,-0.4961456812958039,93.71317757426445,-37.80337725420957,1.5955259035480343,5198.413683583644,yes
36,self-employed,married,high.school,yes,yes,no,telephone,mar,mon,1194,12,24,1,failure,-2.239902583523893,92.15732905509334,-47.489010775024845,2.704167046609631,5069.417080939421,yes
50,services,married,basic.6y,yes,no,unknown,cellular,oct,tue,2983,23,3,4,nonexistent,0.1290293350229122,93.9671464035773,-40.07749704922318,1.276219677896273,5148.353149439271,yes
32,management,single,basic.4y,no,yes,no,telephone,may,wed,3033,11,3,6,success,1.0619012396853167,94.50523758441076,-43.088484724238576,2.2695335943203214,5018.985405603738,yes
62,blue-collar,married,high.school,unknown,yes,yes,telephone,jun,tue,182,18,25,0,nonexistent,1.1702471498696954,92.96172106269859,-29.022125241197084,3.8228370028305645,5056.9902500643975,no
48,management,divorced,basic.4y,no,yes,yes,cellular,aug,mon,3030,12,20,1,nonexistent,-0.1384975274420578,93.15701142573695,-34.36685442808787,3.23710202301967,5108.03606417044,yes
38,technician,married,university.degree,yes,no,unknown,telephone,apr,mon,363,24,28,6,nonexistent,0.6331772732337905,93.65363150917156,-47.68059930658469,0.6481603032518654,4973.554292421457,no
20,technician,single,basic.4y,unknown,no,yes,cellular,jan,wed,38,10,28,6,failure,1.297432690240816,93.86546922023453,-37.9789497291178,2.7908369110802473,4974.684640604295,no
79,services,divorced,basic.6y,unknown,yes,unknown,cellular,dec,fri,3598,24,29,6,nonexistent,-3.1917721445099287,93.52546925050112,-47.58640188071179,4.177836447557683,5034.969017558716,yes
19,technician,divorced,high.school,yes,no,no,telephone,sep,fri,3959,25,5,2,nonexistent,-1.1104452511268463,93.93297827844412,-34.90098778753679,3.0763184005081623,5182.545193153552,yes
52,self-employed,divorced,university.degree,unknown,unknown,unknown,telephone,mar,wed,2544,5,11,3,nonexistent,-2.0012412974280522,94.26396539549566,-33.41926788686498,2.6697561310691125,5020.864585443451,yes
58,management,divorced,university.degree,unknown,yes,no,cellular,aug,tue,3587,26,6,6,nonexistent,-1.1210215687510463,94.77212568056879,-37.36437428568607,2.4263320088628393,5197.915232887818,yes
76,services,single,basic.4y,no,unknown,no,telephone,apr,wed,1372,24,24,4,nonexistent,1.00120543133771,93.09966966608256,-27.71365613822811,2.9612794545993983,5152.99825430375,yes
33,management,single,basic.6y,unknown,no,yes,telephone,nov,fri,3029,2,21,6,nonexistent,1.320253554346852,93.63710711011443,-28.23040662133088,0.9254868827938781,5145.819672418409,yes
73,management,single,basic.6y,no,unknown,no,cellular,mar,tue,920,10,29,5,failure,0.9436370740811699,93.05332233980991,-45.87861668403282,4.118536872867475,5141.904319288835,no
62,services,single,basic.4y,unknown,no,yes,cellular,mar,thu,3468,26,18,3,nonexistent,-2.453836278302824,92.666200547574,-50.792127686411604,4.368807571920938,5221.834067102549,yes
68,blue-collar,married,basic.4y,no,no,unknown,telephone,apr,tue,2769,24,1,6,nonexistent,0.4537486061291449,94.79322063661456,-34.960303255853596,3.2062152935714203,5131.209091232659,yes
76,technician,single,high.school,no,yes,unknown,telephone,apr,fri,3232,26,21,1,nonexistent,0.5247517883264616,92.03887302028946,-39.43216678061891,4.907580920918785,5135.333562490054,yes
67,admin.,married,high.school,unknown,unknown,no,telephone,dec,mon,15,16,29,3,nonexistent,-0.6189798383303645,92.1811577338996,-42.80166127105603,3.042989038764037,5083.524091612891,yes
38,admin.,divorced,basic.4y,no,yes,unknown,telephone,jul,tue,492,25,24,5,failure,0.03148186880910813,93.6325230158854,-28.88633482577081,0.7195248382271889,5194.325160979602,no
29,admin.,married,basic.4y,yes,unknown,no,cellular,feb,tue,1449,6,18,5,success,0.9457153669414926,93.98756827924154,-27.413664369094743,2.640958110173231,4978.7833934372475,yes
45,technician,married,university.degree,yes,no,unknown,telephone,aug,mon,1131,6,3,5,nonexistent,1.3719884556289381,94.04074255918393,-28.559203267390874,2.3594873561432137,5054.668507485717,yes
78,blue-collar,married,basic.6y,unknown,no,no,telephone,nov,fri,2941,20,2,5,failure,-3.207665709755784,93.96927711058993,-38.845333332587046,1.4540091053830093,5039.422300225738,yes
29,management,single,high.school,unknown,yes,no,telephone,feb,thu,3521,29,22,0,failure,-2.1656179145827084,94.20808153812077,-33.98977576049985,2.9515674510881422,5068.859934873794,yes
50,services,single,basic.4y,unknown,unknown,unknown,cellular,jan,thu,310,24,3,5,failure,1.0859651731451865,94.08503575227242,-46.69939065993805,2.6010586437162972,5090.536334786151,no
37,blue-collar,divorced,basic.4y,yes,unknown,unknown,cellular,aug,wed,738,23,27,1,nonexistent,-1.8200832880324274,93.52873596692206,-28.074527459329886,1.3530950338409573,5216.48523945108,no
57,admin.,single,high.school,unknown,no,unknown,telephone,apr,thu,3241,12,13,1,success,-2.8888521329778603,93.31631857157328,-44.02012714438843,2.826844350943512,5208.12651618374,yes
66,self-employed,married,university.degree,unknown,yes,unknown,cellular,jun,thu,545,9,5,4,nonexistent,-1.8963229382822455,94.01676011956086,-46.19352972913279,4.27148640569751,5125.279753296238,no
38,technician,single,university.degree,no,no,no,cellular,jan,tue,2461,17,5,6,nonexistent,-0.9112202475500885,94.05052066318359,-49.362210265652834,2.8407243794714434,4968.856098513984,yes
77,technician,single,basic.4y,unknown,no,no,telephone,mar,wed,250,10,8,1,nonexistent,-1.546761985044664,92.9311399008187,-37.646125451121506,1.5566559753517941,5110.565232484692,no
69,services,married,basic.6y,yes,yes,unknown,cellular,jul,thu,758,8,4,0,nonexistent,0.3838549166175891,92.00827361493177,-28.131715406954974,3.6179100365499526,4981.71484095101,no
71,self-employed,divorced,basic.6y,yes,unknown,unknown,cellular,jul,tue,1804,24,6,4,nonexistent,-0.4670288589918883,92.88006178190216,-47.55944080824181,4.427115728057115,5058.748869112774,yes
56,management,single,basic.4y,unknown,unknown,yes,telephone,nov,wed,3212,9,12,0,nonexistent,-1.3124581295299413,93.49726697937075,-47.91215577554905,2.1185785844802933,5044.134832780313,no
58,blue-collar,divorced,high.school,yes,no,no,cellular,aug,tue,1297,7,999,2,nonexistent,1.3868538692633725,93.47310862217614,-44.28491658979306,0.912691895901851,5135.01745691744,no
66,self-employed,married,basic.6y,no,unknown,no,cellular,feb,mon,3487,25,23,4,failure,0.852506441684158,93.06362655489613,-34.897085957704434,4.625307605090777,4968.328943216549,yes
76,blue-collar,single,high.school,no,yes,unknown,telephone,jul,fri,1631,10,1,1,failure,0.738831543317149,94.61053068298882,-37.70725719755342,3.6017649860985728,5172.212209196956,no
59,blue-collar,divorced,high.school,unknown,unknown,yes,telephone,apr,fri,3810,24,19,1,nonexistent,-0.6771843160107576,93.33379305609571,-48.500653649302116,4.96233228275496,5182.188426411585,yes
53,management,divorced,high.school,unknown,unknown,unknown,cellular,jun,fri,1914,25,9,1,failure,0.34364166664556806,92.38933886309609,-40.229024228620524,3.655992925122202,4972.156255613804,yes
39,management,married,university.degree,no,no,no,telephone,apr,thu,3110,25,22,2,failure,-1.7877498283325777,92.54195553519732,-49.200318355442604,1.1465332293870232,4985.239430216491,yes
43,management,single,basic.6y,no,unknown,no,telephone,sep,fri,813,1,27,0,failure,-1.8167173619713581,92.26483881607368,-30.439506861670715,2.5058364491069756,5207.120291345464,yes
24,services,divorced,university.degree,unknown,yes,yes,cellular,jan,fri,28,19,5,1,nonexistent,0.8818548792057533,92.7511812247812,-48.24002847644069,0.7885977541306474,5126.527472493464,no
24,technician,divorced,basic.6y,yes,no,unknown,cellular,jan,wed,957,22,3,5,nonexistent,-0.5351999359388714,92.85323449044132,-39.535970348384204,2.102574871697505,5217.612209903708,no
25,admin.,divorced,basic.4y,unknown,yes,yes,telephone,may,wed,2032,28,7,3,success,-1.7507834067143946,92.93565766982434,-38.59992039931993,4.055290371691857,5084.634717052888,yes
79,management,divorced,high.school,unknown,unknown,unknown,telephone,may,wed,476,11,13,5,nonexistent,0.6575499710712447,94.34128721805016,-38.12998209291915,3.0447663707052626,5014.022895507824,no
43,technician,divorced,basic.6y,unknown,unknown,yes,telephone,nov,thu,317,23,28,6,nonexistent,-1.2757406878428161,94.14334050818357,-36.24119754133686,2.619340438671696,5061.511545569504,no
41,management,divorced,basic.6y,unknown,no,unknown,cellular,aug,fri,244,20,15,1,nonexistent,-1.4801157616225362,93.38910951109554,-34.03218014086915,4.3305087199128725,5209.318356389186,no
41,admin.,divorced,basic.4y,unknown,yes,unknown,cellular,jul,thu,747,10,14,4,nonexistent,-3.2743791584004476,93.24417504617534,-50.69584364146643,1.3792572955395066,4994.098880334876,yes
57,self-employed,divorced,university.degree,unknown,unknown,unknown,cellular,nov,thu,696,2,12,4,nonexistent,-0.14078789544114267,93.05867142827951,-50.06114661937485,2.9699436881648347,5199.588214837105,no
65,management,divorced,basic.6y,unknown,unknown,no,telephone,mar,thu,271,14,11,3,nonexistent,-0.8433162260049715,92.03798136030659,-36.18392163678097,3.4484832081771737,5103.717084855941,no
29,technician,divorced,basic.6y,yes,no,unknown,cellular,aug,thu,3511,12,6,6,nonexistent,-1.9032202230544055,94.57523547223082,-46.44680515701298,4.673369380891331,4982.129146996577,yes
64,services,single,university.degree,unknown,unknown,no,cellular,apr,thu,1771,4,14,6,failure,-2.7313531301562346,92.8161843092369,-30.918901772946857,1.320099277392437,5069.336354347038,yes
25,self-employed,married,university.degree,no,unknown,yes,telephone,mar,thu,1262,22,5,2,failure,-2.5244050037824333,94.35731182607775,-35.80247159021965,3.709423235472963,5027.939403819947,no
71,self-employed,married,basic.6y,unknown,unknown,unknown,cellular,feb,fri,2424,13,20,4,nonexistent,-2.320662329054742,94.07433591021018,-27.368422584366876,0.8016144846123497,5115.7617958247865,yes
26,self-employed,married,university.degree,yes,yes,no,telephone,sep,wed,265,20,20,2,success,0.7529770741646323,92.32034951476126,-33.400697459623764,3.095954689826744,5003.922944964101,yes
20,admin.,divorced,basic.4y,no,yes,yes,telephone,dec,tue,2973,28,13,2,nonexistent,-1.0929468794790096,92.87704767231442,-48.6319255438489,3.437949551209623,5212.56623434946,yes
71,technician,married,basic.4y,unknown,yes,unknown,telephone,jul,tue,920,10,26,3,nonexistent,-0.06161386686066507,93.35703060837588,-46.71367497323868,4.295660688156152,5019.483143936346,yes
38,blue-collar,divorced,high.school,unknown,unknown,yes,telephone,may,tue,3430,2,14,4,failure,-1.1856715778694549,92.73404841865035,-49.687481355539006,2.0248612267884356,5131.008779618995,yes
48,blue-collar,single,basic.6y,no,no,no,telephone,sep,mon,339,25,22,5,failure,-1.1260926920620402,93.12590749828486,-33.08589681175845,3.6654510025570333,5183.465684254559,yes
65,blue-collar,married,basic.4y,unknown,no,no,cellular,mar,wed,388,17,10,6,success,0.546309799429655,92.79080364864603,-47.76892348907968,1.007859246729333,5121.214680432137,no
64,services,single,basic.4y,yes,no,unknown,telephone,jun,fri,2624,10,21,1,nonexistent,0.3015523051536716,93.78001357998886,-34.93595690506389,1.5792399561682806,5136.996617526112,yes
41,management,single,basic.4y,unknown,yes,no,telephone,aug,thu,3760,23,3,5,failure,-2.285736754466866,93.00985039893935,-37.52599391205305,4.00336802469632,5071.865539870766,yes
21,management,divorced,high.school,yes,yes,no,telephone,sep,tue,2050,16,22,5,nonexistent,-0.3965449149335026,92.96963084567112,-35.664186389218045,4.5276727920877,4990.536822324753,yes
37,management,married,university.degree,unknown,yes,yes,telephone,apr,wed,3500,9,4,5,failure,-0.13509656724115565,92.7604015056879,-38.64278943557945,0.6714954400632165,4998.336086292327,yes
78,services,single,high.school,no,yes,unknown,cellular,jan,fri,1165,19,22,6,failure,-1.4569434619988153,94.24427199333631,-50.48861380948588,1.332281075692578,5149.321221720149,no
33,blue-collar,married,high.school,yes,unknown,unknown,cellular,aug,tue,375,11,22,2,nonexistent,-3.0720075647092435,93.8086166012186,-44.74808799002401,1.5247127140644003,5174.470927832363,no
27,self-employed,single,high.school,unknown,no,unknown,cellular,oct,wed,3741,6,26,2,nonexistent,-1.61725677405215,94.01870147849154,-29.64893410218125,2.8853088757805256,5186.386670116591,yes
60,management,single,high.school,unknown,no,yes,cellular,mar,fri,2033,25,1,4,failure,-1.6801350530629027,93.10282486676458,-28.590481220973682,1.2783845670957847,5059.543709763084,yes
43,self-employed,divorced,basic.6y,no,yes,no,telephone,jun,wed,2371,25,27,4,nonexistent,-0.08497801093482792,94.35052432985601,-48.47668605854865,4.894680912730104,5219.862007656276,yes
46,self-employed,married,basic.6y,no,no,unknown,telephone,apr,thu,145,4,19,5,nonexistent,0.4856855115815138,93.1658485623888,-28.032174107134747,2.3065933018886455,5133.307593998548,no
22,services,divorced,basic.4y,yes,no,unknown,telephone,jun,wed,1981,16,14,3,failure,-1.4991243667183176,92.4941920111736,-34.774427362613125,1.2283977049683117,5004.217489741964,yes
28,services,divorced,high.school,yes,yes,yes,cellular,dec,wed,292,12,9,0,nonexistent,-0.3005619835569931,93.42985580099237,-28.750873989299407,4.006627989227454,4981.410871173259,no
46,technician,divorced,high.school,yes,yes,yes,telephone,mar,mon,3736,24,3,5,failure,-0.3143940240336083,93.24574634718427,-41.21218187985803,3.071970406233294,5107.726191077297,yes
62,management,divorced,basic.4y,unknown,yes,unknown,cellular,jul,thu,431,24,28,5,nonexistent,-0.2888552728815448,92.25687116233576,-48.36829348275917,4.622050648414309,5159.614084550683,no
32,blue-collar,divorced,university.degree,unknown,yes,unknown,telephone,feb,wed,704,27,22,6,nonexistent,-0.7393167799646887,93.85548514454834,-43.57136699197986,4.716625134726754,4968.377879166705,no
23,admin.,single,basic.6y,yes,unknown,yes,telephone,may,thu,2996,16,7,6,failure,-0.3797623535689857,94.27358813727648,-34.31661173898096,4.365901252636615,4969.568838094935,yes
65,services,married,high.school,unknown,no,yes,cellular,mar,wed,1998,23,10,0,nonexistent,0.7648997547588251,92.99724346911304,-31.794206176315946,3.08309856606321,5116.558630635762,yes
32,self-employed,married,university.degree,no,unknown,yes,telephone,may,thu,2632,22,16,6,nonexistent,1.024778943869399,94.1257973458423,-49.60207743828226,1.5794432591676992,5225.422986464818,yes
60,technician,divorced,university.degree,unknown,no,yes,telephone,mar,fri,398,3,6,0,failure,-2.9593627249694188,93.64038697182012,-39.16185508489041,2.4857615256656023,5158.677586265507,no
37,admin.,married,high.school,yes,unknown,no,telephone,sep,tue,2864,12,10,2,nonexistent,-3.343587646928478,92.7643960293217,-49.26163581757728,2.723207582854156,5003.688593610209,yes
51,services,single,high.school,unknown,yes,no,telephone,aug,mon,3960,15,21,3,nonexistent,-0.9092040919586022,92.96313513181086,-30.159642028964626,4.892306510889858,4986.665421515255,yes
77,technician,divorced,university.degree,no,unknown,unknown,telephone,feb,tue,3415,20,9,6,nonexistent,-1.41850067197821,94.64915112876119,-39.41550208785179,1.7114887061445814,5178.9913829826455,yes
77,self-employed,single,basic.6y,yes,yes,no,cellular,aug,wed,963,12,999,0,failure,-1.234386687878489,92.60421129026409,-28.93575835255109,2.512797297821513,5177.786083365594,yes
79,management,single,basic.6y,yes,yes,yes,telephone,aug,wed,3211,9,29,5,failure,-1.1991750382992978,92.42537287976019,-48.92196637176926,3.0743135267075,5084.433430514374,yes
19,technician,divorced,high.school,yes,unknown,unknown,telephone,oct,fri,2234,10,29,4,failure,0.896905239345825,92.21187972023202,-42.9017673638468,2.3209979773646485,4973.0540409342375,yes
61,services,single,high.school,yes,no,yes,cellular,mar,wed,2041,23,7,6,nonexistent,-0.3441900796602946,94.45164013571541,-34.63073144859385,1.1307314547475276,5166.274828163318,yes
33,management,divorced,basic.4y,unknown,unknown,no,telephone,oct,thu,1828,27,4,5,failure,-1.2767676384388251,93.88193789279757,-43.78329266362211,4.517943432303774,5072.560473113897,yes
36,self-employed,single,basic.4y,no,yes,yes,telephone,may,tue,2108,8,12,6,nonexistent,-1.2170429928022664,92.32666238019792,-30.686750885372543,4.125334246328892,5179.5361815887545,yes
51,blue-collar,married,basic.6y,unknown,yes,unknown,telephone,feb,wed,938,13,6,2,nonexistent,0.6536126139127209,94.14383908078446,-27.214674611365375,1.7285806440203262,5001.71577461623,no
66,technician,married,basic.4y,unknown,no,no,telephone,oct,fri,3451,22,23,2,nonexistent,-2.3581300992400664,93.76235660415585,-44.078851576485796,2.5688968937856096,5086.130458344204,yes
31,admin.,married,university.degree,yes,no,unknown,telephone,jun,mon,709,15,22,5,failure,-3.3292168358355676,94.76140029889113,-42.17023903740407,3.8351366317579125,5102.829744580181,no
41,self-employed,divorced,university.degree,no,no,no,telephone,feb,tue,806,28,10,6,failure,-1.1047965604072765,93.4319675843087,-27.680441602300295,4.883710558997059,5061.3652971911615,no
45,management,single,university.degree,unknown,yes,yes,cellular,apr,fri,1463,17,11,4,nonexistent,1.2102606028010465,93.44597452325283,-42.242339552306326,1.3370523929501126,5225.438361478771,yes
65,self-employed,single,university.degree,no,unknown,unknown,cellular,mar,fri,3390,27,13,3,nonexistent,0.508985793037606,92.6979491131658,-37.51192233156424,3.4071400387819897,5165.384960403205,yes
49,management,married,high.school,no,no,no,telephone,jan,tue,1325,12,11,3,failure,-1.4397029245717945,92.5345866828262,-32.415124176998106,4.197225675298635,5183.17404501702,no
54,self-employed,married,university.degree,no,yes,no,telephone,aug,fri,3415,16,25,0,nonexistent,-2.5595243635788676,94.053892865861,-40.323560370658456,0.7139755898963388,5027.3619900422145,yes
27,blue-collar,divorced,basic.6y,no,unknown,no,telephone,aug,mon,10,25,27,4,success,-0.663350897243973,93.04345218835203,-41.89467001589077,4.168341235975178,5065.344506899802,yes
66,technician,divorced,basic.4y,unknown,no,no,telephone,jan,mon,1085,11,28,1,nonexistent,0.8225819045931453,94.02825543022897,-38.95543852898559,4.075568015569942,4992.899882792919,no
62,admin.,single,basic.6y,no,unknown,yes,telephone,dec,wed,1868,19,999,3,nonexistent,0.04291311581909301,94.16843594330602,-32.1694747953874,4.66332242171753,5227.65298346626,yes
65,blue-collar,divorced,high.school,unknown,unknown,yes,cellular,jun,thu,2273,29,5,0,nonexistent,-0.8070389297030651,94.52921381830706,-43.339321574531766,0.9714635067414685,5031.735922885604,yes
26,technician,divorced,basic.4y,no,yes,no,telephone,dec,wed,3224,13,26,2,nonexistent,0.12740729529459105,93.19682716226116,-42.415700818867656,1.146863784153313,4990.204364419867,yes
41,admin.,divorced,basic.4y,no,yes,yes,cellular,jan,thu,3782,3,10,3,success,1.2303424721894203,92.26835545786844,-46.27957063908189,2.8822072965308974,5017.880840611248,yes
53,self-employed,married,basic.4y,unknown,yes,yes,telephone,sep,tue,2611,25,10,1,nonexistent,-0.7470711565465195,92.0608212750254,-34.031341748021646,4.435150744915742,5114.776685169763,yes
73,admin.,married,university.degree,yes,unknown,no,cellular,jan,fri,771,4,11,2,failure,-0.734329863345366,92.81726700234577,-29.303133790180254,4.447846508477268,5052.384284510449,no
46,services,single,high.school,unknown,no,yes,cellular,mar,wed,1594,24,999,2,nonexistent,-1.1027040695846066,94.61093556892331,-46.36081589049099,3.680280524183557,5006.967407106719,yes
77,admin.,divorced,basic.6y,no,no,unknown,cellular,sep,fri,1607,15,19,6,nonexistent,-0.6802577085908578,94.09383890954757,-49.973310064175315,2.5744649000090587,5087.47097580364,yes
46,technician,married,university.degree,unknown,no,unknown,cellular,jan,wed,3731,14,19,4,nonexistent,-0.3512213032495005,93.56561695267048,-41.687631267412556,1.6169902380760948,5140.938776961302,yes
75,blue-collar,divorced,basic.4y,no,yes,yes,telephone,feb,wed,3932,28,23,4,nonexistent,-2.419459950877135,92.67092492187743,-40.99730111700132,2.6885935640834977,5139.433324969314,yes
65,blue-collar,single,basic.6y,unknown,no,no,telephone,apr,mon,3646,11,5,5,success,-0.6734598703449324,93.99593517969306,-35.36386170992942,1.5550827946643806,4967.500188574837,yes
40,services,divorced,basic.6y,unknown,no,unknown,telephone,jul,thu,1333,28,28,3,nonexistent,-3.3354047547799524,94.07437305534849,-48.75437512418253,4.00128664553141,5163.4063712316165,no
44,technician,single,basic.6y,unknown,yes,yes,telephone,aug,tue,884,13,29,1,nonexistent,1.1020608650731807,92.64524877195237,-31.166188103775884,2.4546312285700402,5027.387340456883,no
48,admin.,single,high.school,yes,no,yes,telephone,jan,fri,3314,20,22,4,nonexistent,-3.2183713805966905,93.98275070028069,-37.08171530943352,2.9731932597237742,5207.515021654847,yes
60,services,married,university.degree,unknown,no,no,cellular,jan,wed,3564,18,12,0,nonexistent,1.199134832457552,92.33665308447785,-37.75129504166268,3.596107129843785,5000.227777221317,yes
24,self-employed,divorced,high.school,unknown,no,no,telephone,may,fri,1389,13,29,2,nonexistent,1.2511652831593831,92.28470960791526,-43.23892349421173,2.916274281729338,5069.253569594645,yes
66,management,married,basic.4y,yes,unknown,yes,cellular,aug,mon,3401,21,29,0,failure,-0.8714068961116178,92.15465196246538,-42.07010643610304,3.923354397368133,5046.179710875906,yes
71,self-employed,divorced,basic.4y,yes,unknown,no,telephone,jan,tue,3178,27,11,2,nonexistent,-1.8043927366886836,94.26855598333056,-49.475288712231496,4.058674478881639,5093.566500246941,yes
62,technician,divorced,basic.6y,no,yes,unknown,cellular,mar,thu,225,19,29,0,nonexistent,-2.512236560096309,92.7577117631927,-32.78526081624733,1.6680314403616099,5046.542577031016,no
21,services,single,basic.6y,no,yes,unknown,telephone,jun,thu,824,4,9,2,nonexistent,-2.621561462221278,93.691693071079,-36.346796134129484,1.9118163711536929,5167.5924815854505,no
31,blue-collar,single,basic.6y,unknown,unknown,yes,cellular,jan,wed,2265,12,22,4,success,-2.2579170905442467,92.4045523673585,-27.463358669903826,0.8610132531448664,5064.632526654467,yes
59,services,divorced,high.school,no,yes,yes,cellular,mar,tue,936,3,6,0,nonexistent,-1.1142087197010422,93.23879186808959,-42.349873634733335,0.9924583484313818,5056.209975372751,no
59,management,married,university.degree,unknown,yes,no,telephone,dec,thu,2800,16,9,3,nonexistent,0.16591106490144134,92.07756313809597,-34.87677519820395,4.249694834900601,5220.492933348262,yes
27,technician,single,high.school,yes,no,unknown,cellular,jan,tue,2553,1,17,3,nonexistent,-1.4860979774264975,94.40786480853241,-28.822867398310834,1.5415985806223125,5070.31338848365,yes
76,services,single,basic.4y,yes,yes,no,cellular,apr,fri,2306,4,5,1,nonexistent,0.3488579932483924,93.51129568306108,-33.79082675084686,4.272519521581344,4997.993177710291,yes
61,self-employed,divorced,basic.6y,unknown,yes,yes,telephone,sep,mon,1911,9,23,1,nonexistent,-0.6899864943049007,94.49342887951525,-49.8365784597786,4.937864213051761,5034.487044223697,yes
51,admin.,divorced,basic.6y,no,no,yes,cellular,may,tue,3845,23,7,6,nonexistent,-3.3074705167054277,93.30979364541238,-35.68954041916051,1.6683715949472309,5154.944702225469,yes
43,self-employed,single,high.school,no,no,yes,cellular,mar,tue,3588,13,19,5,failure,-2.7674008745896215,92.88571681997739,-37.765154758601135,2.625642545469512,5032.860732402725,yes
40,technician,married,basic.4y,no,unknown,yes,telephone,oct,thu,1796,22,22,1,nonexistent,-0.6532015855921508,93.12224696094391,-38.86641121470637,2.963070209272936,5143.590017876558,yes
26,services,single,university.degree,unknown,yes,yes,cellular,jul,wed,53,10,8,0,failure,-2.626405242697417,92.68277959046742,-37.58224917375898,4.748401340466146,5205.571748044856,no
78,self-employed,divorced,basic.6y,no,no,yes,cellular,jun,wed,3118,9,15,2,nonexistent,-0.48010382212626174,94.47957423158462,-39.79247673855824,1.385972709767247,5062.5503098922145,yes
54,services,single,basic.6y,yes,yes,no,cellular,nov,fri,726,20,23,5,nonexistent,-1.2626528140948448,92.82772625392822,-34.26520963981502,4.278313330897928,5014.555293973573,yes
25,self-employed,divorced,basic.4y,yes,yes,no,cellular,sep,thu,2736,6,1,1,nonexistent,-0.08760524525213163,92.8181806694667,-50.44358162305637,4.814242035745597,5153.193522365512,yes
70,technician,single,basic.6y,yes,unknown,no,telephone,apr,thu,1544,19,28,4,nonexistent,-2.001102118710834,93.76853228558872,-46.29342287034411,3.03943291691026,5079.394686973031,yes
31,blue-collar,divorced,university.degree,yes,unknown,unknown,telephone,apr,mon,3170,3,10,3,failure,0.543800960248184,92.34364107685204,-42.06728347247043,1.2705296454743351,4975.806243948567,yes
24,self-employed,divorced,high.school,yes,unknown,no,telephone,sep,wed,1043,10,23,3,nonexistent,-1.5333554159954965,92.61370282473325,-39.98125224035519,2.068740011611964,5116.601146208224,no
24,admin.,married,basic.4y,yes,unknown,yes,telephone,feb,thu,1913,10,18,4,nonexistent,0.423910274650124,93.2037247531946,-47.68137628274538,4.820009606300651,5117.134539662504,yes
26,self-employed,divorced,basic.6y,yes,unknown,no,telephone,oct,fri,1776,24,3,3,nonexistent,-3.3070201771245697,92.51130636613031,-31.198511136381008,1.34018203067731,5143.911267124093,yes
20,technician,single,basic.6y,yes,no,no,telephone,feb,mon,1596,21,2,0,success,-1.5131963250447915,92.72050973544604,-28.5875462228692,2.74558411778568,5158.077786690335,yes
31,self-employed,divorced,university.degree,yes,unknown,unknown,cellular,sep,wed,1914,24,14,6,nonexistent,-2.3430955273049845,93.95979817604832,-32.84594980426925,1.4353820156707493,5134.367099083323,yes
34,admin.,single,high.school,unknown,no,yes,cellular,jul,wed,3561,25,7,4,success,-1.2703344703578086,92.78355504242607,-28.601248644943546,4.578151172882947,5053.081691053275,yes
67,admin.,married,university.degree,unknown,unknown,unknown,cellular,may,wed,2466,2,3,6,nonexistent,1.1446877606133659,93.78414912109272,-33.037009195217585,3.197918095918921,5184.558249344129,yes
61,technician,single,high.school,yes,no,unknown,telephone,may,mon,2737,13,10,0,nonexistent,-2.6370051444035156,93.38434003247264,-40.25876115057445,4.662727962493357,5210.980905862044,yes
39,services,married,university.degree,yes,yes,unknown,telephone,sep,fri,849,7,16,5,nonexistent,-2.9776178707227023,94.14934851080837,-41.40412193665316,4.763148619541511,5043.50557826572,no
63,self-employed,married,high.school,yes,unknown,no,cellular,oct,fri,2109,29,8,6,nonexistent,-3.119218440504639,94.10202326672935,-46.82305477267728,2.751461935680179,5038.144680420466,yes
43,blue-collar,divorced,basic.6y,no,no,yes,cellular,may,thu,3216,13,24,3,nonexistent,-2.807872120845413,92.55313266259729,-48.733915719400414,4.723251337813564,5099.289662316166,yes
75,admin.,married,basic.6y,unknown,unknown,yes,telephone,sep,thu,2263,14,999,4,nonexistent,-3.102603168665844,94.64107216340969,-45.55112305912317,0.6031161068413649,5224.33546281956,no
45,admin.,single,basic.6y,yes,no,unknown,cellular,aug,wed,2,28,7,4,success,-0.11325740168778611,94.24617972751321,-38.08195599960192,1.4452665394928792,5006.809293849043,no
62,self-employed,married,basic.4y,unknown,no,yes,telephone,jun,tue,159,18,1,5,failure,-2.83647157552799,93.4913236680887,-47.574763088398846,3.829592997282623,5094.51408548966,no
31,services,married,high.school,yes,unknown,yes,cellular,may,thu,3810,14,22,5,failure,-2.4522884204470654,93.56732243574663,-28.067191249749648,2.916548142601138,5014.9696190466775,yes
26,self-employed,divorced,basic.4y,no,no,unknown,telephone,may,fri,780,23,12,5,nonexistent,-0.30145144384555567,94.3207425078147,-45.57779127647024,4.960188622593274,5072.01604081076,yes
68,technician,single,high.school,yes,yes,no,cellular,may,wed,3191,27,999,4,nonexistent,-1.2584421598715243,93.35562676080407,-30.876209651710266,4.050845044123311,5063.8108454923495,yes
43,blue-collar,married,basic.6y,unknown,unknown,unknown,telephone,jan,fri,892,13,21,3,nonexistent,-3.137609106010727,93.3397639945795,-31.230226787723485,3.522150828166247,5114.598598000003,no
19,self-employed,divorced,basic.4y,unknown,yes,unknown,cellular,nov,wed,2030,19,9,3,failure,1.2592357482855525,93.7645169639091,-47.425228441767636,4.6135421558448915,4972.761149513552,yes
28,admin.,divorced,basic.4y,unknown,no,no,telephone,may,mon,3160,8,11,3,success,-0.5203310305288957,92.24726252022569,-33.81324594186465,2.083684429371186,5177.118541492011,yes
34,admin.,single,university.degree,unknown,no,no,cellular,mar,thu,2376,4,26,1,nonexistent,-0.45380059389138855,93.6299923910526,-31.103679298047208,1.3373469981838164,5151.220092346419,yes
51,technician,divorced,high.school,yes,unknown,no,cellular,jun,mon,579,9,10,1,nonexistent,0.6923982671066315,92.62694240936783,-29.665532053513388,3.007151384056468,5228.058157533205,no
36,services,married,university.degree,no,yes,no,cellular,sep,thu,1933,12,9,6,nonexistent,0.9636484438075302,92.32677202786137,-27.999887460058545,1.6492857686772986,5031.243729667493,yes
56,self-employed,divorced,basic.4y,no,yes,unknown,telephone,dec,fri,1380,20,13,2,nonexistent,-3.125966281063497,94.28316005154538,-28.570527199501093,1.6224973977300252,5193.132884638127,yes
35,management,single,basic.4y,yes,unknown,no,cellular,mar,fri,3681,2,13,6,nonexistent,-3.0719377499600764,93.0690870066037,-43.36382432526823,1.9477234682847748,5125.038002991972,yes
30,services,single,basic.6y,yes,yes,yes,cellular,jan,tue,1290,29,7,4,nonexistent,0.32744442387310124,93.40788012855089,-44.40302287559301,3.57061043071362,5024.696382764896,no
22,admin.,divorced,university.degree,unknown,unknown,unknown,telephone,aug,fri,1640,4,10,6,failure,-0.05999353349212381,92.82167953358552,-41.29902305057362,0.703796552527973,5041.817185599053,yes
67,self-employed,married,university.degree,yes,unknown,unknown,cellular,dec,wed,951,21,21,3,nonexistent,-2.3593004333930714,92.08653687229734,-39.686350190749664,4.339949191155285,4968.995662778653,yes
40,admin.,divorced,university.degree,no,no,no,cellular,sep,tue,3394,24,8,4,nonexistent,-1.8581102254561628,93.23869710189778,-45.21014809553975,3.293005732399884,5054.466638518258,yes
75,blue-collar,single,high.school,yes,no,no,cellular,oct,wed,2682,19,14,5,success,-0.46700344241179065,94.10073038602272,-48.74261161501993,1.9395990438969977,5201.496098313467,yes
73,services,divorced,basic.4y,yes,yes,yes,cellular,apr,tue,987,9,26,0,nonexistent,0.38715458663407365,94.12332663215479,-35.10758449300735,1.0976599647382403,4983.499737713816,yes
41,management,divorced,university.degree,no,unknown,no,cellular,oct,wed,3612,9,999,0,nonexistent,-0.5048492055383534,94.58172816975026,-46.63564525797449,4.076108077597812,5209.078234375626,yes
46,blue-collar,married,basic.6y,no,unknown,unknown,cellular,may,tue,3720,11,24,3,nonexistent,0.40144930846409727,94.35312978016069,-28.933897598763735,2.520307825068767,5064.005605859787,yes
65,management,divorced,basic.4y,yes,unknown,no,cellular,mar,thu,1218,10,18,1,nonexistent,-2.3026333957483565,94.75053340051413,-43.924333205718106,2.5153461622832447,5159.559011922579,yes
64,blue-collar,married,basic.6y,unknown,unknown,yes,telephone,aug,thu,920,3,17,6,nonexistent,-1.8106509930265926,93.60055984908243,-46.075298842419016,2.6690148650672656,5137.785336082435,yes
25,services,divorced,basic.4y,unknown,no,unknown,cellular,mar,tue,2785,8,11,2,failure,-2.912208994236302,92.14262167767127,-46.159620157334935,2.4213778237148484,5141.471213255871,yes
43,admin.,divorced,basic.6y,unknown,yes,unknown,telephone,apr,mon,1355,22,7,6,nonexistent,1.3271092735712329,94.41750785109149,-43.88170299746309,2.858497870759539,5108.636824934675,yes
32,management,married,university.degree,no,no,no,cellular,oct,tue,169,11,25,1,nonexistent,0.48315322969371205,94.66569728076624,-36.169237635053264,3.3748703017818698,5086.408712774209,no
74,services,married,university.degree,no,unknown,yes,telephone,dec,mon,520,6,4,4,nonexistent,0.03578264466061377,93.29968437465189,-27.4182239596832,2.496454920081929,5209.128462640034,no
18,management,single,basic.6y,unknown,yes,yes,telephone,jul,wed,1486,18,12,1,nonexistent,-2.4649001682436404,92.3190219392257,-39.17818178677559,4.880332687865144,5143.469622048856,no
45,services,married,high.school,yes,yes,no,cellular,feb,tue,39,8,16,3,failure,-0.046317413341281935,92.0689466748458,-36.467696180162974,2.349425933648783,5126.164342640375,no
66,blue-collar,divorced,basic.6y,yes,unknown,unknown,telephone,jan,mon,1560,23,999,5,failure,0.7395813538467846,93.71782849199062,-30.66187464249769,1.5435342028783259,5074.225605027899,yes
79,services,single,basic.4y,yes,unknown,unknown,cellular,apr,tue,3332,2,1,5,nonexistent,0.48967473604809525,93.86934625437708,-42.81650507292042,4.912465552746771,5023.133470944058,yes
64,blue-collar,married,basic.6y,no,no,unknown,telephone,aug,thu,1418,20,6,1,failure,0.22248977354498148,92.04540278280741,-46.50094752672708,1.9028844588349993,4964.0814317111335,no
63,admin.,married,basic.6y,no,no,no,telephone,jan,thu,954,5,1,0,nonexistent,-1.5416465258714318,94.65793063677103,-40.43631503274332,3.331558327929172,5223.000217204535,yes
31,blue-collar,single,basic.4y,unknown,unknown,unknown,telephone,oct,tue,3297,25,24,3,success,0.2814282857779186,93.51826353036641,-43.18324513494359,4.245839199907446,5163.660854939925,yes
59,technician,divorced,university.degree,yes,unknown,unknown,telephone,mar,tue,983,10,21,6,nonexistent,-1.0740514122914537,93.71436687067306,-30.099499975754583,0.6174008927855285,5226.510619135302,no
51,admin.,divorced,basic.4y,no,no,no,cellular,apr,fri,3195,18,3,3,success,-1.4582773256863168,93.57962171612826,-27.427237674263036,1.8444665478360274,5167.315927427996,yes
76,self-employed,single,basic.6y,no,yes,unknown,cellular,apr,thu,974,12,27,6,failure,1.2309551349992292,92.88741966543944,-34.34922869922797,2.940001235585454,4975.64168711871,no
48,self-employed,divorced,basic.4y,unknown,yes,no,telephone,mar,wed,37,28,12,3,nonexistent,-2.6959845265812374,94.52162874612804,-35.17511783940231,2.6058804922148675,5081.061166862831,no
23,services,married,basic.6y,yes,yes,yes,telephone,mar,tue,2375,23,13,1,nonexistent,0.7506509736087194,92.01066744698221,-33.730114022371886,0.9203084281727689,4994.489055006664,yes
79,services,divorced,university.degree,no,no,yes,cellular,jul,fri,1274,21,19,0,success,-1.8539186347615964,94.0921416421889,-39.62278640052608,2.5670480172758245,5175.535819623279,yes
66,technician,married,basic.6y,no,unknown,no,telephone,aug,tue,3972,2,2,1,failure,-0.921218814366718,93.0103266739211,-35.77181106966481,1.0661786649669236,5012.792212277701,yes
22,services,divorced,basic.6y,no,yes,no,telephone,oct,thu,1199,10,8,4,nonexistent,-1.6579072649945903,92.53262664254228,-49.09686207836814,1.6994267478734075,5137.551697812812,no
48,admin.,married,university.degree,no,unknown,no,cellular,apr,mon,1625,12,17,5,failure,-0.9846519481497881,93.22109734055007,-39.0065716964578,3.894667530564614,5137.785234498248,no
54,admin.,single,basic.4y,yes,no,unknown,telephone,nov,mon,913,19,24,2,nonexistent,0.5283323047825316,92.55449776774378,-42.85643777328424,1.3857154445862787,5132.585071067918,yes
32,blue-collar,married,high.school,unknown,no,unknown,telephone,nov,thu,453,5,15,2,nonexistent,-2.521536596177303,94.43272607133055,-49.52898977653836,3.5272332984585426,5195.924767162707,no
32,management,divorced,high.school,yes,unknown,no,telephone,aug,wed,36,10,18,5,nonexistent,0.22300667696779822,94.22769693750637,-37.77984624296819,4.880892896855973,5155.560827869979,no
69,services,married,basic.6y,unknown,unknown,no,cellular,aug,fri,3387,1,19,2,nonexistent,-1.2597329348790296,94.39959111402403,-42.18987019867133,1.6867259858792907,5050.220914636646,yes
60,technician,divorced,basic.6y,no,unknown,unknown,telephone,jun,tue,1711,7,8,5,failure,1.0877612108123509,94.34043852382281,-36.68432886994334,1.742007831879634,5046.862699686945,yes
22,self-employed,divorced,university.degree,yes,unknown,unknown,telephone,jan,tue,3020,1,18,4,nonexistent,-0.7744607297772766,94.30947842212844,-38.534996368147596,4.793606711206058,4969.496597940356,yes
45,admin.,married,basic.4y,unknown,yes,no,cellular,jul,tue,795,22,5,4,failure,-3.2013980752772957,93.62798619845768,-44.198350212073066,3.5266116980659734,5203.841561862026,no
50,admin.,divorced,high.school,unknown,unknown,unknown,cellular,jul,fri,972,28,11,4,nonexistent,0.9689892505880168,94.52550604793693,-37.89439542680478,3.9884572379253904,4990.969667241414,no
28,admin.,single,high.school,no,yes,unknown,cellular,may,fri,592,22,14,0,nonexistent,1.0375665019278282,92.16561902369892,-41.74729873233183,4.082659570781181,5090.327584240825,no
60,management,divorced,university.degree,unknown,no,yes,cellular,jun,thu,1137,17,20,3,nonexistent,-2.536377489424604,92.80044921681444,-28.785325785898053,3.8113754746103505,5098.0983260068915,yes
23,management,single,university.degree,unknown,yes,no,cellular,sep,fri,3111,12,5,5,nonexistent,1.2687795784305507,92.59517997722399,-41.822364071166255,4.897909416033207,5082.054239535204,yes
40,services,single,high.school,unknown,unknown,no,telephone,mar,tue,1324,7,4,6,nonexistent,-1.2601624867777166,92.3390251666581,-49.84041710610157,1.808879735164059,5115.497747342763,yes
57,self-employed,divorced,basic.4y,no,yes,unknown,telephone,dec,tue,2271,8,28,4,nonexistent,0.989214611489348,92.01778202438662,-32.55061120703325,2.8808255063292663,5156.487536528339,yes
19,technician,single,basic.4y,yes,no,yes,telephone,apr,fri,317,3,13,2,nonexistent,-1.6524254681661221,93.1274044806923,-27.767966997334906,3.521945085526004,5015.504166145694,no
32,management,single,basic.4y,no,unknown,no,telephone,sep,fri,2396,15,26,5,nonexistent,-3.2911182380481407,94.02720259028948,-46.751726699606415,3.7119489862602646,4983.093243879686,no
40,blue-collar,married,basic.6y,unknown,no,no,telephone,oct,thu,2162,12,18,6,nonexistent,0.4160983382669787,93.8056812744858,-27.55047744080827,1.4454817881756648,5190.3876460122165,yes
39,management,single,basic.4y,unknown,no,unknown,cellular,dec,mon,2745,26,17,6,nonexistent,0.8518938781192291,93.82292982414195,-36.04906681311678,4.45223221234776,5094.4696434980615,yes
26,admin.,single,basic.6y,yes,unknown,no,cellular,feb,fri,1346,17,25,2,failure,-2.618518459798928,94.48673925548775,-30.547478867524635,4.184877467426107,4997.285955832358,yes
64,technician,single,basic.6y,unknown,yes,unknown,cellular,sep,mon,1591,2,12,5,success,-0.7408914988133881,94.68058825957748,-39.49780147544273,1.7623414875387358,5141.363308992526,yes
57,services,single,university.degree,yes,no,yes,cellular,may,wed,3111,17,8,5,nonexistent,0.5914796204281138,93.90565603104805,-35.92173420377073,2.993451433625951,5022.604062807608,yes
47,management,single,basic.6y,unknown,unknown,yes,telephone,mar,mon,1889,25,19,1,nonexistent,-1.1845803364802303,92.23778714026545,-30.69871711037709,1.8967193174884993,4985.243076259354,yes
33,admin.,divorced,basic.6y,unknown,no,no,cellular,aug,fri,2087,4,25,6,nonexistent,0.38415618265824364,93.89476911711017,-27.311078932499132,2.2099051894296284,5038.340196174553,yes
76,blue-collar,single,university.degree,no,yes,unknown,telephone,sep,tue,3930,7,27,3,success,-0.33715220515769107,93.55336993689318,-46.38334492358926,2.947704397226519,5042.1287280431425,yes
63,blue-collar,divorced,basic.4y,no,no,yes,telephone,jan,tue,1996,15,21,4,nonexistent,0.05950605681632566,92.18031931634687,-29.319955770236493,2.9737261505827965,5193.301551486195,yes
64,services,divorced,basic.4y,yes,no,no,cellular,may,fri,1772,21,24,3,nonexistent,1.010316133416404,92.71992645235788,-34.852201605459975,2.9410589000392267,5044.894206292421,yes
69,services,divorced,high.school,no,no,no,telephone,sep,thu,1312,25,20,4,nonexistent,-1.3992478960037,92.66556040410657,-28.170018748988706,2.99474004532257,5169.979517032093,yes
47,management,married,high.school,yes,no,no,cellular,nov,fri,1285,16,6,2,nonexistent,0.3006794921964241,94.16385671214782,-43.19724732666055,3.3989750147661653,5116.278055513863,no
62,services,married,basic.6y,no,yes,unknown,cellular,feb,fri,215,25,27,3,nonexistent,0.02088099477744919,92.96657954638484,-45.00200482125338,0.6691103285325066,4988.647211280446,no
26,self-employed,divorced,high.school,yes,unknown,unknown,cellular,jan,thu,3218,6,29,3,failure,-1.2928528005023456,93.40186036852091,-42.06398927220157,1.215218559787713,5004.985276439126,yes
18,self-employed,married,university.degree,unknown,no,yes,cellular,aug,thu,2383,5,20,4,nonexistent,-1.5703651203076225,94.20003129039674,-29.66046660000593,2.669219794239521,4984.790588609923,yes
76,admin.,single,high.school,yes,yes,unknown,cellular,jun,wed,3239,26,11,4,nonexistent,0.8305024024742637,94.62223959824274,-39.81477848057344,3.7169181903031996,5069.793602751735,yes
55,admin.,divorced,high.school,no,no,unknown,telephone,feb,wed,2139,16,8,6,nonexistent,-2.417250403173834,93.50699937562129,-28.059731259257433,2.840775940090897,5220.135594290438,yes
25,admin.,divorced,basic.6y,yes,no,no,telephone,mar,wed,2400,1,1,3,nonexistent,-1.8711658933367783,93.55483121598834,-45.00807173945666,3.3673465709418173,5011.420844430578,yes
76,self-employed,divorced,university.degree,no,no,no,telephone,may,thu,2618,15,2,5,success,1.277513631546687,92.26842550505678,-45.52904194127002,4.871055276440889,5054.084676641887,yes
76,management,married,high.school,unknown,yes,yes,cellular,jan,mon,3642,20,4,4,nonexistent,-2.0686442074919196,93.38409022028492,-34.58610424422456,3.812289538821199,5180.493768966317,yes
69,management,married,basic.4y,no,no,no,telephone,feb,fri,2863,5,17,3,failure,0.787886872417443,93.9221067652159,-43.82924579550507,4.735413296499092,5195.246279251885,yes
35,services,married,university.degree,unknown,no,no,telephone,nov,wed,1704,13,27,1,nonexistent,-1.6171466370344552,92.52934540128028,-47.71319932134636,0.6836241708914071,5158.107263142662,no
44,management,single,university.degree,unknown,unknown,no,telephone,dec,mon,2828,14,13,3,nonexistent,-0.7542225731417378,92.31153245009345,-41.81507390771138,2.5674977014618197,5087.14389360882,yes
35,admin.,married,basic.6y,no,yes,unknown,cellular,jan,fri,362,25,21,0,success,-1.4879571779454264,94.41734150498198,-44.43863806958821,2.1598688287525114,5135.227367671362,no
49,technician,divorced,university.degree,unknown,unknown,no,cellular,nov,mon,2604,2,25,3,nonexistent,-2.3377515420180455,92.32165436530568,-40.92974514026335,3.704306436342511,5082.634319501329,no
75,admin.,married,university.degree,no,unknown,yes,telephone,jul,tue,3416,2,18,6,failure,-0.08269186264099013,94.55661353971495,-46.342387197785364,4.689520294127729,5188.058667820648,yes
66,self-employed,married,university.degree,yes,unknown,yes,telephone,jul,tue,1716,19,20,6,nonexistent,1.239728964912003,92.76623754963754,-27.92810867737386,0.777241445262584,5072.010992965006,yes
49,technician,married,university.degree,unknown,unknown,no,telephone,oct,fri,1193,19,4,5,failure,0.885492386256981,92.92389827311095,-31.640590035517448,0.8521414772117422,5179.906533453402,no
70,services,married,university.degree,yes,no,no,telephone,may,mon,355,12,9,1,nonexistent,1.3293280979402762,93.47162290270299,-30.70245978501098,3.5604764930195647,5118.511178474981,no
65,blue-collar,divorced,university.degree,yes,unknown,yes,cellular,oct,mon,190,23,15,1,nonexistent,-0.0825904253780845,92.52669038755367,-43.68278814226261,2.122639874814558,5101.467506572522,no
62,management,married,university.degree,no,yes,unknown,telephone,jun,thu,3738,17,23,5,failure,-3.2345044560934775,93.9279496577515,-30.32346709004136,1.4932917781490755,5137.239998268401,yes
71,management,divorced,basic.4y,no,no,no,telephone,mar,wed,2469,2,24,6,success,-0.7404648116831444,93.466898441149,-36.68026418480914,4.800743343422432,5040.865484592359,yes
53,self-employed,married,university.degree,unknown,unknown,yes,telephone,nov,fri,699,11,19,6,success,-0.41192659210487026,94.64911616278108,-49.4441210496834,0.6617712355357379,5067.326980996225,yes
53,admin.,single,basic.6y,no,unknown,unknown,cellular,feb,mon,2054,17,25,2,failure,-2.823309815082981,94.55140788040012,-47.13705162428511,1.8055106959473808,5176.534150014431,yes
38,admin.,single,basic.4y,yes,yes,yes,cellular,oct,wed,2180,14,999,5,failure,0.5764493053772104,94.15519689379452,-40.14149421150369,2.059460292156528,5065.162607498575,yes
63,technician,divorced,university.degree,yes,yes,unknown,telephone,sep,fri,3818,9,20,2,nonexistent,0.10438724628740981,92.5174758192753,-41.388539135761754,4.044240093185362,5136.475749835083,yes
49,management,divorced,high.school,yes,unknown,yes,cellular,feb,mon,556,26,3,6,nonexistent,-1.247540435971255,92.5986169365809,-31.79284305551226,3.0716607146029036,5139.108597878005,no
48,self-employed,single,basic.6y,unknown,unknown,yes,cellular,jan,tue,825,25,4,0,nonexistent,-1.9984252040099435,92.75172638527094,-29.91930107875523,2.044843351993176,5193.645572597701,no
54,services,single,basic.4y,no,unknown,unknown,cellular,sep,mon,2808,29,10,4,nonexistent,-2.335332040553014,94.3356041947653,-30.12816168130973,1.3469151306606633,5080.951559290833,yes
33,admin.,married,basic.6y,yes,unknown,no,telephone,aug,tue,1054,19,13,4,nonexistent,1.2293448456988059,93.81424752269531,-41.83059009145107,1.5586751256771645,5202.319035015825,yes
63,management,single,basic.4y,unknown,unknown,yes,cellular,aug,tue,2582,28,24,1,nonexistent,0.4499627040420488,92.4916246107761,-35.60498818065059,0.7701664522629984,5226.266709064887,yes
79,blue-collar,divorced,high.school,no,yes,no,telephone,jul,thu,425,19,23,1,nonexistent,-0.07175563773499792,93.28312247324688,-38.91951923734326,4.282203411274311,5008.353100038493,no
63,self-employed,divorced,basic.6y,no,yes,yes,cellular,sep,thu,3465,1,26,2,nonexistent,1.1522248816043654,94.72972085818002,-29.55482991989868,1.1156159102029157,5152.828291954801,yes
31,technician,single,basic.6y,yes,no,unknown,cellular,nov,wed,2719,5,10,6,nonexistent,-2.423176754887116,94.05030218820167,-29.553571234401122,4.221404774236778,5148.3166107874595,yes
74,admin.,divorced,basic.4y,unknown,no,no,telephone,mar,fri,2410,19,26,1,nonexistent,0.7165193873144948,94.61600008529537,-49.51245324361605,1.212375750023343,5084.250075174142,yes
41,admin.,married,basic.4y,yes,yes,unknown,telephone,aug,wed,3508,2,23,3,nonexistent,-0.5994588060871046,94.26474567018386,-37.125850428322295,4.585994735245452,5043.960352442266,yes
42,services,married,high.school,yes,no,unknown,cellular,jan,thu,3741,29,7,3,failure,1.0786371050663468,94.03016655668024,-38.76715549816299,3.585447501148162,4970.805623040517,yes
78,admin.,single,university.degree,unknown,unknown,no,cellular,jan,wed,1574,14,999,0,failure,-0.22907210218511306,94.32377545099015,-32.38762752762721,2.148944319632529,5131.88042063006,no
63,self-employed,divorced,basic.4y,yes,no,no,telephone,nov,fri,3998,19,27,6,nonexistent,0.15935988156054726,93.93919574249736,-46.12018734801658,2.327853201613353,5047.104888711164,yes
68,management,single,basic.4y,unknown,unknown,no,cellular,jun,fri,2129,24,6,3,nonexistent,-2.3331658191269486,93.58862684080366,-34.18954063355893,1.8520643963126215,5109.654522243784,no
79,management,divorced,basic.4y,unknown,unknown,unknown,telephone,dec,mon,2403,8,12,0,nonexistent,-1.7440191315515425,94.06048119986605,-33.147228144456584,1.5296761803685268,4995.90483028282,yes
52,management,divorced,high.school,yes,no,unknown,telephone,aug,wed,3329,17,19,2,nonexistent,-1.9489329082676028,92.6425010158477,-50.16077022870037,4.608700078025045,4975.310013247754,yes
34,blue-collar,divorced,university.degree,yes,no,unknown,telephone,aug,thu,3789,2,5,3,nonexistent,-0.06809944190168199,93.37297746626987,-40.492687557121805,1.4114513029865345,5175.830980241662,yes
63,blue-collar,married,university.degree,no,unknown,no,cellular,oct,mon,588,17,3,0,nonexistent,-1.426367508821357,94.66389285562056,-27.403177450901193,1.3741733443477735,4996.1172732924715,no
59,admin.,divorced,high.school,no,yes,yes,cellular,jan,wed,2012,8,11,6,nonexistent,0.7278941560596474,94.26411479243477,-43.615552134973925,2.185161212933162,4999.9347868797195,yes
62,blue-collar,married,university.degree,unknown,no,no,telephone,nov,fri,1547,14,4,4,nonexistent,-2.379608710734739,94.59364089210693,-29.65968050336484,4.931002139730922,5114.521003621169,no
71,blue-collar,divorced,basic.6y,unknown,no,yes,cellular,jan,thu,294,17,4,0,success,0.419204212282174,94.70885560936163,-36.773328674280556,2.645635794846227,5156.978131969023,no
21,services,single,high.school,unknown,yes,unknown,telephone,sep,wed,1985,6,16,5,success,0.5035652556661085,93.64406331280333,-43.712591487474334,2.163526760407,4965.713760728611,no
28,blue-collar,married,basic.4y,no,no,yes,cellular,sep,fri,1247,26,5,6,nonexistent,-0.38618244482090525,92.54929227327615,-30.819908675916125,4.993622260780077,5080.541992595788,yes
64,technician,married,university.degree,yes,unknown,no,cellular,jul,fri,1548,29,9,3,nonexistent,-2.688111310090665,94.07494045867209,-27.12318517022712,3.856183921706352,5130.5659024533525,no
32,technician,married,basic.6y,yes,yes,no,cellular,jan,wed,3117,11,15,0,nonexistent,-1.8317487177985523,92.0205277654287,-33.06606078084873,4.756351372092862,5158.823343262384,yes
47,technician,single,high.school,no,yes,no,cellular,oct,wed,1690,8,23,5,nonexistent,-1.4908405215285532,92.24959618235877,-49.33507526993812,1.6952613063984927,5214.320130451003,yes
41,admin.,married,high.school,yes,unknown,yes,telephone,feb,thu,1136,13,28,2,success,-1.165844877016513,92.80112038140646,-49.54738662932371,3.9184639493135696,4967.863670960619,no
19,management,single,basic.4y,yes,unknown,no,cellular,aug,mon,1256,8,20,1,nonexistent,0.13647667775772515,92.04252463816977,-39.05182260853926,4.518842623274359,5201.2872412945335,yes
60,services,divorced,basic.4y,yes,unknown,yes,telephone,aug,fri,2064,7,13,4,failure,-1.7758115455008487,93.91338898389695,-50.655000455992074,2.9291944140386796,5219.288045907665,yes
51,admin.,divorced,high.school,no,yes,unknown,cellular,nov,mon,359,24,9,2,nonexistent,-3.31255474757566,94.28643627897277,-34.64483229058067,2.465084507555268,5192.5951210770945,no
40,management,single,basic.6y,unknown,unknown,yes,telephone,may,mon,3294,24,28,4,success,0.7571777502660795,94.11055208163106,-50.41037445875515,1.9022124420820958,5214.57992387658,yes
78,services,married,basic.4y,yes,no,unknown,cellular,feb,fri,2913,26,27,4,nonexistent,-1.3248314885588195,92.40454578144002,-27.54374504131892,3.0960133873716997,4994.952860114637,no
48,services,married,high.school,yes,no,yes,telephone,mar,wed,699,3,21,5,failure,-2.0421455639779063,94.25093538349219,-29.75288367328278,1.445416161039481,5226.049490898681,yes
54,services,single,high.school,unknown,unknown,unknown,cellular,may,fri,447,2,20,0,nonexistent,0.5320920411085728,94.31977214260905,-31.312457168699677,2.5001235841150193,5165.999660369683,no
30,technician,divorced,basic.4y,yes,no,no,telephone,mar,mon,2903,12,16,6,nonexistent,0.8184578364718299,92.2702789680007,-31.383349305862748,3.603183497906353,4981.978947647007,yes
50,technician,single,university.degree,yes,no,yes,cellular,oct,thu,2412,4,4,1,nonexistent,0.1089864441983051,93.37868372126465,-30.858435412178746,3.4703666113898946,5143.166462494852,yes
24,technician,married,basic.6y,unknown,yes,unknown,cellular,jan,fri,674,5,1,0,nonexistent,-1.6992833932059954,93.92675044296362,-40.42128205314289,3.679531666287884,5149.576675346903,yes
49,services,married,university.degree,no,unknown,no,cellular,jun,thu,1007,16,3,0,success,-2.290798104871023,93.13871870386374,-31.874625852435102,3.1808202651929203,5130.0634597057015,yes
24,self-employed,married,university.degree,no,no,no,telephone,may,wed,1349,2,17,3,success,0.021438553970542135,94.48994489215814,-42.02510752745923,0.6115735760934772,5194.9518482854555,yes
59,services,married,basic.6y,yes,unknown,unknown,telephone,mar,wed,2514,27,7,0,failure,-3.124194966553268,93.48159640454445,-30.523565914202607,0.717635892873719,5161.648118286938,yes
55,technician,divorced,basic.6y,yes,unknown,unknown,cellular,sep,thu,2461,24,13,1,nonexistent,-1.5229446032846636,92.34193514378788,-36.03060756203213,3.1531447728535085,5006.376768418915,yes
69,services,divorced,basic.4y,unknown,no,yes,telephone,oct,thu,3526,24,12,2,failure,0.24226580060452546,93.48521570340858,-42.23555390296878,4.850232546259481,5029.777443424668,yes
61,technician,divorced,basic.4y,unknown,no,unknown,cellular,aug,fri,585,13,28,5,nonexistent,-0.5916536724682476,93.61683022446721,-32.98319133866978,1.4555776931461628,5086.175022684705,no
30,technician,married,basic.4y,yes,yes,unknown,cellular,jul,wed,1256,28,6,0,nonexistent,0.12249366408984197,94.67016379502532,-44.99649959516946,3.7564844066227834,5068.028355421062,no
41,technician,married,basic.6y,yes,yes,no,cellular,dec,thu,1247,4,8,1,nonexistent,-0.6500017165657516,93.18156718701566,-27.744531863269444,2.5061058577122375,5138.959432687458,no
45,self-employed,married,university.degree,no,yes,unknown,telephone,nov,tue,993,28,3,0,nonexistent,-2.24950014765211,94.50049139507578,-34.9125907655112,1.2120225179774025,4999.684431993207,yes
49,management,single,basic.6y,no,no,unknown,telephone,feb,fri,3902,5,4,5,nonexistent,-1.0805683672925954,92.89591658962425,-41.21127032745935,0.7464253337015109,5057.313718712974,yes
60,services,married,basic.4y,no,yes,unknown,cellular,oct,fri,1435,27,14,4,nonexistent,0.31069791160059823,93.2664503584907,-37.6375964014688,3.7388506525955725,5027.82245205043,yes
35,admin.,divorced,university.degree,no,unknown,no,telephone,may,tue,571,12,8,5,nonexistent,-2.2941234812017437,93.89075789220156,-33.17212119967566,1.2333195396887306,5041.266766418089,no
51,technician,divorced,basic.4y,unknown,yes,no,telephone,may,wed,2382,15,24,0,failure,1.2224991813049468,94.47941548313241,-31.74400065171127,1.913089912033689,5151.617158196702,yes
65,self-employed,divorced,university.degree,no,yes,no,cellular,jun,thu,1245,5,17,3,nonexistent,-2.4262564068579224,94.16752779376368,-27.498487133040424,2.3660640568116853,4984.885773362072,yes
51,admin.,single,basic.4y,no,yes,no,cellular,jun,thu,2084,5,27,4,nonexistent,-3.3318063650618046,92.43529053008065,-45.80591718058039,3.7058415707999517,5198.30294224526,yes
68,management,divorced,basic.6y,yes,unknown,yes,telephone,mar,wed,988,16,26,1,nonexistent,0.33473961781929285,92.54235318604512,-38.74391561717348,2.3055351456005377,5133.155609385214,yes
55,services,single,high.school,no,unknown,no,cellular,nov,tue,277,25,13,5,nonexistent,1.0563338315944995,92.19100733570968,-48.61416089503146,2.299677292983508,5072.482759556511,no
18,self-employed,single,high.school,yes,no,no,cellular,apr,tue,1219,9,14,0,nonexistent,-2.216115164868216,93.74014094452086,-48.833648418484685,4.094628777900425,5092.086593609893,no
60,technician,single,university.degree,yes,yes,yes,telephone,jan,tue,2963,15,999,6,nonexistent,-2.65572891574305,93.23293011337931,-48.306450228599466,0.6307170128898806,5148.271407457213,yes
67,technician,married,basic.6y,no,unknown,yes,telephone,nov,fri,1887,27,18,4,nonexistent,-2.3251421040218614,94.45234157162065,-44.5978603247824,3.9169706900975703,5156.884755521762,yes
59,technician,married,basic.4y,no,unknown,yes,telephone,jan,thu,483,4,25,4,nonexistent,-0.38625009308449665,94.77034424045864,-34.157603911059354,2.8953902462168277,5176.444767616012,no
48,self-employed,divorced,university.degree,yes,unknown,unknown,cellular,may,mon,1265,17,999,2,nonexistent,-0.6207014079773769,94.45996077325896,-30.218882048829006,2.983398805216694,5033.337200177108,no
67,admin.,divorced,university.degree,unknown,no,no,cellular,dec,fri,3395,24,5,4,failure,-0.4175356652789777,92.13054486911078,-40.37970472912188,2.1204510981792093,5190.503469845721,yes
79,management,single,basic.4y,yes,no,unknown,telephone,apr,fri,730,27,7,5,nonexistent,-3.3628761678193912,94.64420452302085,-37.530642622228385,1.0069422614725665,5183.293210637841,no
77,services,married,basic.4y,unknown,no,yes,telephone,jul,thu,2239,1,3,1,nonexistent,-2.6464620017636618,92.28836900833934,-45.86782866082843,0.9996673123557313,5189.769859339435,yes
18,management,divorced,basic.4y,unknown,yes,yes,cellular,jul,wed,1040,16,15,6,failure,-2.232457480856813,93.2521739247749,-31.89315910383095,2.099697059237773,4984.979170042072,yes
68,technician,divorced,basic.6y,no,unknown,yes,telephone,apr,thu,2571,23,10,0,nonexistent,-0.05398966749206572,92.83252431295557,-29.568336697097077,3.7698122175913693,5001.587350837214,no
33,management,married,high.school,no,no,yes,telephone,oct,wed,917,28,3,5,nonexistent,-0.4780136156608313,92.43804595192002,-39.19423605083321,4.523244385592166,5128.849390136063,yes
75,admin.,single,university.degree,no,no,unknown,cellular,feb,thu,2448,29,10,4,failure,-0.40527432905454436,92.47946480167285,-46.955104850193244,4.173788479864345,5215.667175825313,yes
56,blue-collar,divorced,university.degree,no,unknown,yes,cellular,oct,fri,3977,20,9,6,nonexistent,-0.6605711296285873,92.9683350850501,-50.6780704637656,4.110840454369634,4992.673503086655,yes
32,blue-collar,divorced,high.school,yes,unknown,no,telephone,apr,tue,885,17,16,1,nonexistent,0.17366776131336858,92.0711034250645,-37.979773371278284,0.6252262159893636,5159.027045233732,no
78,services,married,university.degree,unknown,yes,no,telephone,aug,fri,2752,4,8,2,nonexistent,1.1201335315330243,92.18103801590132,-38.906503586809215,1.443113357624046,4999.602583853987,yes
50,services,married,basic.6y,yes,yes,no,cellular,feb,fri,21,23,9,0,nonexistent,-0.16688138992873436,93.99998370775829,-28.67317343208715,4.7583867962824655,5214.998590173793,no
40,management,single,basic.4y,unknown,yes,unknown,cellular,may,mon,473,13,7,3,nonexistent,0.17581914250511194,93.7534514869275,-49.92802519310579,4.42873208924317,5175.230680817433,no
70,services,single,high.school,yes,no,yes,cellular,jul,fri,3191,8,29,4,nonexistent,-0.48070739495661885,92.27820172594082,-47.24005849858365,1.1576147799109422,5039.872821977803,yes
58,self-employed,divorced,basic.6y,unknown,no,unknown,cellular,oct,fri,2257,18,13,4,nonexistent,0.42865849940351286,93.21056441315292,-46.075290577644665,3.3991323047733673,4976.189769079062,yes
51,admin.,single,basic.4y,no,unknown,no,telephone,jun,fri,2353,13,12,2,nonexistent,1.1263290521469442,93.70158612652915,-37.72372139987829,2.505757816506819,5079.092926547174,yes
34,technician,divorced,high.school,unknown,yes,yes,cellular,sep,mon,3341,9,2,1,nonexistent,-0.4955030633907603,92.27340177501218,-43.99480433468366,0.6338076458938633,5102.4817543394565,yes
42,technician,divorced,basic.6y,no,unknown,unknown,cellular,feb,wed,703,5,13,2,nonexistent,-2.5311676405140897,94.72159091664142,-45.88427143785683,4.120670937528853,5103.010939112204,yes
73,management,married,high.school,unknown,yes,yes,telephone,apr,mon,686,11,13,1,nonexistent,0.29727900748463665,94.37580840743557,-38.50547037280711,4.749793326666407,5188.927625575409,no
59,technician,divorced,high.school,yes,yes,yes,telephone,jul,tue,284,28,2,0,nonexistent,-0.276000928983402,92.63629054378605,-49.82838863747715,4.651422976334978,5223.048062680228,no
23,management,married,basic.6y,unknown,yes,unknown,telephone,dec,wed,715,14,28,4,nonexistent,1.0813023497527123,93.45281735985702,-27.491707060249524,2.2908168482321547,5077.842325456472,no
48,services,divorced,university.degree,yes,yes,no,cellular,aug,mon,3747,24,15,3,success,-2.093756898690276,93.42151605255926,-30.221655055242962,4.066385485112431,5006.923608608793,yes
22,services,divorced,basic.6y,yes,unknown,unknown,telephone,may,tue,762,18,9,2,nonexistent,1.2561759563172332,92.93579034470875,-44.300124168233566,2.7911053377588084,5063.308402371108,yes
57,self-employed,divorced,high.school,no,unknown,unknown,cellular,may,tue,1250,18,3,5,nonexistent,-0.7512347722283055,94.12698055017222,-42.76553269904723,4.911951343088127,5151.958200294107,yes
57,self-employed,single,high.school,unknown,no,no,cellular,apr,thu,947,20,19,3,nonexistent,1.227189265633399,93.84320069840842,-44.92303351538014,4.838457852849107,5117.98020689123,yes
47,admin.,single,basic.6y,yes,yes,unknown,telephone,sep,thu,2428,16,17,3,nonexistent,0.36338840028219327,94.4198085299408,-28.611262583292493,4.002753484010038,4986.555799825177,yes
22,technician,married,basic.4y,unknown,unknown,yes,cellular,dec,fri,2507,4,3,4,success,0.7566065081775858,92.0142808550044,-35.188587589074714,2.6738559277142597,5019.129891078697,yes
29,self-employed,divorced,basic.4y,no,yes,no,telephone,oct,wed,1030,19,1,4,nonexistent,-1.845559942507628,93.69120773028963,-38.343826481086836,4.568521770708523,5147.0372712441185,yes
24,admin.,married,basic.4y,no,yes,unknown,telephone,apr,mon,28,5,10,6,success,-2.346715278903357,94.77972055022215,-38.64446923634141,1.5854105947926826,5148.241130044972,no
62,blue-collar,married,basic.4y,unknown,no,yes,cellular,mar,fri,906,2,14,6,nonexistent,-0.40439847991151034,94.20977259284456,-46.83449681321095,1.5425719931277204,5124.686794168572,yes
30,self-employed,divorced,basic.6y,yes,no,no,cellular,sep,wed,3104,17,10,5,failure,-1.603210704685263,92.96408458147742,-27.792749082900254,3.0562384089307266,5041.372772393336,yes
66,admin.,single,university.degree,yes,unknown,unknown,cellular,jul,thu,3717,28,22,3,nonexistent,1.3322956978542881,92.43708176195108,-28.941121225373386,4.2038036733110244,5006.78098853709,yes
21,management,single,basic.4y,yes,unknown,no,telephone,sep,mon,2926,4,20,0,failure,-1.0216140740290156,93.19918275160627,-28.037136831517387,0.8732494715843037,5024.121738252613,yes
67,management,married,high.school,unknown,no,yes,telephone,apr,tue,2126,6,22,5,nonexistent,-2.8697224374100188,93.18795440504482,-43.8467202484946,4.052668601529141,5177.198756947519,no
59,admin.,single,basic.4y,yes,unknown,yes,telephone,mar,tue,3999,22,5,3,nonexistent,-1.0057471266469171,93.63876599971816,-39.408100194752194,4.777022810785575,5092.8257732312195,yes
20,services,divorced,university.degree,yes,unknown,no,cellular,oct,fri,2994,18,17,1,nonexistent,-0.8316016415481314,92.18498447788403,-38.397664609336395,3.0023910729545524,5056.492542188395,yes
29,blue-collar,divorced,basic.6y,yes,no,yes,telephone,aug,fri,2506,6,29,5,nonexistent,-3.3773021291686276,93.0841362591071,-39.096775219256095,1.539651635178539,4999.548490375246,yes
18,admin.,single,university.degree,no,yes,yes,telephone,apr,mon,569,20,27,6,success,-2.221650893653885,94.393423694302,-50.34137108073747,3.3793549284710425,5067.436536641089,no
44,self-employed,single,university.degree,yes,yes,no,telephone,oct,tue,2006,26,17,1,nonexistent,-3.393570221020893,93.80214262642171,-30.88773179933998,1.4660431266192582,5074.106893219731,yes
60,services,married,university.degree,unknown,no,no,cellular,mar,fri,3609,15,999,1,nonexistent,-0.707193819608366,93.21715236923426,-32.957562290547756,2.318071083618986,5197.954657887728,yes
67,admin.,single,basic.4y,unknown,yes,unknown,cellular,dec,tue,3553,1,12,1,failure,-1.9977576913052755,92.86869961096332,-39.45232291306792,3.6783735851125474,5212.260083523772,yes
30,technician,married,basic.4y,yes,yes,unknown,cellular,apr,thu,1453,17,999,2,nonexistent,-2.5686036984881153,92.78338454608642,-44.40909380884261,2.2779767276349094,5185.633947548753,yes
34,self-employed,divorced,university.degree,unknown,no,no,telephone,feb,fri,737,2,12,6,success,0.6252010665031701,94.0955724345756,-35.62405177564836,2.731212462702409,5066.272959684485,yes
25,self-employed,divorced,basic.6y,unknown,unknown,yes,telephone,dec,wed,3356,4,20,0,failure,-3.2559152753659544,93.2003012267511,-47.494818877017494,2.9991127048083066,5111.501236005487,yes
49,management,divorced,basic.4y,yes,no,yes,cellular,nov,fri,515,24,4,2,nonexistent,-0.07979648706664924,92.68943354747364,-26.96506268325618,2.0934597201457206,5186.0926975830125,no
37,technician,single,basic.6y,no,no,no,cellular,apr,thu,2000,3,22,2,failure,-0.6496040631448746,94.27562043383918,-47.80437315858653,0.9358127106380549,4976.944848289327,yes
68,technician,single,basic.4y,yes,yes,no,telephone,jul,mon,3170,27,16,1,nonexistent,0.30345066960591105,92.74370107398296,-49.40293957724149,2.847949029383985,5104.534198019984,yes
34,self-employed,single,basic.6y,unknown,no,no,telephone,mar,tue,2444,21,15,0,nonexistent,-2.7651361119869686,92.18043061334608,-36.16343124265234,2.746376808124368,5069.038152399458,yes
51,blue-collar,married,basic.4y,unknown,yes,yes,telephone,jan,mon,3560,3,20,6,nonexistent,0.7835841939227834,93.53465989266367,-39.724463420277,2.4765662330443616,5064.383102645936,yes
52,services,married,university.degree,yes,no,unknown,cellular,oct,fri,38,24,17,0,nonexistent,-1.8561717120110681,92.78134671464036,-33.61588815689299,1.411733252585014,5056.198837397181,no
52,management,married,high.school,unknown,unknown,unknown,cellular,aug,wed,3342,14,9,3,failure,-3.358973460050058,92.0136738851949,-47.7415827712607,0.8301110333465163,5133.002675530112,yes
55,technician,divorced,high.school,no,yes,yes,cellular,jun,mon,886,20,16,5,success,-0.2479508553508554,93.40436500158964,-42.10647738084358,4.23720942759444,5073.982676719818,no
59,management,married,basic.6y,yes,no,unknown,cellular,mar,wed,2844,27,6,2,nonexistent,0.7248886714880761,94.5047233545352,-38.82530264504314,2.9421928547257594,5048.813499165503,yes
41,self-employed,single,basic.6y,unknown,yes,no,telephone,aug,fri,2204,8,14,5,nonexistent,-1.7022810826825374,93.8035752809209,-40.11690823798933,4.913281669387898,5113.386449535869,yes
71,services,single,university.degree,no,no,no,telephone,jun,wed,1098,29,18,5,success,-0.867644308656381,92.05083212739966,-36.8654978024982,4.902424822392599,5062.2930261748525,yes
35,admin.,divorced,university.degree,unknown,no,yes,telephone,jan,wed,2931,8,26,0,nonexistent,-1.4208011038765662,93.0605461784509,-48.368171019218515,3.1523273821149256,4972.776082928474,yes
67,technician,single,basic.6y,no,no,yes,cellular,sep,thu,1823,9,8,6,nonexistent,-3.1961663256753248,92.69171500208236,-38.760981439697055,2.756539185169009,5074.063214394002,yes
63,services,single,high.school,unknown,yes,no,cellular,nov,mon,3201,18,20,4,nonexistent,0.21502075774744536,93.87723905681403,-37.54107213091213,1.4203812179832171,5015.4657168027625,yes
65,management,single,university.degree,yes,yes,no,telephone,sep,fri,1710,27,20,5,success,1.1190638589750361,93.27934746402421,-29.743570687245956,2.269077148495624,4990.027164441061,yes
56,self-employed,married,basic.6y,unknown,unknown,yes,cellular,sep,thu,973,26,4,2,nonexistent,-1.3836262732030828,92.48365429995218,-37.151279170490135,4.055896096138917,5194.402272292256,no
50,services,married,university.degree,yes,unknown,yes,cellular,dec,wed,3155,7,24,5,failure,-2.7067082273624696,93.27760607791964,-37.71963719076591,4.838185666602859,5146.587511180361,yes
66,admin.,single,university.degree,no,unknown,no,telephone,jun,thu,3093,10,28,0,failure,-0.975643106874001,94.60790379427495,-31.391340145836576,3.239243110261274,5064.344996697631,yes
40,services,single,basic.4y,no,unknown,no,cellular,jun,thu,3530,1,9,4,nonexistent,0.9428224744127321,93.15023557939828,-49.246559650166866,3.3143024548584217,5224.204895082059,yes
42,self-employed,single,university.degree,unknown,no,unknown,cellular,apr,wed,1562,29,12,5,nonexistent,-0.49206716444359455,94.43692728395217,-35.31370439388364,4.746811753838007,5060.723291095639,yes
54,management,single,basic.6y,yes,yes,unknown,telephone,aug,fri,3778,4,999,4,failure,-2.380683579233115,93.33123220527361,-31.39787387036123,1.158543823158373,5028.259399620222,yes
44,technician,married,university.degree,yes,no,no,telephone,sep,tue,2896,20,20,4,nonexistent,-0.7446005417709471,94.1214183566475,-48.5391625095589,3.292098599728582,5088.842740370458,yes
18,technician,divorced,basic.6y,no,yes,yes,telephone,dec,thu,3453,4,25,1,failure,-1.8310461666778453,94.20037808647523,-31.403418092607048,3.1758814241310254,5213.7012703053015,yes
38,blue-collar,single,basic.4y,no,yes,unknown,cellular,jul,mon,2795,23,5,6,success,-3.286911765111818,94.1300865807287,-31.986973343215904,1.5024217314552106,5139.224017675958,yes
76,management,married,basic.4y,unknown,no,unknown,telephone,jul,wed,3511,29,24,6,nonexistent,0.9854833584946253,93.78779554625099,-50.77745921533786,4.004791051698303,5156.841885950205,yes
66,blue-collar,single,high.school,no,no,no,telephone,feb,tue,3675,14,2,6,failure,0.4133859632421012,94.66696719353232,-44.91684483438264,1.1244882918918602,5007.319727709809,yes
27,blue-collar,divorced,basic.4y,no,yes,yes,cellular,feb,thu,988,5,16,3,failure,1.0355673090003537,94.60001798675454,-47.18492859705241,0.8782650458775707,4974.21861957572,no
48,self-employed,married,basic.4y,yes,unknown,yes,cellular,dec,wed,20,5,11,5,failure,-0.12257168287796925,92.84779444142426,-38.57902565521183,2.738995367555158,5105.670598717102,no
61,self-employed,married,basic.6y,yes,unknown,no,telephone,oct,wed,2350,19,26,5,nonexistent,-1.2412546492557932,93.94505130305691,-28.95524207413299,1.9187731530699887,5050.971845295901,yes
42,self-employed,divorced,high.school,yes,yes,yes,telephone,nov,thu,868,26,10,3,nonexistent,-1.032695560727372,93.86141220967515,-36.39531611092458,2.5190009616796605,4974.883016327594,no
37,admin.,divorced,basic.4y,no,no,no,cellular,feb,mon,83,21,7,0,nonexistent,-2.417822140745438,92.56073094368628,-36.41690836921323,1.0953964814426946,5200.633326091686,no
74,management,married,university.degree,unknown,no,yes,cellular,apr,wed,3845,5,24,6,nonexistent,-1.545764319775646,92.74219065876007,-47.863917597655316,2.590570583903187,4970.239657762204,yes
19,technician,divorced,high.school,unknown,yes,no,cellular,sep,wed,1682,24,11,0,nonexistent,-2.6135155630316937,92.87011119239408,-34.87353448296742,2.5342549343952583,4966.947236528619,yes
72,management,single,basic.4y,no,no,yes,telephone,may,thu,1976,11,10,5,failure,-1.1273831911714434,92.92844180041403,-29.56913815840994,4.85281313035445,5042.730245467535,yes
65,self-employed,divorced,high.school,unknown,yes,no,cellular,feb,tue,3524,2,21,6,nonexistent,-0.2995885201422704,94.39221557411832,-40.53859167992602,3.7793040363667707,5095.12373063174,yes
32,admin.,divorced,basic.4y,no,yes,no,telephone,apr,wed,1410,15,4,5,nonexistent,-2.168338029692384,94.12058892613706,-34.50574687091011,4.650081036053221,5082.8355175552015,no
45,management,married,basic.6y,unknown,yes,yes,telephone,jul,wed,1530,14,27,3,nonexistent,1.1300834942492823,94.26165638329216,-43.7511463835922,4.037430962846235,5058.814092521154,no
30,management,divorced,high.school,no,no,no,telephone,may,thu,3328,14,7,4,failure,-0.29513872831983456,94.55646966461079,-44.373308813728606,4.066504461117574,5192.069348912436,yes
67,blue-collar,married,high.school,yes,unknown,unknown,cellular,nov,wed,569,8,11,0,nonexistent,-2.3443950760354344,93.44015776071078,-46.376276280354304,4.409206073657082,5042.311321192748,no
77,management,single,basic.4y,unknown,yes,yes,cellular,aug,thu,3963,20,21,5,nonexistent,-2.5983970115900257,94.33920964606573,-45.02808464895048,1.7259232833866913,5136.26288908617,yes
69,blue-collar,divorced,high.school,yes,no,no,telephone,jan,mon,933,25,5,1,nonexistent,-2.584140329906224,93.9469485355426,-42.60807287447642,2.4775413351942337,5069.031794956811,no
71,blue-collar,divorced,basic.4y,yes,unknown,yes,telephone,may,thu,3598,8,8,6,failure,1.274507211915913,93.30142147957056,-37.255198655402324,4.4509212955986115,5066.404466162639,yes
31,services,married,university.degree,unknown,yes,yes,cellular,apr,tue,3233,5,24,1,nonexistent,-2.2642098903151537,92.54279119211951,-32.14235395890452,0.8944492613644504,5210.328006551648,yes
67,self-employed,married,high.school,no,unknown,no,telephone,mar,wed,1980,5,16,3,nonexistent,-2.5918058039072323,93.20476016351338,-43.87944086156273,0.8425525300227119,5148.074805592796,yes
19,admin.,divorced,high.school,yes,no,unknown,cellular,jul,mon,3234,25,27,0,success,-2.612849273948497,92.57841999336262,-46.782132360249406,3.4509785484444304,5105.955552764545,yes
51,blue-collar,married,basic.6y,yes,unknown,yes,telephone,oct,wed,1855,29,1,0,failure,-1.7473850936106932,92.8040649456751,-40.0506703493896,4.602059688779599,5009.787249464935,yes
52,management,divorced,basic.6y,no,unknown,unknown,cellular,nov,wed,3056,14,999,5,success,-0.4464845860326877,92.79384067734806,-31.930598857772345,4.0944898556233955,4999.993215145744,yes
54,blue-collar,single,high.school,no,no,unknown,telephone,jan,thu,792,5,17,5,nonexistent,-3.020427383760604,94.13089330464508,-41.49495633489147,4.115660428515716,5014.819807289689,yes
42,blue-collar,divorced,basic.6y,unknown,yes,no,telephone,jun,wed,791,29,2,6,nonexistent,-2.63471402447229,93.4218089950057,-28.972739871570987,2.1838900281012044,5129.424721838042,yes
65,blue-collar,single,high.school,unknown,no,no,telephone,aug,mon,3595,9,28,4,failure,1.2869729114352548,94.22079983733931,-44.874839063210416,3.203481808224832,4978.416940197369,yes
71,technician,single,basic.4y,no,no,yes,cellular,feb,fri,1809,22,13,0,nonexistent,-0.4345988721492946,94.45674045464942,-32.67629826046773,3.994545767089814,5086.354276062667,no
32,technician,married,high.school,yes,yes,no,cellular,jun,wed,1294,27,12,3,failure,-2.729519938063367,93.7126751794821,-39.620573205391125,4.092456542839448,5085.203776213764,yes
29,technician,married,high.school,no,yes,yes,cellular,nov,thu,2539,11,1,0,nonexistent,-0.7595322726576713,93.1401739673108,-48.239690761889115,3.154566668903661,5206.359391738477,yes
79,technician,married,university.degree,unknown,no,yes,telephone,jan,tue,2255,17,21,5,nonexistent,-2.2434998140412254,94.39896213341022,-44.08237159800649,4.121678665359347,5061.444598684922,yes
26,services,married,basic.6y,yes,yes,unknown,telephone,jun,wed,3610,27,3,0,nonexistent,1.2733586119846612,93.58909861489235,-30.28846244186437,0.7185390605137467,5200.749288517549,yes
75,blue-collar,divorced,basic.6y,yes,yes,no,cellular,jun,thu,1607,12,14,1,nonexistent,-1.5337026263640863,94.3994228639561,-50.65927126019455,4.747405576765533,5126.289094767196,no
48,services,single,university.degree,unknown,no,no,cellular,may,wed,1083,12,4,3,nonexistent,-2.716599432921987,92.74318229551203,-32.723433677970704,4.430539902103038,5066.780932699563,no
31,management,divorced,basic.4y,yes,no,yes,cellular,jul,fri,2477,24,9,2,nonexistent,-0.45776614556802464,93.58412448983297,-31.407384028966206,0.8285681278670926,5102.881053330656,yes
46,self-employed,single,basic.4y,no,no,unknown,telephone,may,fri,984,16,8,3,success,-2.740926736109386,92.59289512080352,-47.93588377832703,2.4450348885406608,4988.522255014813,yes
70,admin.,single,basic.4y,unknown,no,no,cellular,aug,mon,1680,1,17,3,nonexistent,-0.9132643289764635,93.95540009969072,-27.803671712663018,4.645697181708311,5198.9043799555275,yes
65,services,single,university.degree,yes,unknown,unknown,cellular,feb,fri,3676,18,2,5,nonexistent,0.6907181950615855,93.64329481591601,-29.95225127450449,2.8562952983273684,5130.631000995709,yes
60,technician,divorced,high.school,unknown,unknown,unknown,telephone,jun,thu,3380,6,13,2,failure,-1.7404924306134169,93.5567993178521,-46.53310193312139,1.0023836553505017,5078.819166620506,yes
55,technician,married,basic.4y,yes,yes,yes,cellular,may,fri,519,5,9,6,nonexistent,-1.1080888204049566,93.7895023503083,-45.029177413627785,4.852690982863913,5168.782666962203,no
59,management,divorced,basic.4y,no,unknown,no,cellular,oct,thu,590,18,16,5,nonexistent,-2.8800347636684713,93.05112816097852,-31.2388559050898,2.1773676496440637,5070.58793169298,no
77,blue-collar,single,university.degree,unknown,unknown,no,cellular,feb,wed,1050,13,14,2,failure,-0.2975610909430616,92.53753422308567,-37.7416799942138,2.8714889104557275,5085.530772608436,yes
25,admin.,divorced,basic.6y,yes,unknown,no,cellular,nov,mon,1709,6,17,1,nonexistent,-2.8618246456582312,94.25795557465041,-28.75062519285137,3.3806018211019038,5075.225611718217,yes
65,services,single,university.degree,no,yes,unknown,cellular,jul,mon,3633,7,16,4,failure,-1.8305692812167664,93.07623536256082,-27.39852956525297,4.262720879308744,5227.187957395479,yes
20,blue-collar,married,basic.6y,no,unknown,no,telephone,apr,fri,2035,3,29,3,failure,0.6376777183295882,94.76902117001245,-42.59175672339444,4.441734553235887,5167.3129920407655,yes
19,blue-collar,married,basic.4y,no,no,yes,cellular,jun,tue,2246,11,24,3,success,-2.68039066391223,93.3468061035179,-48.482368631125865,3.4735986568789983,5209.264850486251,yes
33,self-employed,divorced,basic.4y,yes,no,unknown,cellular,may,fri,2434,8,2,3,nonexistent,0.6328162979143511,93.37203949556152,-33.9859942004133,4.7730393522242265,5064.016509290583,yes
36,self-employed,married,high.school,yes,yes,no,cellular,apr,tue,348,4,15,3,nonexistent,-0.3732550326908127,93.89789163173559,-28.737415190373433,1.5636800777198279,5093.249626202709,no
47,services,single,high.school,no,yes,unknown,cellular,feb,fri,959,10,18,1,nonexistent,-2.7229918681859226,93.86686410151901,-46.85941750116212,4.581269572939067,5016.8591240006535,no
58,services,single,basic.6y,no,yes,unknown,telephone,jul,thu,1963,9,12,3,nonexistent,-2.5912373235268986,92.50545249756301,-27.24928713061724,1.4364081128683852,4966.280038423742,yes
33,services,married,basic.4y,no,unknown,unknown,cellular,may,thu,692,23,22,2,failure,-0.2165757281505931,92.76246882448541,-46.11871118003775,4.535538607358787,5015.118149548835,no
48,services,married,basic.4y,no,yes,yes,telephone,mar,tue,1559,13,16,2,nonexistent,0.10002167876005034,92.64824591195841,-48.73801322432185,1.5498921834050534,5209.300996133731,no
71,technician,married,university.degree,no,yes,no,cellular,jun,mon,3899,19,24,0,nonexistent,-0.25247921459633815,92.14953433222244,-38.95281830030178,3.764696142682881,5084.3103486447,yes
75,blue-collar,divorced,basic.4y,yes,yes,no,cellular,aug,tue,377,15,22,1,failure,0.02744938020515853,92.06275115518741,-31.546814602060373,4.1946149299697915,4998.208680879917,no
45,blue-collar,divorced,basic.4y,unknown,no,unknown,cellular,nov,wed,2946,5,15,0,nonexistent,-1.6643993365479732,93.8059761519287,-42.33043335441201,2.3183248288501446,5083.305550744626,yes
21,technician,single,university.degree,unknown,yes,no,telephone,oct,mon,2963,25,8,3,nonexistent,-3.39311049640629,93.39605606576177,-42.86899797719166,1.099393254400281,5173.2787101909025,yes
27,blue-collar,divorced,university.degree,unknown,no,unknown,cellular,oct,tue,3629,13,23,6,nonexistent,-0.8612781091931154,94.50486774996297,-46.08903953594612,2.1950499205866936,5096.060429744154,yes
68,services,divorced,basic.4y,yes,no,unknown,cellular,dec,wed,526,12,20,1,failure,-0.5463148215405061,92.84215938550767,-27.232707089884048,0.8711425228924504,5211.390041232805,yes
62,admin.,single,high.school,unknown,yes,unknown,cellular,feb,wed,3224,9,11,6,nonexistent,-0.09925822073082799,94.20503790875799,-42.62941788476993,3.500954227407837,5201.216663357905,yes
35,self-employed,single,high.school,unknown,yes,yes,cellular,nov,fri,2781,24,2,1,failure,-2.2896972899968175,92.2888312949311,-34.871351817791584,3.6675523367843335,5088.774406883607,yes
64,self-employed,married,basic.4y,unknown,unknown,no,cellular,oct,tue,2253,8,26,4,nonexistent,-2.5828874915979525,94.28603665073003,-47.636093287652336,1.7806366648869354,4985.542379300741,yes
49,blue-collar,married,high.school,unknown,yes,unknown,telephone,dec,thu,2502,9,8,4,failure,0.5854660244233844,94.57926275738006,-40.05081392148704,3.4670130172556877,5149.926223001008,yes
47,admin.,divorced,university.degree,no,yes,no,cellular,apr,fri,3344,21,15,6,failure,0.6382258710881134,93.75654439423447,-31.77978421720788,0.8574476485376381,5057.862262278152,yes
53,self-employed,single,high.school,yes,yes,yes,telephone,mar,mon,3965,13,4,0,nonexistent,1.340530742995079,94.0606883336125,-27.608832784235915,0.7387484234444386,5171.425071660373,yes
26,admin.,divorced,basic.4y,unknown,yes,yes,telephone,jul,thu,1259,27,24,0,nonexistent,-1.7691487360595373,94.76582538125845,-46.561679133935215,2.395237308325892,5045.295636005013,no
53,technician,divorced,high.school,no,yes,unknown,telephone,oct,wed,1875,29,18,2,nonexistent,-3.116713269968157,93.05892372787555,-48.537860259650124,2.7315469420999525,5051.0496692016695,no
46,management,single,basic.4y,unknown,yes,yes,cellular,aug,mon,1763,9,21,6,failure,-1.115757746889318,92.08221139718272,-27.19866802961722,0.6818887957647141,5107.043789574225,yes
33,blue-collar,single,high.school,unknown,unknown,yes,telephone,aug,fri,520,6,12,2,nonexistent,-1.0972193816886044,93.9112885314041,-37.55503098417471,3.1956275679179993,4970.185468090731,no
45,technician,single,basic.4y,unknown,unknown,yes,cellular,apr,wed,1701,29,1,5,nonexistent,-3.224655055664982,92.03732334780166,-42.54444071693296,4.264124426232122,5008.4741873611965,yes
38,technician,single,basic.4y,unknown,yes,yes,telephone,oct,wed,1016,6,18,6,nonexistent,-0.6397051264682876,93.59127154574706,-27.849346029436507,2.4062443103662914,5188.799083601915,no
64,admin.,divorced,high.school,unknown,unknown,yes,cellular,feb,wed,3003,11,17,5,nonexistent,-2.1480686089083356,93.67293821286462,-41.474480526875595,3.8870239701389084,5216.61343082455,yes
73,blue-collar,divorced,high.school,no,no,yes,cellular,jun,thu,3902,10,11,6,nonexistent,-2.8281979887525788,93.63660199207017,-45.25510833557391,1.2649487843884886,5014.4069019865565,yes
19,technician,divorced,university.degree,unknown,unknown,no,cellular,mar,fri,2773,14,17,5,nonexistent,-0.4965219636350874,92.46457292663253,-31.596263823981978,2.930175892577235,5167.917492592199,yes
77,services,single,basic.6y,no,no,yes,cellular,aug,fri,1013,28,4,2,nonexistent,-2.0447396251548313,92.21469302976776,-43.29624873914307,4.072279587489351,4993.187645671743,yes
76,technician,married,basic.4y,unknown,yes,no,cellular,mar,thu,2548,6,25,1,failure,-0.7044464752798033,94.54168232452979,-43.10473035728844,3.6009794198253515,5088.626711626667,yes
63,services,divorced,basic.4y,yes,no,unknown,telephone,feb,fri,116,7,19,3,nonexistent,-3.326991810229892,93.51648375064465,-40.16474557790205,4.030465540057305,5098.089825583965,no
52,management,married,basic.4y,no,yes,yes,cellular,sep,wed,2433,9,26,0,nonexistent,-1.6421477178628443,92.90463543333627,-34.238279928173746,3.772995251710932,5112.705910024015,yes
71,services,married,basic.4y,unknown,unknown,yes,telephone,sep,wed,1367,3,19,2,success,0.7540309430357056,94.16088681976937,-30.68185024061372,1.1325228901976563,5059.200624589705,no
45,services,married,high.school,no,no,no,cellular,sep,wed,583,12,28,6,failure,-0.2794377439113033,94.58063198358658,-45.39448803300599,1.0517416472236558,5190.043304849578,yes
72,admin.,single,high.school,unknown,no,yes,cellular,mar,fri,394,16,7,1,success,0.7640487992115417,93.13180560008612,-42.13654653401834,4.892389499963091,5043.8643841941475,no
53,technician,single,basic.6y,unknown,no,no,cellular,feb,tue,1087,13,29,4,nonexistent,0.15427758999247732,92.27525460290909,-38.94156935589861,2.722149465595407,5091.942934459774,yes
79,management,divorced,basic.4y,no,yes,no,cellular,apr,mon,3788,6,21,3,nonexistent,0.054634134433877574,93.93932659886022,-50.18790306174994,3.8225409316194705,5014.869532427565,yes
48,technician,divorced,basic.6y,unknown,yes,yes,cellular,feb,tue,2768,13,15,4,nonexistent,0.7761111704653634,94.54107738971784,-34.1391770631581,3.5987555464973067,5115.118960391498,yes
50,services,single,university.degree,unknown,unknown,unknown,cellular,aug,thu,71,26,25,5,failure,-3.3061930574509666,94.74513978319933,-37.273372690019585,0.7948938496403567,5015.751872696876,no
40,self-employed,single,basic.6y,unknown,unknown,unknown,cellular,oct,tue,3860,5,1,6,nonexistent,-1.3840081189248836,94.27791730102099,-47.6079060787613,2.7852467294663783,5027.477984666384,yes
77,services,married,basic.6y,unknown,yes,unknown,cellular,jan,tue,273,4,12,4,nonexistent,1.2099874792253287,92.7510067204026,-47.68516234668316,2.8940364707728943,5079.282211303242,yes
58,technician,single,university.degree,unknown,unknown,no,cellular,feb,thu,2013,8,999,6,nonexistent,-2.549623662128138,93.00301666708393,-29.405145989571302,4.157798944190825,5037.067549669994,no
34,management,single,university.degree,unknown,no,no,telephone,jun,tue,1343,3,4,3,nonexistent,-0.2621086927100338,92.38287118596308,-34.468856017726246,4.8335881220432295,4974.2142669729865,no
63,self-employed,single,basic.6y,no,no,yes,telephone,sep,mon,337,2,22,1,nonexistent,0.39292734715877764,93.99568761093326,-41.525351363191064,1.8734928174698915,5174.256210703587,no
66,management,single,university.degree,yes,no,no,telephone,oct,fri,1389,20,20,6,nonexistent,1.081301696952532,92.47391232603215,-42.719856409565054,0.8589419458002278,5180.527077241817,no
18,admin.,married,basic.6y,unknown,unknown,unknown,cellular,dec,thu,3566,19,11,4,nonexistent,0.7846279596383308,93.20950505488415,-43.227207509882454,2.6913385732678368,5201.838829111688,yes
59,services,divorced,high.school,no,no,yes,telephone,may,tue,606,7,3,1,nonexistent,-0.15241006796248358,93.48891566877168,-35.15363447869338,0.7313291276796627,5222.7800769265195,no
40,services,married,high.school,yes,no,unknown,cellular,may,wed,165,12,4,4,success,0.013569725152293583,93.07109161303345,-46.527912637968825,2.2958435270194038,4993.552717059067,yes
65,admin.,single,basic.6y,no,yes,yes,cellular,mar,wed,1567,29,10,2,failure,-1.7534258350127705,92.41914889969536,-27.20030510819154,1.8023474699399729,5036.206541483428,yes
44,technician,single,university.degree,yes,yes,unknown,cellular,aug,thu,2058,4,9,6,success,-2.325109200622497,92.81149724561017,-34.37937663934106,1.6690909243318457,5130.3985237988245,yes
42,services,divorced,university.degree,yes,unknown,yes,telephone,dec,wed,1324,10,7,5,failure,1.2013895193445356,93.77174209717879,-47.761830101597575,0.6070885036551327,5195.399620005134,no
49,technician,divorced,high.school,yes,yes,unknown,telephone,jun,mon,728,28,20,3,nonexistent,1.2827167065896594,94.0351062442855,-47.50107938197415,1.7027616093809326,5006.5315344409855,yes
36,management,divorced,high.school,no,unknown,no,cellular,oct,tue,2848,9,8,0,nonexistent,-1.3619071811812886,93.72098111982403,-35.30579047103802,2.0076361992639526,5091.497918688498,yes
41,self-employed,married,university.degree,yes,unknown,unknown,cellular,dec,mon,2043,29,25,3,nonexistent,-1.428042232996116,94.70410561066129,-41.642134722960314,4.608559923835322,5222.489092791684,yes
74,self-employed,divorced,university.degree,unknown,yes,yes,telephone,feb,mon,101,12,6,4,nonexistent,-1.2317544289995732,93.71816472466037,-35.027010112655624,0.988331017071557,5051.156744358244,no
20,self-employed,single,university.degree,unknown,yes,unknown,telephone,dec,fri,3496,11,26,4,nonexistent,-1.1852133398342861,92.63095069451276,-33.531846544040064,3.9747580452730937,5093.49672118084,yes
77,blue-collar,single,university.degree,yes,unknown,no,telephone,dec,tue,1415,21,28,5,nonexistent,0.6423992727826211,93.37494816590447,-37.94371063491586,3.789396816494288,5147.110683682621,yes
29,admin.,single,basic.6y,yes,unknown,yes,telephone,may,thu,778,19,13,6,nonexistent,-1.3326664722318218,94.34144225384419,-44.668365930083084,2.035506521480854,5075.146600590046,yes
52,self-employed,married,university.degree,unknown,unknown,no,telephone,apr,wed,213,2,10,2,nonexistent,0.8352864351243846,92.91224454911199,-37.627249239496834,4.59072745144146,5153.389229056073,no
32,services,divorced,high.school,no,no,unknown,telephone,nov,fri,3762,6,29,2,nonexistent,-0.06311329497703312,94.06368614074307,-40.71741730194661,3.4833683704821183,5002.65455226676,yes
34,admin.,divorced,high.school,no,no,yes,telephone,oct,mon,1111,6,17,3,nonexistent,1.2338784464982597,94.19853740456098,-29.520944262113858,1.026790646610459,5024.592920990757,no
67,management,divorced,basic.4y,unknown,yes,unknown,telephone,sep,wed,1576,1,24,0,failure,-0.16211023381299675,94.6151026248832,-33.108949346677825,1.4976599779923263,5065.932772466374,yes
49,management,divorced,university.degree,no,no,yes,telephone,apr,tue,2448,7,17,5,nonexistent,-1.4215534814942314,93.1232910843717,-36.006279160926816,2.36498438834982,5223.843069293209,yes
24,management,single,basic.6y,no,no,no,cellular,aug,mon,2635,12,21,3,nonexistent,1.006301746243239,92.72638787700765,-49.85062209780379,4.8560941194744665,5055.850909231587,yes
36,management,married,basic.4y,yes,unknown,no,cellular,jan,mon,2936,21,29,0,nonexistent,-2.296986796621945,93.42225511909587,-27.134946242105773,1.7634538839307659,5205.760717603022,yes
24,blue-collar,divorced,basic.4y,no,no,no,cellular,may,tue,3117,23,7,1,nonexistent,1.2317865571356152,94.782313260954,-37.26611352550828,2.4841441620458524,5195.004274544861,yes
22,technician,single,basic.6y,unknown,yes,unknown,cellular,sep,thu,1695,12,1,4,nonexistent,-3.1915408249426616,94.52596391842512,-44.61043488243273,3.066956776869474,5163.510437271911,yes
75,technician,single,basic.4y,no,no,yes,telephone,mar,fri,3534,20,21,1,nonexistent,-0.3234851339913096,92.7950741783193,-36.66253674976602,2.1642721135510707,5061.556301145648,yes
57,self-employed,married,basic.4y,yes,no,no,cellular,nov,tue,591,21,20,3,nonexistent,-3.3124016751084007,92.5508040593656,-31.252286745638887,3.684286515696987,5051.001965805784,no
38,blue-collar,divorced,high.school,unknown,no,unknown,cellular,jun,wed,1333,23,6,0,nonexistent,-2.4209258951215746,93.33548226810461,-37.928487302821615,3.507924344499827,5132.798810822214,yes
65,technician,married,basic.4y,unknown,yes,unknown,cellular,nov,wed,1109,6,25,0,success,-1.1729187846408458,92.46416863384339,-32.23235475453681,0.8657884297240601,5025.113411990506,yes
65,management,divorced,basic.6y,unknown,yes,yes,telephone,oct,mon,2139,14,28,1,success,-2.6402894414169764,94.12248764152412,-40.92839806834176,2.486490068722823,5058.956778565971,yes
68,technician,married,university.degree,yes,unknown,no,telephone,jun,fri,3731,17,4,2,nonexistent,1.3463544305765616,92.10251528138271,-36.699889405338695,4.036763148136697,5179.203104862561,yes
74,admin.,divorced,university.degree,unknown,no,unknown,telephone,nov,thu,2720,17,13,2,nonexistent,0.31045997746386,92.6292320821821,-40.708219094057846,3.415611177183973,5019.334114384244,yes
64,self-employed,divorced,university.degree,yes,unknown,no,cellular,jun,thu,713,18,13,5,failure,0.6841018618067536,92.0510182613002,-38.18566599802354,2.624819909135404,5182.638096060808,yes
24,technician,married,high.school,yes,unknown,yes,cellular,apr,wed,935,13,2,1,nonexistent,1.2995382004401845,92.6348671104836,-46.79651421008891,3.8114232379947834,5109.607052481563,no
54,admin.,divorced,high.school,no,yes,no,cellular,jul,thu,1951,13,5,2,nonexistent,-0.1611102164161702,92.14647430366917,-36.4924546200387,3.550147244217791,5098.909249551096,yes
40,services,married,high.school,unknown,unknown,no,cellular,mar,wed,241,27,22,0,nonexistent,-2.120328719421996,93.88594650446893,-27.403067104064146,4.285483751515852,5125.9024850410715,no
28,admin.,married,basic.6y,no,no,unknown,telephone,jun,fri,2043,11,16,3,success,0.23337745504127372,93.5967667145779,-32.52088495257775,0.8243831344113435,5130.609633937423,yes
27,admin.,divorced,university.degree,no,unknown,unknown,telephone,oct,mon,3936,3,23,2,nonexistent,-0.5953065423954227,92.59895885748266,-43.15084145665702,2.95523022495969,5111.2794326122,yes
74,management,divorced,basic.6y,yes,yes,yes,cellular,may,wed,1,17,7,5,nonexistent,-2.1160045242373435,92.57421611436968,-30.153738407349053,3.5054152262250957,5149.128025351797,no
38,management,married,basic.6y,no,yes,yes,cellular,mar,fri,2272,26,28,0,failure,-1.6370346089955488,92.81534182292214,-29.39217193417734,3.5719384210101977,5058.295200638757,yes
72,self-employed,single,basic.4y,no,yes,yes,telephone,feb,wed,2848,2,19,5,nonexistent,-0.48223396742646596,94.23499617626639,-46.574329921105345,4.658728180176068,5178.036813906031,yes
76,management,married,university.degree,no,no,unknown,cellular,dec,tue,1768,28,29,6,nonexistent,-1.5018186385641212,92.42140915088399,-49.53010072708364,2.4111128275510465,5022.108704748239,yes
58,admin.,single,basic.4y,unknown,unknown,yes,telephone,jan,wed,1949,2,29,3,success,-2.271366506682595,92.34076228598124,-37.11782499934774,4.098506641129555,5152.542996973128,no
50,blue-collar,single,high.school,no,no,yes,telephone,aug,fri,2636,7,23,0,nonexistent,-1.3363686740225051,93.42254093770359,-39.426399018450596,4.0585509317631185,5065.542711425743,yes
37,management,married,high.school,yes,yes,unknown,telephone,jan,thu,2163,27,2,6,nonexistent,-2.278715801665629,94.42186037489128,-33.718999654306124,1.782996866092314,5147.390814188303,yes
50,management,married,basic.6y,unknown,no,yes,cellular,may,wed,3737,29,28,6,nonexistent,0.8005308128218338,92.62751081235292,-43.79589734621443,1.7805050334368733,4972.175986558535,yes
57,admin.,married,basic.6y,yes,yes,unknown,telephone,may,mon,917,28,14,6,nonexistent,-0.06844641153867816,92.29751761642555,-41.712934771205,4.748518987802903,5066.83254429018,yes
52,services,single,basic.4y,unknown,no,yes,cellular,jan,fri,3174,22,4,4,nonexistent,-1.5926199773030054,93.37672797406293,-44.49393081778097,2.0273715208684706,5218.345692717132,yes
51,services,married,basic.4y,unknown,no,unknown,cellular,sep,thu,2241,25,18,6,nonexistent,1.1381167036931403,94.05003366940866,-43.81791415733118,2.4233692701183984,5115.123391751243,yes
79,technician,married,basic.6y,unknown,unknown,no,telephone,may,fri,3237,10,1,3,nonexistent,-1.5330473946190424,93.7313025467925,-50.57803223350533,3.2573874178008295,5095.668666136162,yes
53,self-employed,divorced,university.degree,yes,unknown,unknown,cellular,sep,wed,2918,14,20,4,failure,-0.6425479124679309,93.17086386322941,-38.592943156772385,1.9929085743322499,5029.048295096175,yes
44,services,divorced,basic.6y,no,yes,unknown,cellular,nov,tue,89,21,7,6,nonexistent,-0.9430138274132013,92.11311455624046,-39.49160533706858,3.5119230795855683,5093.5992823878105,no
36,management,divorced,university.degree,unknown,unknown,unknown,telephone,jun,tue,1709,19,8,2,nonexistent,-2.8148006538334993,92.8416612093797,-42.29459365916042,1.8735425264934564,5181.3914966991115,yes
60,blue-collar,married,basic.4y,yes,unknown,yes,cellular,jul,mon,2169,17,4,5,nonexistent,-1.3657984679895514,94.5739039853553,-37.88945101930858,2.920251667755304,5053.115990444134,yes
22,technician,married,high.school,unknown,no,unknown,cellular,jul,mon,142,16,2,2,failure,-3.0277810588564176,92.6240148903667,-41.4369285748886,3.0621839407144797,5113.011420845665,no
46,self-employed,married,high.school,no,yes,unknown,cellular,feb,thu,3041,17,11,0,nonexistent,-2.5813537038369536,93.71907300231939,-40.461787664703664,4.122484024707013,5141.755449629213,yes
73,blue-collar,single,basic.4y,unknown,no,yes,cellular,may,tue,105,18,2,1,nonexistent,0.3801356725173,94.54083966049566,-50.75257168184015,4.384312512203196,5069.631176351035,no
27,blue-collar,single,basic.4y,yes,no,no,cellular,feb,wed,886,29,23,0,nonexistent,-1.9472227624616523,93.36670651932879,-49.21526155371071,3.5990165712200253,5038.463863044946,yes
73,management,divorced,high.school,unknown,unknown,unknown,cellular,apr,fri,427,27,18,6,nonexistent,-2.973011737419725,93.24958082552916,-47.198209625353435,1.7880496487457818,5004.748808245967,no
76,admin.,single,university.degree,yes,unknown,yes,cellular,dec,fri,1328,11,15,5,nonexistent,0.05100161401790398,92.39497905931097,-46.401910452839005,2.6409759026010797,4990.365132274853,yes
72,admin.,single,basic.4y,no,yes,no,cellular,mar,tue,1895,19,24,5,failure,0.4515033644154954,94.74571258931111,-39.99259733930739,3.076532782772174,5027.37074754151,yes
57,admin.,single,university.degree,no,unknown,unknown,cellular,dec,tue,1994,11,25,5,nonexistent,-0.6252284215484564,92.49467490797672,-29.889630823826064,1.9104371265303526,4968.768392727224,no
30,services,divorced,university.degree,unknown,no,no,cellular,nov,fri,316,10,15,4,nonexistent,0.9949358370104349,93.34808171921775,-41.09579108602674,4.736000752903521,5164.663980416185,no
46,admin.,divorced,high.school,no,unknown,unknown,telephone,jun,thu,1986,14,999,5,nonexistent,0.6773247634441648,92.47972234783943,-35.81010049124859,1.0779464599423911,4993.162849611973,yes
22,self-employed,single,university.degree,yes,yes,unknown,cellular,nov,fri,634,14,16,3,failure,-0.7469781246973858,92.97547376037613,-50.18331063272602,4.267199155408557,5201.380684748508,no
75,management,married,high.school,unknown,yes,no,telephone,may,mon,1925,10,20,1,nonexistent,0.13764989508605524,94.47522468099788,-30.369193271508056,2.4762325420933315,5098.682253228744,yes
75,services,divorced,basic.4y,yes,no,no,cellular,jan,wed,2056,21,19,0,nonexistent,-1.819639189184809,93.80129800955109,-48.096085585440136,4.760242445675743,5084.465349517207,yes
76,self-employed,single,basic.6y,unknown,no,no,cellular,feb,tue,2821,23,2,4,nonexistent,-0.34583225346758084,92.02756389507206,-44.00549488709317,2.9431858049929644,4980.7347598779215,yes
29,admin.,married,basic.6y,yes,unknown,unknown,cellular,jul,tue,3144,4,16,4,nonexistent,1.2892552690963848,94.70693491469153,-31.28001388837364,3.810718601679848,4998.866018570126,yes
76,self-employed,married,basic.6y,unknown,yes,unknown,telephone,sep,thu,3430,10,22,2,nonexistent,0.4393875267257401,94.1949409848886,-44.46942715472716,3.831718428629698,5190.212427783402,yes
30,blue-collar,divorced,basic.6y,yes,no,yes,cellular,jan,mon,2270,27,16,0,nonexistent,-1.6022238769522137,94.79310075262873,-44.63380517323842,3.67121557946846,5141.548000086029,no
39,management,married,basic.6y,yes,unknown,yes,cellular,apr,fri,1439,6,15,0,nonexistent,1.0753564320180073,94.13602677180643,-36.38863262912027,0.8172606916950973,4988.6052241854495,yes
57,management,divorced,basic.6y,unknown,unknown,yes,cellular,nov,mon,552,22,5,5,nonexistent,0.5606555269212609,94.14159024177303,-29.21244247243365,3.337559561283444,5143.769245686318,no
32,self-employed,single,university.degree,yes,unknown,unknown,cellular,mar,mon,3441,29,25,6,nonexistent,-3.2213377375524463,93.95826064022789,-45.69378175857939,4.53716143418377,4998.237607256653,yes
30,technician,divorced,university.degree,no,no,no,telephone,dec,thu,715,11,17,5,nonexistent,0.18082395709242022,93.18508907969684,-35.96244268157342,4.3114350711795435,5157.37632152271,no
18,management,married,basic.6y,yes,no,yes,cellular,dec,thu,1287,18,13,4,nonexistent,1.286716516633489,92.88184668741232,-36.45550444069084,4.62576759999276,5213.437638906431,yes
71,blue-collar,divorced,basic.4y,unknown,unknown,unknown,telephone,nov,fri,3911,6,19,0,failure,-1.8750084972381587,93.47052387466961,-35.03740146307309,2.555306047124822,5164.183242320765,yes
55,management,divorced,basic.4y,no,unknown,no,cellular,may,fri,1713,21,7,5,success,-2.07838534124554,92.49906519314094,-28.17221801477593,2.600238100884342,5181.498047803288,yes
60,technician,single,university.degree,no,no,yes,cellular,may,wed,1883,15,18,6,success,-0.32767832915179995,94.02280721129868,-46.835424712440826,4.156024936260487,5127.752940768728,yes
62,management,married,university.degree,yes,yes,no,telephone,dec,mon,3389,27,8,2,failure,-2.8714144196745255,94.79249356418374,-35.16085990565256,1.9352668938088422,4964.58221429533,yes
70,management,divorced,basic.6y,yes,unknown,no,telephone,oct,fri,1107,6,20,1,nonexistent,-0.1601155946018855,93.68261660675927,-46.44111651686888,3.9663255018952794,5171.284457694197,no
69,technician,single,basic.4y,yes,yes,yes,cellular,oct,thu,1341,20,21,4,failure,-2.3124181757557705,94.39808107443042,-43.288201182971115,2.819364513800778,5070.4853779683235,yes
18,management,single,high.school,no,yes,yes,telephone,nov,wed,110,1,17,2,nonexistent,-1.2326507781517295,92.48252055030933,-41.47991934824292,1.7630503436504184,5194.520739565224,no
28,self-employed,single,basic.6y,no,no,unknown,cellular,feb,wed,250,9,999,2,nonexistent,0.8814570024587413,94.31019725999145,-30.834158316664013,3.4321977887069073,5115.10509285691,no
75,services,single,university.degree,no,no,no,cellular,may,thu,2430,14,20,3,nonexistent,0.4245787491019214,94.54081353372113,-49.51633028409475,1.9014956700947383,5014.268829569612,yes
60,self-employed,single,university.degree,unknown,yes,yes,cellular,apr,fri,2054,3,16,1,nonexistent,-2.8816383107372157,94.34882917531793,-33.26570624890985,3.555824775233849,4978.112830950803,yes
57,management,divorced,university.degree,unknown,no,yes,telephone,jan,thu,458,1,3,2,failure,0.25464516953935373,93.7563267002725,-28.989050397269498,3.1049522110431838,5110.42141066487,yes
39,admin.,divorced,high.school,yes,yes,no,telephone,dec,fri,1107,14,15,3,nonexistent,-1.4237880164138563,94.59386415424834,-48.90612002844875,3.7776549549315446,5113.534605182243,no
52,admin.,married,basic.4y,unknown,yes,no,cellular,jan,thu,207,14,23,3,nonexistent,1.3733201224208067,94.69210760892562,-31.901552613582837,3.2358662755221648,5191.08790487796,yes
77,services,divorced,university.degree,unknown,no,no,cellular,jan,thu,899,4,29,0,success,-1.9612665458961078,94.2830182082078,-48.22735025739905,3.936454336120985,4973.849966103614,yes
68,management,married,basic.6y,yes,no,yes,cellular,aug,tue,3461,14,11,5,nonexistent,-1.1411240639532463,93.53192097863145,-27.78779780810947,4.98332463210803,5180.8228150495215,yes
61,blue-collar,married,high.school,yes,unknown,yes,telephone,mar,fri,3385,23,12,2,nonexistent,-1.7623465622028007,94.33883743181893,-31.312783361731537,2.6581779042771863,5070.890079190648,yes
23,management,married,basic.4y,no,no,unknown,telephone,sep,mon,21,4,1,4,success,-0.5862751395796576,93.04143397557301,-34.18987426956709,3.2323038666600783,5103.3453654253335,yes
45,admin.,divorced,basic.6y,no,unknown,no,cellular,oct,tue,409,11,21,0,nonexistent,-2.1237965124898723,92.97045598639772,-37.65357865913845,1.0483194925707735,5104.681847463378,no
48,technician,single,basic.6y,yes,no,yes,cellular,feb,tue,894,20,11,1,nonexistent,0.9807047530015152,92.97414083633738,-28.792462031271704,4.781803706506531,5064.725220163187,no
72,services,married,high.school,yes,no,yes,telephone,sep,tue,514,9,9,5,nonexistent,-0.4384522019989092,92.55781106015496,-47.95419593208199,3.2238817896470247,5012.797437838005,no
25,technician,single,high.school,unknown,no,no,telephone,nov,tue,3198,11,28,4,nonexistent,1.1250071532869852,93.74424561771343,-47.889357296949306,1.0523285739976693,4984.448694335282,yes
22,blue-collar,married,high.school,unknown,no,yes,telephone,sep,mon,808,15,29,4,failure,-0.13351461306112963,93.85213882785249,-31.142500638613946,2.3600513649486214,5018.3489372488775,no
59,management,divorced,university.degree,unknown,yes,no,telephone,apr,tue,3771,6,14,3,nonexistent,-2.5079941304286986,94.40699093083181,-39.27255490992331,0.9576917933565492,5152.522980413916,yes
71,blue-collar,married,basic.4y,yes,no,yes,cellular,apr,mon,873,25,4,2,nonexistent,-3.3259858310355312,93.94463008744619,-30.603152318641364,2.787683571983082,5144.058054986376,yes
65,technician,divorced,university.degree,yes,yes,no,telephone,apr,mon,13,12,999,3,nonexistent,-1.4436289301813872,94.18382399804672,-41.463184831388375,1.819029879983841,5142.248864063812,no
61,management,single,high.school,no,no,no,telephone,dec,tue,970,28,7,3,nonexistent,1.3688504117650309,93.9287299258525,-40.00054076258529,2.0972280247469195,5203.683885860317,no
34,self-employed,divorced,high.school,unknown,no,yes,cellular,jan,wed,3025,13,20,2,success,0.8092534621532724,93.95172742109223,-42.86331979543256,0.9039435778585975,5084.442461570135,yes
55,self-employed,single,high.school,no,yes,no,telephone,may,mon,3061,18,24,2,nonexistent,0.6646468730392603,92.95353563037644,-28.07735554104703,3.9545968672037852,5164.391808224718,yes
26,blue-collar,divorced,university.degree,yes,no,unknown,telephone,jun,tue,3083,23,17,6,nonexistent,-0.6703157722318096,94.70447736912743,-39.68769393195479,4.300957373369078,5140.343056014384,yes
27,self-employed,married,basic.6y,unknown,unknown,unknown,cellular,apr,thu,2134,23,5,2,nonexistent,-2.944770951098043,93.78861441490031,-32.75317996798108,1.2165959258485253,5211.4465171090005,yes
37,self-employed,married,high.school,no,unknown,no,cellular,aug,thu,3595,14,22,3,nonexistent,-3.32715956490367,93.64398226410357,-34.16777930008111,3.9028709881455574,5140.762279273255,yes
31,admin.,divorced,university.degree,yes,no,unknown,cellular,mar,fri,2956,24,999,5,success,0.6253892818456485,94.37220679583736,-45.18142204671511,1.1657057670619497,5011.269055969333,yes
31,self-employed,single,high.school,no,unknown,yes,cellular,nov,mon,1560,26,13,6,nonexistent,-2.5485154406613906,93.1786769368344,-28.955821028348076,0.976383933701887,5160.45359291465,yes
43,admin.,single,university.degree,unknown,unknown,yes,telephone,sep,mon,1324,11,9,2,nonexistent,-3.031854130767411,92.26950698824754,-37.78209804217335,1.1020083443951287,5058.284524559829,yes
46,services,single,basic.4y,no,unknown,no,cellular,jul,thu,1266,25,3,2,nonexistent,0.006828504719380531,92.67228720722576,-30.346235468432077,0.7398491848983046,5031.044871173534,no
66,admin.,divorced,basic.4y,no,unknown,yes,cellular,aug,mon,2169,24,17,4,failure,-3.394363306990258,94.26265673474792,-30.9107095924259,2.2547283009936616,5037.171841278173,yes
79,admin.,divorced,university.degree,yes,yes,yes,telephone,jul,mon,3218,2,22,3,nonexistent,0.15592452956624422,94.0490802757829,-49.39778783927037,4.792856826002484,5181.83339082858,yes
44,technician,divorced,high.school,unknown,yes,unknown,cellular,sep,thu,3638,19,18,2,failure,-2.4768077349314552,92.328128595986,-35.987430205018065,4.5567215395354435,5083.379086138432,yes
42,admin.,divorced,university.degree,no,yes,yes,cellular,feb,tue,749,28,24,3,nonexistent,-1.8573067132522858,92.19502762595631,-31.943271233612837,2.060391438395093,5087.677022420761,no
33,admin.,single,basic.4y,yes,unknown,yes,cellular,apr,thu,3427,2,7,1,failure,-2.5758508449847315,93.74133734360795,-29.134691287588538,4.096449956909144,4966.426201290662,yes
53,technician,single,university.degree,unknown,unknown,unknown,telephone,feb,wed,684,17,11,0,nonexistent,0.330310861718072,94.6282151003475,-38.69953317238812,4.228177666935449,5035.055864997954,no
51,admin.,divorced,basic.4y,yes,yes,no,telephone,aug,thu,1927,29,9,4,nonexistent,-1.0730910150378543,92.4897779142585,-32.85796780688152,1.26905702790401,5197.253364486981,yes
33,self-employed,divorced,basic.4y,unknown,unknown,no,telephone,feb,thu,3804,23,12,6,nonexistent,-2.604016780339201,93.53726204683694,-27.625832719750246,1.6096032801674327,5095.339188212275,yes
50,admin.,single,basic.6y,yes,yes,unknown,telephone,aug,tue,3702,8,6,4,nonexistent,-3.2150498604389064,94.27350884152132,-31.014565986894425,3.6381807587813837,5073.733424297655,yes
20,services,single,high.school,yes,yes,unknown,cellular,jun,thu,2356,5,23,6,success,1.336205849470045,93.48033941991405,-30.379286327005783,1.7617355588773218,4983.167134922415,yes
40,admin.,married,university.degree,yes,yes,yes,telephone,jul,thu,694,26,16,3,failure,0.02896343032163063,92.98315393397786,-41.06594060263781,4.727872841026479,5041.206693423405,yes
28,admin.,divorced,high.school,no,unknown,yes,telephone,nov,tue,2335,29,25,2,nonexistent,-0.13622818460998512,94.21360470914435,-48.60864075309119,1.6151342875985009,4998.303640580694,yes
65,services,married,high.school,no,yes,no,cellular,jun,thu,306,11,11,6,nonexistent,-0.9865172691874167,94.15943265549214,-27.71191762974136,4.116240155005222,5007.085394195115,no
75,technician,single,basic.4y,yes,no,no,telephone,dec,tue,3883,25,5,3,nonexistent,-1.3120665154641118,94.3253590983315,-34.16993639643021,3.9356414804072775,5053.2174280059835,yes
35,self-employed,single,basic.4y,unknown,yes,unknown,telephone,sep,wed,3665,20,22,5,failure,0.42062988547429997,94.64628526693409,-46.709180614569405,2.816537121115197,4981.346281538841,yes
64,admin.,divorced,university.degree,yes,yes,yes,telephone,apr,tue,1989,1,6,0,nonexistent,0.5677165402511309,92.42176711895523,-27.525410553092172,1.7584132219121011,5169.455263570768,no
58,self-employed,married,university.degree,no,no,unknown,telephone,jan,mon,2961,20,12,4,nonexistent,-3.106714188221659,92.95418628295404,-33.69271261927824,0.748980566312444,5128.08156964914,yes
61,blue-collar,single,university.degree,unknown,unknown,no,telephone,sep,mon,3794,16,13,4,nonexistent,0.7252178853295796,94.76076447959086,-48.64019698073317,4.244887381605381,5175.131797100343,yes
46,self-employed,married,basic.4y,no,yes,no,cellular,oct,tue,661,5,24,0,nonexistent,0.2554415795734712,93.66470151415979,-46.71755822228286,2.2621266287368287,5055.604877819116,no
76,technician,married,basic.6y,yes,no,unknown,cellular,aug,thu,548,27,22,3,nonexistent,-1.0661787549027895,93.87636382220663,-30.116691706780983,2.0964850684267455,5022.362413124962,no
67,technician,married,university.degree,no,unknown,yes,cellular,jan,fri,3423,28,27,4,nonexistent,-1.113642823836627,94.47546671384683,-28.003403506007107,0.7957724558115254,5119.6540888801555,yes
22,admin.,married,basic.4y,no,no,yes,telephone,oct,fri,311,16,22,2,nonexistent,0.607024924922986,93.93492348725965,-42.080627266634764,1.2658490350418374,4969.404563879397,no
41,services,married,basic.6y,no,yes,unknown,cellular,jun,wed,2920,24,12,3,success,0.40909735767037314,93.9130541891808,-40.923040885310684,2.218827740482026,4987.146535739898,yes
46,technician,divorced,high.school,yes,no,no,cellular,oct,wed,1082,5,5,2,nonexistent,-2.733775128665389,92.29260837549425,-41.34863631399889,3.6396501559076255,5159.716572387065,no
46,services,divorced,basic.4y,no,unknown,unknown,telephone,dec,fri,3714,28,18,6,nonexistent,-0.7638619105012708,93.41915459126196,-30.834986932896665,1.5122454445026425,5198.314291603057,yes
77,blue-collar,married,university.degree,yes,yes,unknown,cellular,dec,fri,2971,10,12,5,nonexistent,1.2529156567533042,93.88494161616346,-39.96717834061472,1.3198874528940931,5017.948683880552,yes
43,services,divorced,university.degree,yes,no,yes,cellular,apr,tue,1737,9,21,5,failure,0.13021672355153496,94.26041687009432,-41.831352496880655,1.7541040796360603,5172.8177237694945,yes
57,management,single,basic.6y,no,unknown,no,telephone,nov,fri,754,22,8,5,nonexistent,1.2702957780603288,93.15706667081776,-35.93733980906511,1.8471076582719588,5065.078039808599,no
20,services,married,basic.6y,unknown,unknown,no,cellular,feb,mon,34,24,10,1,nonexistent,0.32478787255824576,92.34589814901227,-39.07626224820883,2.4039242642617404,5073.613058951592,no
19,technician,divorced,basic.4y,no,yes,yes,cellular,mar,wed,444,19,9,0,nonexistent,-0.8816250834467573,93.02431175055375,-38.05117966418219,2.188117916728528,5197.4231244961065,no
42,services,divorced,basic.6y,no,yes,no,telephone,dec,wed,2140,29,2,5,nonexistent,-0.49646721640223945,93.20325898393709,-41.07238532904707,0.9252642136954117,5127.8651680519615,yes
36,services,single,basic.4y,no,yes,no,telephone,dec,mon,1982,3,18,4,nonexistent,0.005184236156392571,94.10282508079995,-39.79371079954305,3.318813170744894,5178.354261168556,yes
57,management,single,basic.6y,unknown,yes,yes,telephone,sep,wed,1230,9,26,0,failure,0.09836817854288903,92.05538652476605,-49.940189552605915,1.1740369319349142,5168.790223625122,yes
19,management,single,high.school,unknown,no,no,telephone,may,fri,352,22,6,0,failure,0.1882822469047763,93.08023390459225,-28.673802517676968,4.42109674531978,5115.447334021643,no
36,admin.,single,university.degree,yes,unknown,no,telephone,jul,wed,902,20,22,2,nonexistent,1.0652448477943006,93.25407412551893,-50.06931106904988,4.381860915421337,5161.40846426188,no
18,technician,married,university.degree,unknown,yes,unknown,telephone,feb,mon,1355,8,4,6,nonexistent,-1.9160083683426665,93.54032366825024,-32.329783622986895,0.9185053542488544,5150.921075563175,no
79,admin.,divorced,high.school,unknown,yes,no,telephone,aug,wed,3888,4,23,4,success,0.5814682090982338,94.71599858127672,-43.671377298894704,2.4176355193623746,5090.634987129851,yes
44,management,divorced,university.degree,no,yes,unknown,cellular,mar,fri,2909,11,23,1,nonexistent,-0.6655278277732063,94.0736857745784,-48.11712253289312,2.6982780670367332,5003.761125924893,yes
71,services,single,university.degree,yes,no,unknown,telephone,jan,tue,1748,4,26,0,failure,0.8495824550426462,92.62280193280804,-36.22830854764163,4.981819639658123,5034.056678941607,yes
62,management,divorced,university.degree,yes,unknown,unknown,telephone,aug,fri,158,12,26,2,nonexistent,-0.370750017434561,93.77425446704521,-33.903855963940984,1.705540092375531,5063.151183234482,no
72,blue-collar,divorced,university.degree,unknown,unknown,yes,cellular,nov,wed,1977,23,14,5,success,1.088713890058725,92.9691585442999,-35.73818088612072,3.398181077467292,5118.779238490377,yes
69,services,divorced,high.school,unknown,yes,yes,telephone,nov,thu,956,7,1,2,failure,-1.3646390258638053,94.27196080724909,-37.0315983242067,2.6111896727543225,5042.361985282165,no
66,admin.,single,basic.4y,no,unknown,no,telephone,sep,wed,2071,28,10,5,success,-2.9233945898547575,92.47899523331037,-37.985141585370606,3.9818101382573996,5017.919096936896,yes
52,services,divorced,university.degree,unknown,no,unknown,telephone,aug,wed,403,8,5,6,nonexistent,-0.3046560127706416,92.40460864568091,-37.868696557798074,1.6931250783655765,4973.002674028553,no
58,blue-collar,divorced,high.school,unknown,unknown,no,cellular,jan,mon,2852,10,4,4,nonexistent,0.3180291570980232,92.28390285940564,-30.116435819931592,3.5960532976897674,5019.812778324324,yes
22,management,divorced,university.degree,yes,yes,no,cellular,dec,thu,515,23,19,3,success,-0.08111581153150368,93.52349311490869,-48.645327708804615,1.171522364297195,5106.1863293104125,yes
55,technician,married,high.school,unknown,unknown,no,cellular,jul,mon,2779,29,6,3,nonexistent,0.07991096708156636,92.34511419096717,-47.03888692589797,0.666559186438566,5000.529849124174,yes
21,self-employed,married,high.school,no,no,no,cellular,jul,mon,1387,24,3,6,nonexistent,-3.261373117502329,92.11691009283949,-31.377641487016668,0.6801810611372854,4971.364547130074,no
34,technician,divorced,basic.4y,yes,no,no,telephone,apr,fri,3453,13,4,1,failure,1.2316338921989123,92.93087691450206,-43.557345583404256,2.767834609872752,4983.356095921588,yes
79,technician,divorced,basic.6y,yes,unknown,unknown,cellular,dec,tue,2579,24,23,6,failure,-2.1319389868064547,94.23486643264123,-32.35971284422977,3.991223334568008,5215.43191450011,yes
70,management,divorced,basic.4y,unknown,unknown,unknown,cellular,aug,wed,955,14,4,5,success,-1.4134620108981486,92.43700666873654,-42.37056691520102,3.1415597086616187,4972.982411669249,no
38,technician,divorced,basic.4y,no,yes,unknown,cellular,may,thu,2199,16,26,2,nonexistent,-1.3915708662227144,93.00209274254777,-28.682698207475315,0.7598212956789898,5088.532414363897,yes
70,blue-collar,divorced,university.degree,yes,yes,unknown,telephone,dec,wed,3633,7,28,3,failure,0.9524267325184369,93.22006649629634,-44.07612526074959,3.029141308455312,5145.648463898895,yes
65,management,divorced,high.school,no,yes,yes,cellular,apr,mon,1712,16,26,6,failure,0.17023826296578065,94.45271639862005,-40.59717672184363,1.0983170725895035,5022.614149298746,no
48,technician,married,basic.6y,no,unknown,unknown,telephone,may,tue,2994,17,24,0,nonexistent,-0.4230090570807898,93.33381741000605,-47.00368866501251,4.8477533798013726,5218.626890111888,yes
65,self-employed,single,high.school,unknown,no,unknown,telephone,nov,mon,607,20,9,1,nonexistent,-2.8241326720965265,93.43347515556664,-34.86623970047494,2.1513218345764438,4969.605016308392,yes
39,admin.,divorced,university.degree,no,no,unknown,telephone,feb,wed,3688,19,17,5,nonexistent,-1.8475362433927693,92.71294931656101,-41.17114160912502,2.815025235873902,5196.384476474516,yes
28,management,divorced,high.school,yes,unknown,yes,cellular,apr,fri,2467,12,1,0,nonexistent,-1.0394965738273465,93.87192033017739,-28.305220055921165,2.090450832321886,5067.151361398267,yes
51,management,divorced,university.degree,unknown,no,no,telephone,oct,wed,1273,9,14,3,success,-2.8484744819144763,92.07185470724994,-50.423622676140155,2.655210931059846,5065.12447159031,yes
66,services,single,basic.4y,yes,no,yes,telephone,aug,mon,3188,28,8,2,nonexistent,-0.6577230414410219,94.70043172138227,-41.53513201783683,4.817227794972694,5088.499480122678,yes
32,technician,divorced,basic.4y,no,unknown,unknown,cellular,jul,thu,2913,26,1,3,failure,-2.371163651033641,93.39473679327537,-50.23525219889558,1.7463174724682944,5220.536027011749,yes
67,admin.,divorced,university.degree,no,no,unknown,cellular,dec,thu,1535,8,2,1,success,0.5575485502939616,92.1730771055174,-42.93590750564289,3.759559776467892,5129.728607261568,yes
78,self-employed,single,basic.4y,unknown,unknown,yes,telephone,aug,thu,3811,9,21,5,nonexistent,0.5789059002107444,93.56567724897795,-41.71213875924304,3.9232640528671316,5195.982659253394,yes
27,blue-collar,divorced,high.school,unknown,yes,no,telephone,jul,thu,2625,5,19,1,failure,-0.5250600201562865,93.43915007066154,-44.63054013866987,1.4386843840219474,4970.959890748726,yes
55,management,single,basic.6y,yes,no,yes,telephone,jul,thu,2382,21,23,0,nonexistent,-1.6743921222355505,92.67396697103585,-44.69280636873949,3.8082508721170116,5200.840636731205,yes
49,blue-collar,single,basic.6y,yes,unknown,yes,telephone,nov,tue,1441,10,23,0,failure,-3.186135233953675,92.5846669145667,-44.5845774183982,3.451175710860846,5020.060433913654,yes
70,blue-collar,divorced,high.school,no,no,unknown,telephone,jul,tue,2979,5,1,1,nonexistent,-0.3808550660945551,92.7581443309868,-44.436468598736845,1.8805856886134802,5046.906497869926,yes
65,blue-collar,married,basic.6y,unknown,no,yes,cellular,feb,fri,1797,14,1,6,success,0.3660131777087666,92.36324962714592,-44.05336068204406,2.899828297457596,4983.069269640817,no
48,services,married,high.school,no,yes,yes,telephone,mar,thu,294,18,18,6,nonexistent,0.3939155949615528,93.4879827247987,-30.4539793403816,3.1959282452590405,5205.637366878812,no
54,blue-collar,divorced,university.degree,no,unknown,yes,telephone,jan,mon,754,29,13,0,nonexistent,-1.0745465135617436,94.46102072622409,-49.86660812316472,4.280838214511635,5102.754511361362,yes
61,technician,single,basic.6y,yes,yes,yes,cellular,feb,mon,1394,7,26,6,failure,-2.7259644962300507,94.58475725204826,-27.165055830140187,1.149236797288349,4987.424865082744,yes
45,technician,single,university.degree,yes,no,yes,telephone,oct,wed,185,8,17,4,nonexistent,-3.08889296142371,94.6683637739814,-44.071596330716005,4.8766948755988935,5068.722103654367,no
48,admin.,single,university.degree,yes,no,yes,telephone,jun,thu,1269,5,20,5,nonexistent,-3.1324955184687875,93.68104774457585,-50.13208688065327,3.9842927251135256,5064.419131870798,no
23,admin.,divorced,high.school,unknown,no,unknown,telephone,feb,mon,636,24,999,1,nonexistent,-2.2025074518509893,93.740337357299,-46.61369583326397,2.9538951778946934,4977.043640675389,no
31,self-employed,married,basic.6y,yes,unknown,unknown,cellular,jan,fri,1291,6,6,5,failure,-2.720873904404106,92.8694469147723,-28.28939608079961,4.015404954640389,5055.546812403992,yes
75,blue-collar,single,basic.4y,unknown,yes,unknown,telephone,aug,mon,3714,20,7,0,nonexistent,-2.589438017905903,94.47896759988548,-26.95918888877679,3.825908587402711,5041.071343854589,yes
40,blue-collar,single,basic.4y,no,unknown,unknown,cellular,sep,fri,3308,23,11,6,nonexistent,-0.04483450768773419,93.3668075121857,-44.902601675148304,2.6245701410152464,5206.79855794262,yes
33,services,divorced,basic.4y,unknown,no,yes,cellular,jul,thu,529,24,3,5,nonexistent,-2.5383652558393908,92.78206415657507,-45.411762485086676,2.0786259722498324,5176.9941367893325,no
42,blue-collar,married,basic.4y,yes,yes,yes,cellular,mar,wed,3623,9,22,3,nonexistent,-0.07679162255336486,94.70387000974522,-30.817442753323572,4.9498520886710065,5005.943310811428,yes
56,blue-collar,married,high.school,unknown,no,yes,telephone,jan,wed,2068,21,24,2,nonexistent,-1.7122743265334794,93.97505880805703,-28.9503352387542,4.491278183370229,5209.996890064209,no
19,blue-collar,divorced,university.degree,unknown,yes,yes,cellular,apr,tue,2958,9,6,6,nonexistent,0.3189370091842759,93.30102405146262,-35.256368571216804,4.784051767663373,5160.166547090568,yes
55,management,married,basic.6y,yes,unknown,unknown,telephone,oct,thu,3808,8,17,4,nonexistent,-2.6365394439322896,92.19218313412537,-28.4338944694959,0.8132740575346327,5093.429116528193,yes
58,management,divorced,high.school,yes,unknown,unknown,telephone,nov,mon,2914,17,17,4,nonexistent,-3.287844453922837,92.39245251819347,-28.094701754935635,4.186993775820557,5078.038837425054,yes
56,services,single,basic.4y,no,unknown,yes,cellular,mar,wed,793,24,25,2,nonexistent,-2.9717458863820783,92.55013473825935,-32.64345070227076,4.521401368015032,5208.750212563692,no
51,services,divorced,basic.6y,unknown,unknown,yes,telephone,nov,fri,3591,8,9,2,failure,1.2375097398722108,94.52795412241002,-42.46587080880069,2.6983270048159076,5044.407885698533,yes
68,technician,single,high.school,no,unknown,yes,cellular,mar,fri,2147,29,9,5,nonexistent,-0.8178395083558483,94.72044861028554,-47.22791382732239,4.520114981233598,5061.621006872339,yes
57,services,divorced,university.degree,no,yes,yes,cellular,feb,mon,2799,23,5,5,nonexistent,-0.486252268252016,92.74754048494891,-38.427624875849745,1.0438645348215416,5146.413338244982,yes
60,self-employed,single,basic.4y,unknown,yes,no,telephone,nov,mon,477,1,23,3,nonexistent,1.2416277791083696,93.39528204177479,-43.87831877255575,0.866087711241018,5164.431366789352,no
42,technician,single,basic.6y,no,no,no,telephone,oct,thu,1622,22,11,5,nonexistent,0.3248285901871101,94.21727887977526,-47.96780622856656,1.8828583561209398,5050.135866299171,yes
53,blue-collar,divorced,basic.6y,unknown,yes,no,telephone,mar,mon,3369,18,9,2,failure,-2.8592686819202315,93.07698505842859,-41.38348482231277,0.7154669173746223,5207.471093189082,yes
33,services,single,basic.4y,no,no,no,telephone,nov,mon,939,15,26,4,nonexistent,-1.3754914877804298,93.3786563885859,-39.33359871915844,3.609550650834063,5031.339864948423,no
74,self-employed,married,university.degree,no,unknown,yes,telephone,may,mon,525,22,12,3,nonexistent,0.5426863742410036,94.48534585770904,-34.97853096909433,4.6786648379269025,5055.513450062364,no
35,services,divorced,basic.4y,unknown,yes,yes,cellular,apr,wed,2381,27,25,2,nonexistent,-0.20803084646220624,92.58103095047662,-45.514768971073714,1.8982497132170668,5015.5936103321455,yes
30,services,married,university.degree,yes,yes,yes,telephone,jan,thu,1,16,29,3,nonexistent,-2.364428751178098,94.78278689752514,-30.043000919460336,3.502261148543508,5105.659549860658,no
76,technician,single,basic.6y,unknown,unknown,no,telephone,jan,mon,374,2,26,3,nonexistent,0.4673961833979102,93.27765729842176,-46.367941357158905,2.6594136202516463,5227.907695682886,no
54,technician,single,basic.4y,yes,unknown,no,telephone,jan,mon,2340,13,11,5,nonexistent,-0.7175928655214653,92.72324827333823,-26.966208694250636,1.7222516559120644,5153.52538083854,yes
44,admin.,single,university.degree,unknown,unknown,yes,cellular,dec,fri,2884,2,18,5,nonexistent,0.3839239973330437,94.49898298257887,-37.49058826824588,4.64167511170368,5088.2634577255485,yes
51,technician,divorced,university.degree,unknown,no,no,cellular,oct,wed,3052,14,999,0,success,-0.3929677605856352,92.21421124915194,-47.29046754750926,4.814814904865805,5223.584086883678,yes
28,technician,single,high.school,yes,no,unknown,cellular,sep,mon,552,7,999,2,nonexistent,-1.1782055236916134,93.7984938194857,-30.857991595743545,1.1929209815887358,4976.606613053375,no
18,management,married,university.degree,yes,yes,no,telephone,sep,wed,2365,11,10,5,nonexistent,0.09685359123114466,92.17272978437364,-44.735824932077406,3.9746771043251625,5039.2209539639725,yes
30,services,married,basic.4y,unknown,unknown,no,cellular,sep,thu,1525,15,17,0,success,0.755104888794227,94.64933930116774,-46.29931876117999,1.4307941365116688,5185.282051762264,yes
47,technician,divorced,basic.4y,unknown,yes,no,cellular,oct,thu,1851,26,25,5,failure,-1.1652866247812552,93.79121436704663,-47.57845277020331,2.7481826840470065,5102.29340267852,yes
22,services,married,university.degree,unknown,unknown,no,telephone,apr,tue,380,17,21,4,nonexistent,-3.2570188973419514,93.11431770543727,-37.63361460374164,2.188329489773053,4964.842236019655,no
35,services,divorced,basic.4y,yes,unknown,yes,telephone,apr,fri,1646,21,1,6,failure,-0.5525205998921477,93.18832852528762,-29.784096994335105,1.6735497350045296,5084.411110350714,yes
31,management,divorced,basic.6y,unknown,unknown,unknown,telephone,oct,tue,13,17,5,3,failure,-2.9663846640630336,92.46238239993492,-29.35906849212228,3.573559197097655,4969.370618936302,no
30,services,single,basic.6y,yes,unknown,yes,cellular,jul,wed,503,15,15,4,nonexistent,-1.8422847675741085,93.00802271759623,-32.02371583448185,4.363743211415957,5115.2870687262575,no
49,self-employed,married,basic.4y,no,unknown,no,cellular,mar,fri,2278,16,26,3,nonexistent,-0.7610468190721115,94.53063712785439,-36.903410519311976,4.037147732245933,5130.960201069206,yes
24,technician,married,university.degree,yes,no,no,cellular,oct,mon,2008,9,999,2,nonexistent,-1.7426913823283172,94.25504987986042,-38.13577979639642,3.778048452865673,5016.872504248768,yes
25,services,married,basic.6y,no,yes,no,telephone,mar,fri,3155,21,8,6,success,-2.051529473008746,93.85214996842137,-41.86685533712215,0.8915313797411922,5224.52854149587,yes
67,admin.,single,university.degree,unknown,unknown,no,telephone,apr,fri,129,21,27,1,nonexistent,-3.3034655511795594,94.70979009790545,-49.74681307190432,1.0286782847267752,5184.141194721217,yes
24,admin.,divorced,basic.4y,unknown,no,no,cellular,nov,thu,3814,20,14,2,nonexistent,-2.1075032072766526,93.60562269479503,-30.80552629817891,2.6452503789378454,5086.283763907552,yes
69,management,married,high.school,yes,no,unknown,cellular,jun,tue,837,19,15,3,failure,-1.5529678116728438,92.49357876231578,-26.912613428643482,3.045357210631532,5045.476807707823,no
66,self-employed,married,basic.6y,no,unknown,yes,cellular,jan,thu,3216,24,13,1,nonexistent,-2.0067821912068053,93.99812242720132,-28.79175664594013,3.7828995482735612,4966.863610121174,yes
33,technician,married,basic.4y,unknown,unknown,no,telephone,nov,thu,2938,23,6,1,nonexistent,-0.38359023452860924,93.65736193807234,-28.500378589362004,2.165765455721859,5146.968039779318,yes
60,management,married,basic.6y,unknown,no,unknown,telephone,mar,tue,3928,9,999,2,nonexistent,-0.2041084286105907,93.22233179461364,-42.83596949921669,0.700875028912377,5033.132593987626,yes
48,admin.,single,university.degree,no,unknown,yes,cellular,dec,thu,2040,6,15,4,nonexistent,0.34353631619997793,92.41154871659283,-48.426590452136026,0.7588460360391294,5067.986441749608,no
68,self-employed,divorced,high.school,unknown,no,yes,telephone,may,fri,27,1,8,2,failure,-2.507655872670637,93.8974452721467,-29.969161898972988,4.361254448480094,5076.970513669368,no
44,technician,married,high.school,unknown,unknown,yes,telephone,nov,wed,2113,5,28,3,nonexistent,-0.4291501870123746,93.24338434659036,-32.54494398549034,1.165631477628,5189.434248077941,yes
77,services,married,basic.4y,yes,no,no,telephone,apr,mon,3234,5,24,6,failure,-1.3357139831687082,93.62017360726743,-41.47005995126347,4.72233278514337,5188.796875177006,yes
50,technician,divorced,basic.6y,unknown,unknown,no,cellular,aug,mon,1252,23,10,4,nonexistent,-1.850161044445125,92.88312641221812,-30.877496378907487,2.0635631917267414,5168.909856889282,no
70,blue-collar,single,high.school,no,no,unknown,cellular,sep,thu,260,26,29,3,nonexistent,-1.082681571548508,92.43603720508882,-47.48421736281086,3.1680734867648015,5166.418351996885,no
46,technician,single,basic.6y,unknown,yes,unknown,telephone,aug,tue,2046,1,9,5,success,-1.0897863999223023,93.00774109396882,-35.23908786111767,1.3419200785516927,5094.459414090302,yes
25,services,single,university.degree,yes,unknown,yes,telephone,nov,fri,1472,1,10,5,nonexistent,-0.33102183812671915,94.38589351836123,-28.014125132506805,2.5977648812450065,5172.851008445214,yes
50,blue-collar,single,university.degree,unknown,unknown,no,cellular,nov,thu,1447,29,5,6,nonexistent,-0.7157518000393438,92.44678461076977,-29.041001875444316,4.453560902068118,5190.578646382295,yes
79,self-employed,married,basic.4y,no,no,yes,cellular,sep,fri,459,22,1,4,nonexistent,-0.36988271369213754,93.31945324155359,-32.61569099499386,4.930183987594738,5095.437152047903,no
58,management,divorced,high.school,unknown,unknown,yes,cellular,aug,fri,3747,6,17,0,failure,1.3063727940088692,92.83330364104383,-44.428671395340174,3.972788502790572,5201.753467176532,yes
36,self-employed,divorced,high.school,no,yes,unknown,cellular,oct,mon,300,9,11,4,nonexistent,0.49023258209671794,94.6945302657139,-48.34872776962405,3.964317405617405,5225.555728575855,no
38,technician,divorced,basic.6y,yes,yes,no,telephone,jan,wed,2966,19,13,0,nonexistent,-1.9981206197609722,92.23708589457267,-43.03880690715784,4.4953750015017,5009.962100590882,yes
58,management,single,university.degree,unknown,no,unknown,cellular,jul,wed,3374,28,7,3,nonexistent,-0.839264504623648,92.68697713732045,-36.04525281309998,1.6775300831274986,5222.554095859754,yes
38,technician,single,high.school,unknown,no,no,cellular,sep,tue,2334,5,24,2,nonexistent,-2.299067169420353,93.25875887618929,-43.235508842189475,3.8395734632612495,5028.59898503685,no
42,admin.,divorced,basic.4y,yes,unknown,yes,cellular,jan,wed,3466,21,3,3,failure,-0.9093378524829662,92.69237870834905,-40.926566836499454,3.0566804019402105,5210.6512205828385,yes
59,admin.,married,basic.4y,no,no,yes,cellular,oct,thu,3081,17,17,2,nonexistent,0.017995338084524765,93.97845969279227,-41.153809993298545,1.7514023091970732,5188.718250646061,yes
73,services,single,high.school,no,yes,yes,cellular,jan,mon,3778,22,20,5,nonexistent,-3.0843000229644413,93.03847836566442,-42.77374122737501,0.8440801223582461,5205.8969559394955,yes
40,self-employed,married,basic.4y,unknown,yes,no,telephone,oct,mon,629,20,12,0,nonexistent,-2.7403631168475187,94.1861754123309,-28.729507319117616,1.4836099868934718,5085.5426706661965,no
28,admin.,divorced,high.school,no,unknown,yes,telephone,feb,fri,269,12,22,2,nonexistent,-3.3649089801914327,93.5435656523663,-43.153133514160075,3.4608365448684704,5003.55585624342,no
50,blue-collar,single,high.school,no,yes,no,telephone,may,thu,2639,6,13,3,success,-1.5823952526104779,93.19510723719722,-27.05469807452572,3.107328913433242,5022.48328936299,yes
37,blue-collar,married,high.school,unknown,no,no,cellular,dec,thu,1993,29,19,3,nonexistent,0.28311333472818323,93.02165313609076,-45.79691416704442,0.904791780315845,5044.191613938201,yes
42,technician,single,high.school,no,unknown,unknown,cellular,aug,fri,1628,13,27,3,success,-1.2423239126643497,92.62165227890029,-29.944262209019165,3.0741720618775945,5029.650592141961,yes
43,management,divorced,basic.6y,no,unknown,yes,telephone,aug,fri,1801,24,24,6,nonexistent,-0.6602418309947752,92.7071635006566,-33.29714239393248,2.318857001894474,5219.472594129714,yes
57,blue-collar,divorced,high.school,unknown,unknown,unknown,cellular,oct,mon,2891,8,27,4,nonexistent,-0.5686208178714489,92.4938631707459,-34.81555881679213,0.6656994658883597,5004.880728771691,yes
69,technician,divorced,basic.4y,unknown,no,no,cellular,apr,thu,861,29,14,3,failure,-2.970205385979639,94.38488669950078,-40.1561771814001,4.601765408176067,5144.992209249987,no
29,management,married,university.degree,no,unknown,yes,cellular,jul,wed,3432,3,19,4,nonexistent,-2.5626056199180542,93.53519434921947,-31.28356781578519,1.736855034985149,5098.918073932606,yes
49,admin.,single,basic.6y,unknown,unknown,yes,cellular,jul,wed,1280,25,23,1,failure,0.9930282842141881,93.35205050121417,-39.03596826180376,3.034939972829868,4972.647700982681,yes
50,technician,single,university.degree,no,yes,no,cellular,sep,mon,2180,11,18,0,success,-1.1981871117356742,92.90230291042344,-47.56058626048272,3.1922348797309783,5019.564280149611,yes
27,management,single,university.degree,no,yes,yes,cellular,sep,wed,3347,29,27,1,nonexistent,-1.3906595097392935,93.44723299180563,-44.096114949602274,2.7947597002769684,5210.5292576667825,yes
21,services,divorced,university.degree,no,unknown,no,telephone,mar,wed,1799,20,13,1,nonexistent,0.20473516843668,94.4711516029582,-46.43993697889584,1.6541608393692542,5179.650072593538,yes
32,self-employed,married,university.degree,no,no,yes,cellular,nov,thu,1706,1,11,4,failure,-3.1830726655027357,94.39707617385213,-37.186239530689505,2.3924127860380064,5118.585442907564,yes
68,self-employed,divorced,university.degree,unknown,no,yes,telephone,aug,thu,3019,25,21,4,nonexistent,0.6357504744725009,93.67745493194997,-35.13580876572407,1.8774566115945208,4983.895638295052,yes
23,services,divorced,basic.4y,unknown,no,no,cellular,may,tue,2560,14,14,6,nonexistent,-0.18191047114860573,93.48387972288451,-42.77116155443004,2.507647787460921,5000.243063622871,yes
44,blue-collar,married,high.school,yes,no,unknown,cellular,may,thu,2360,29,5,0,nonexistent,-2.7043649639605247,92.63218937336933,-49.85557226138122,0.9637063294349962,5156.844257355642,yes
22,self-employed,divorced,basic.4y,unknown,yes,no,cellular,aug,tue,575,21,18,0,nonexistent,-3.0883634698877476,93.94019877989518,-35.05617108887058,1.3301714497505714,5163.842034024841,no
22,management,divorced,basic.6y,yes,no,yes,cellular,jun,thu,2933,29,1,5,failure,-3.3861351508594066,94.38929002855892,-49.31916158152722,1.2050739960885783,5217.016830663468,yes
35,services,single,basic.4y,no,no,no,telephone,oct,fri,2003,24,5,0,nonexistent,-1.9880665785795049,92.85593566156751,-27.720403390554868,3.2180073864774257,5017.979502827801,no
45,blue-collar,married,basic.6y,unknown,unknown,no,cellular,oct,thu,1307,13,22,6,nonexistent,-1.8409597223022642,93.21951418418789,-29.59406195479922,3.4859407182994606,5135.277535517554,no
52,technician,married,high.school,no,no,no,telephone,jan,tue,3192,15,22,3,nonexistent,-2.5513257050233245,92.29878906120948,-30.941929528670535,4.621406516773008,5077.557129762254,yes
76,technician,single,university.degree,yes,no,yes,telephone,apr,wed,3178,23,25,3,nonexistent,-2.0219670251225423,94.40295314109879,-42.01572326509175,1.7535134947536881,4993.713684188289,yes
39,management,married,high.school,unknown,no,unknown,telephone,sep,thu,1956,21,10,6,nonexistent,-0.7022185784650048,92.27358367260989,-32.994669678332436,2.331350656961182,5052.512660997462,no
51,management,single,basic.4y,unknown,no,unknown,telephone,may,wed,2734,8,999,0,failure,-2.8582753343082654,93.97214476030042,-49.70412161195673,3.3386958651733334,5060.789182671388,yes
21,management,divorced,basic.4y,unknown,yes,yes,cellular,apr,wed,2020,15,27,4,nonexistent,-2.434532486533554,92.52354311517877,-48.65773088482263,4.8757257566853776,5083.536585510237,yes
35,self-employed,married,high.school,unknown,unknown,unknown,telephone,nov,thu,3275,13,21,1,failure,-0.7024460520648008,94.05421632901916,-38.98034695570737,2.3226751524894653,5041.107290884276,yes
58,management,married,high.school,no,yes,no,cellular,oct,thu,2212,1,8,0,failure,-0.018529743926966304,93.79950060717138,-36.776307938928575,1.874309689193588,5109.7799809164835,no
68,services,divorced,basic.4y,unknown,unknown,no,telephone,jan,fri,2352,11,12,5,nonexistent,1.0700996101872713,93.93310723454648,-32.46987799010999,2.306296305088754,5124.007355769532,yes
43,services,divorced,high.school,yes,unknown,unknown,telephone,sep,tue,3568,20,8,0,nonexistent,-0.9493405226560018,93.78023419006654,-43.68462943252811,1.9609159869108206,5072.784581989525,yes
59,blue-collar,married,basic.6y,unknown,unknown,unknown,telephone,aug,thu,1655,15,14,1,nonexistent,-2.8565237034519786,93.11067774478605,-37.831741599294176,0.9743921003131151,5062.362347383275,no
39,services,married,basic.6y,yes,unknown,unknown,cellular,mar,wed,1579,21,27,2,nonexistent,-0.5606645354376782,93.73654098492894,-49.3052324366334,2.1223327417836417,5136.982051985581,yes
64,self-employed,married,basic.4y,yes,yes,no,telephone,sep,wed,1847,4,17,0,failure,1.3777440582315439,92.65703046973333,-39.54626086689454,3.175429424717177,4977.936854043755,no
50,technician,single,basic.4y,no,unknown,no,cellular,jan,thu,2203,6,3,0,failure,0.8387097008632816,92.76702432386202,-34.756875293979604,1.4042886467683557,5192.765336299475,yes
78,blue-collar,married,high.school,unknown,no,yes,telephone,apr,tue,1390,25,21,3,nonexistent,0.34478068563195,92.18237300085741,-27.147565936291556,4.268115638231331,5221.390240208347,no
60,services,married,high.school,yes,no,yes,telephone,may,wed,1742,12,3,1,nonexistent,0.12606112186222282,93.7159174341463,-32.44574672405875,3.835587821251423,4978.229228509764,yes
31,management,divorced,university.degree,unknown,unknown,no,telephone,apr,fri,1925,1,11,5,success,0.226666702942434,94.35422596353322,-27.007986795336215,3.057776438788795,5151.178082405971,no
48,services,divorced,basic.6y,no,no,no,cellular,apr,wed,619,10,8,0,success,-2.96459860285456,93.05965995188978,-38.89981646495257,3.844975197753205,5030.316953066386,yes
27,admin.,single,basic.4y,no,no,yes,cellular,sep,tue,1274,27,17,5,nonexistent,-0.9031404375461328,92.58429916210403,-40.45243984293621,1.9933296684278303,5077.339826887305,no
68,blue-collar,divorced,basic.4y,unknown,unknown,yes,cellular,may,mon,956,18,25,0,nonexistent,-0.09001650869274677,94.30700293082047,-30.862467961361936,1.4805929247234801,5035.1850173667535,no
41,self-employed,married,basic.4y,yes,unknown,no,telephone,jan,fri,1939,1,5,2,nonexistent,-3.0509332077671973,93.80355400464148,-39.74899619066228,4.306004432753029,5020.268223236076,yes
38,services,married,basic.4y,no,unknown,unknown,telephone,jul,fri,3953,7,16,1,success,0.9908370393191566,94.50188303643425,-32.728299007010605,4.2026919643200715,5080.240216769628,yes
65,services,single,university.degree,yes,yes,no,telephone,jun,mon,2381,2,24,0,nonexistent,-2.7870992674428057,92.01748222985465,-27.031376846809184,3.8381968771178685,5061.890436202203,yes
25,self-employed,divorced,basic.6y,yes,unknown,unknown,telephone,sep,fri,3713,25,16,2,nonexistent,-2.9766602317855186,93.12323806907366,-33.48215773032175,1.7277571844792692,5076.221726315114,yes
49,technician,divorced,university.degree,unknown,unknown,no,cellular,apr,fri,968,8,28,0,nonexistent,-2.8074727271529047,94.5226825863812,-50.45816175009562,2.112094179638387,5177.338154110713,no
48,management,divorced,basic.6y,no,yes,yes,telephone,oct,fri,2558,26,12,4,nonexistent,-1.3684685536238022,93.89107221164579,-46.49122805503249,2.2745296413556515,5222.452548675093,yes
51,management,single,basic.4y,unknown,no,yes,cellular,jun,wed,1316,1,11,2,nonexistent,-0.7927563337216537,93.31282522481916,-44.197193699340026,1.4106414455929104,5001.511191122052,no
40,technician,divorced,basic.6y,unknown,yes,yes,cellular,oct,wed,1043,19,13,5,success,-2.9452529352816836,93.16073669225278,-31.150962192063407,3.9441668263333622,5160.413668271204,yes
42,technician,divorced,basic.4y,unknown,no,no,cellular,jul,thu,281,6,7,6,nonexistent,0.3727259921888087,94.50644933633606,-28.52201444130636,1.4126646540331824,5108.83717179786,no
24,admin.,divorced,university.degree,yes,yes,no,telephone,apr,thu,2844,11,28,4,nonexistent,-2.4392275475636542,94.3290262791739,-35.27222671490716,1.5757031128536887,5062.263280971454,yes
36,self-employed,married,basic.6y,unknown,unknown,no,cellular,dec,wed,3072,19,14,6,nonexistent,-0.7097708021023976,92.03447299926263,-48.69591162415168,0.8119655006626905,5138.321610693989,yes
24,blue-collar,single,high.school,no,yes,unknown,cellular,sep,fri,2166,25,8,0,nonexistent,-1.0426096042685402,92.3390521608418,-38.86136688068065,3.51873691956244,5196.763614281256,yes
64,management,married,basic.6y,yes,unknown,no,cellular,jan,tue,1058,28,999,2,nonexistent,0.9470507796418647,93.43448288703573,-30.268886998712034,4.6875938367270304,5133.278971261014,no
25,technician,single,basic.4y,unknown,no,unknown,telephone,jan,mon,197,10,16,1,nonexistent,0.8878567511242209,92.32098137099784,-42.14376302541712,2.7285636623090146,5149.711180837422,no
31,technician,divorced,high.school,no,unknown,unknown,cellular,mar,thu,2532,16,9,6,nonexistent,-2.255621894062095,92.76933932422484,-49.23995851605078,4.550303538457713,5002.810108302326,yes
18,self-employed,married,basic.4y,unknown,yes,unknown,cellular,sep,fri,3828,16,29,6,nonexistent,-0.8155595583396622,94.33774438578932,-32.16802184617024,4.300400210770732,5152.166849430273,yes
78,blue-collar,divorced,high.school,unknown,yes,yes,cellular,may,thu,1082,10,22,5,nonexistent,1.3299206550271139,93.0811899484271,-35.09483929010355,4.0966872477603715,5224.4301407853045,yes
30,technician,divorced,high.school,unknown,no,unknown,cellular,jan,tue,2884,18,25,3,nonexistent,-1.8071332032503034,93.2625608003227,-39.63938483653394,1.3376174540644177,5217.41413056873,yes
20,admin.,single,basic.6y,yes,unknown,unknown,cellular,dec,fri,1184,22,4,0,success,-3.0463874957098547,92.48773483315925,-30.489633514446925,2.2602059556550143,5071.831833678888,yes
70,blue-collar,divorced,basic.6y,unknown,no,yes,cellular,may,wed,1008,18,10,2,success,0.04655573700467453,93.68647928867583,-30.491876316652668,3.5208919892684225,5196.957692657639,no
45,admin.,married,high.school,no,unknown,unknown,telephone,jun,tue,2738,3,2,4,nonexistent,-0.9846696875766148,92.33686842111021,-34.04706869465389,2.1151683496762645,5120.016290161661,yes
55,services,single,high.school,unknown,unknown,no,cellular,apr,thu,1229,12,24,2,nonexistent,1.1102379030196137,93.76461989662967,-28.278592573249803,3.7279210829986713,4994.888381378088,yes
68,management,single,high.school,unknown,no,no,telephone,jul,fri,1035,10,1,1,success,-0.6390409366476201,94.09086035177913,-39.95073743908786,1.8640795162931643,5222.334137474081,yes
32,technician,married,basic.4y,yes,no,yes,telephone,nov,fri,489,28,21,2,nonexistent,-0.9448171272042758,94.44610495194152,-33.37859930355817,2.327508575942999,5125.78821116913,no
53,blue-collar,divorced,basic.6y,unknown,unknown,yes,telephone,mar,mon,275,16,3,4,failure,0.9912650018300707,93.63085408160693,-30.946705601687317,3.8186499551525626,4991.603897985848,no
70,admin.,divorced,basic.4y,no,no,unknown,telephone,may,mon,2740,25,20,0,success,-1.574159194308031,92.92947246857025,-35.6092935548624,1.1186906672353583,5114.960426676367,yes
20,management,divorced,basic.6y,no,unknown,unknown,cellular,jun,mon,2289,9,1,5,nonexistent,-0.5322575447248887,94.38469486999865,-37.58066344850767,4.061836996210485,5154.423289927532,yes
21,management,divorced,university.degree,unknown,no,unknown,telephone,jul,wed,1239,18,999,4,nonexistent,0.6593875319192531,93.67054796517426,-33.305241258609335,3.735319965339121,5026.355043271178,no
22,technician,divorced,basic.4y,no,no,yes,cellular,oct,fri,1274,13,8,5,success,-0.5315834643075809,93.00278528710184,-42.32732368947113,2.5783652916863455,5144.106287659755,no
67,management,single,basic.6y,no,no,unknown,cellular,feb,fri,3882,24,2,5,nonexistent,-1.970579953028508,92.90311017196439,-42.04231629719537,2.5251117721846503,5219.089245170941,yes
43,technician,single,high.school,unknown,yes,no,cellular,may,thu,125,14,5,4,nonexistent,-0.7200535869414137,92.8977196430865,-27.458941662114114,4.589323105865804,5024.87063586189,no
42,services,married,high.school,no,no,no,telephone,jul,wed,216,19,13,4,nonexistent,-1.3262765575901425,92.15776164923557,-47.95977855509798,3.751599730761498,5093.428855455202,no
27,technician,divorced,basic.6y,no,yes,unknown,cellular,jul,mon,3377,14,24,3,nonexistent,1.3266257467254878,92.28373625184722,-30.67626540733411,3.3287288522394376,5046.655368519173,yes
25,self-employed,divorced,high.school,unknown,unknown,yes,cellular,dec,fri,3868,2,999,5,nonexistent,-3.1554755743338485,92.2511800953415,-31.948972532707625,4.402383995115567,5066.200179033492,yes
29,admin.,divorced,high.school,yes,unknown,no,telephone,mar,mon,1208,11,11,0,failure,0.2862483863000875,92.87412631390005,-49.50556912607452,2.0590959296707605,5185.0156008362255,no
71,self-employed,married,university.degree,yes,no,yes,cellular,aug,tue,3110,26,20,3,success,-3.284726548803136,93.32713472579582,-33.986293207828474,1.8614782636022356,5181.425876909045,yes
75,management,divorced,university.degree,unknown,yes,no,cellular,jan,wed,1246,8,15,5,nonexistent,-0.5012098980977516,92.41322402358233,-48.55618587885358,1.523164835020257,4965.807961494478,yes
76,management,single,university.degree,yes,unknown,unknown,cellular,apr,mon,3255,3,19,2,nonexistent,-1.3315043759847534,94.31826355121265,-45.76901831287823,2.8890218374482375,4995.889609747527,yes
20,management,divorced,basic.4y,yes,yes,unknown,telephone,mar,wed,2542,15,18,0,nonexistent,0.9701302596936878,92.183725887677,-27.898680675021918,4.947623192250035,5055.912469676152,yes
44,technician,married,university.degree,yes,yes,yes,cellular,apr,fri,2474,13,17,0,nonexistent,-0.8111659308735776,94.64687265104143,-42.14460189944519,4.685214959021786,5043.753239352694,yes
67,blue-collar,single,university.degree,yes,unknown,unknown,cellular,nov,tue,3249,8,13,5,nonexistent,0.5712007911472688,92.20841529794502,-49.442436567570105,2.6033409089410418,4988.353607089599,yes
40,technician,single,university.degree,unknown,yes,yes,cellular,sep,thu,918,13,2,2,success,-0.1737206191325987,94.50506536349316,-38.34336505730084,1.089892163973127,5145.485452577377,yes
57,admin.,single,basic.6y,yes,yes,yes,cellular,nov,tue,3499,16,13,2,failure,-1.2541166939366846,92.72998302468241,-45.86671925373816,4.448201986230655,5133.593238597577,yes
75,technician,divorced,high.school,yes,unknown,no,telephone,dec,wed,1317,22,16,4,nonexistent,-1.7789856397986277,94.76289093332116,-40.61073223181628,4.659455414223049,5029.228776625983,no
50,management,married,basic.6y,unknown,no,no,telephone,aug,tue,3923,1,12,5,nonexistent,-2.8382233965922157,93.45971791402278,-48.3703745377897,1.354011893485884,5059.261046652995,yes
31,services,married,university.degree,unknown,no,unknown,telephone,nov,fri,2198,2,999,5,nonexistent,-3.335108544658699,92.0512615097182,-48.50634353808426,4.487215619839192,5092.666657717345,no
71,admin.,divorced,basic.4y,yes,yes,yes,cellular,apr,wed,2431,13,28,0,nonexistent,-3.3932981987171957,92.79147328470431,-38.750982300805425,2.563635235213532,4975.579412259063,no
40,self-employed,married,basic.6y,no,no,no,cellular,aug,wed,1661,29,28,6,nonexistent,-2.3156562904010594,94.6324575266487,-42.77253308284652,0.6513209160398478,5004.543941484741,no
48,services,single,university.degree,unknown,unknown,unknown,cellular,jan,fri,3884,14,7,1,nonexistent,-0.7075763301806866,92.83906429209159,-47.0890393479428,4.749751855559398,5134.683396792618,yes
30,admin.,single,basic.4y,unknown,unknown,unknown,telephone,dec,mon,307,2,20,5,success,1.282373811014186,93.00690315088997,-36.929132350249496,0.7883335509840836,5092.055998740496,yes
74,admin.,married,basic.4y,yes,unknown,no,telephone,aug,thu,1359,16,1,4,nonexistent,-0.014900796752202298,92.12361498014393,-49.313608252720094,0.752276061325111,5122.425277413457,no
29,management,married,basic.4y,no,yes,unknown,cellular,oct,tue,1969,14,18,0,nonexistent,-3.060722455162761,92.70911793907516,-32.80954181029485,4.839303353614463,5221.038880719339,yes
52,self-employed,divorced,high.school,unknown,unknown,no,cellular,feb,thu,2793,7,14,2,failure,-0.3030057390060947,92.72609643149836,-49.57301873164155,1.544180948830394,5163.431177373861,yes
35,technician,divorced,basic.4y,unknown,yes,yes,cellular,jun,thu,891,22,13,2,nonexistent,-1.069620917031991,94.00472671624344,-27.60813193265649,3.0447735521176114,5219.69747224171,no
38,self-employed,divorced,university.degree,unknown,yes,unknown,telephone,jun,fri,374,14,13,1,nonexistent,-0.34631951672451483,93.41615117901806,-33.21856920880409,4.747878490253842,5119.906557556443,no
62,management,divorced,basic.6y,no,unknown,yes,cellular,mar,mon,3079,18,17,0,nonexistent,-0.40867890442948185,92.45082150606385,-29.356616885282598,4.736041526618634,4963.987777049562,yes
64,management,divorced,basic.6y,unknown,unknown,no,telephone,may,thu,2033,17,14,3,nonexistent,-2.7090641512707445,94.22767829899077,-40.28521691007326,1.366108578937672,4988.403679120375,yes
59,management,divorced,university.degree,unknown,yes,yes,telephone,feb,wed,1364,5,9,4,failure,1.01340637903202,93.71225249967469,-49.41186314972647,2.8596014923951523,5147.9515215324445,yes
18,services,single,high.school,no,unknown,no,cellular,nov,mon,128,11,17,0,nonexistent,-0.7382005932585338,92.75168605394809,-45.31638146143609,0.6305952132489102,5044.290479436992,no
78,self-employed,married,high.school,unknown,no,unknown,cellular,aug,fri,1014,18,19,3,failure,-0.036345753735870935,92.62659420292007,-27.59083033016625,0.9976851520032957,5073.042912917847,no
55,self-employed,divorced,basic.4y,no,yes,unknown,cellular,aug,thu,1799,16,27,2,nonexistent,-1.542021936918124,94.58974259009044,-36.008491184615664,4.771853597177983,5142.248038723701,yes
58,admin.,single,university.degree,no,yes,unknown,telephone,may,fri,2716,26,3,2,nonexistent,-2.8130009075031968,93.78375756205904,-45.35386725849202,2.426708028478006,5051.793545068961,yes
59,blue-collar,married,basic.4y,no,unknown,yes,cellular,jul,tue,3423,10,6,3,failure,-0.08353741889047374,94.26076688597819,-39.260659693442804,1.2608364999555686,5194.681984566579,yes
64,technician,married,basic.4y,yes,unknown,yes,telephone,aug,fri,1381,6,1,3,nonexistent,1.123945979436103,92.63144881344698,-43.213151464534626,3.3781810314232685,5066.074211161997,no
26,management,married,university.degree,unknown,yes,yes,telephone,nov,wed,516,14,8,1,nonexistent,-0.6105640089130647,93.64846091183568,-39.095745904472395,1.3626520858797695,4975.323629780066,no
40,self-employed,divorced,high.school,unknown,yes,no,cellular,apr,fri,1518,2,22,0,nonexistent,-2.4464947972277504,92.14977084158346,-30.804682707697197,4.912625039270524,5223.923160884739,no
31,self-employed,divorced,high.school,unknown,yes,unknown,cellular,feb,mon,85,29,3,2,nonexistent,-0.40838881667877375,93.66521698730631,-45.48092376920887,3.5517366569529707,5093.131668990282,no
28,admin.,divorced,basic.6y,no,unknown,yes,telephone,may,tue,1198,27,11,4,nonexistent,-1.341127498126619,92.57003121283083,-41.26179600961988,2.22218167644106,5056.318346045785,no
24,technician,married,university.degree,yes,yes,no,telephone,jul,wed,3873,9,22,2,nonexistent,-1.484616464086887,93.87345982570851,-40.1384493730062,2.277062052222286,5201.428379331933,yes
48,blue-collar,married,basic.4y,no,no,yes,cellular,dec,tue,3264,28,9,0,nonexistent,0.9848228862996494,94.6095059286291,-36.769422996711086,4.6345086701578335,5191.300509381502,yes
41,blue-collar,single,university.degree,unknown,no,no,telephone,apr,wed,2358,13,10,3,nonexistent,0.1379927612835608,93.28438727799418,-48.94228866907974,4.538112303035963,4973.602569478465,yes
43,management,single,basic.4y,no,unknown,unknown,cellular,apr,tue,1142,21,999,1,success,-0.95788700382836,92.85510971545598,-45.85242308974899,4.779919669800459,5177.432225185172,no
47,blue-collar,single,basic.6y,yes,yes,yes,cellular,apr,thu,3289,23,12,6,nonexistent,-1.3959932401415904,92.34514817277778,-41.291798817741416,2.5960503344128822,5093.19681757696,yes
51,blue-collar,single,basic.6y,unknown,yes,unknown,cellular,sep,fri,2474,20,6,2,failure,-2.2339469909936507,93.87765682931212,-31.456756894078694,4.343298225368188,5141.727195065114,yes
63,technician,married,basic.6y,no,no,yes,cellular,sep,mon,1993,12,28,1,nonexistent,-1.7513738598897162,93.63569774542216,-46.33447393253969,2.733274607723207,5002.205054552666,no
55,technician,divorced,basic.6y,yes,yes,no,telephone,nov,mon,3485,2,5,3,nonexistent,-0.8050403539782917,93.52479794981076,-29.731581406350767,3.3850654800812467,5140.145601956349,yes
22,management,divorced,basic.4y,no,unknown,unknown,cellular,oct,thu,2161,3,8,5,failure,-3.1679577647689454,94.62070498205807,-42.69398017254531,2.83259435066429,5024.460473842988,yes
22,self-employed,divorced,high.school,no,unknown,yes,cellular,aug,tue,3216,13,23,0,nonexistent,-1.6839138919705452,94.7388348875661,-44.7332395875606,3.276188490164234,4994.639069440858,yes
78,admin.,divorced,basic.4y,unknown,unknown,yes,telephone,nov,fri,3609,21,17,2,failure,-1.0283820043583192,94.00755461397628,-41.01576307598346,2.8416726703544497,4999.217828206485,yes
36,management,single,basic.6y,yes,yes,unknown,telephone,aug,thu,3719,1,26,0,nonexistent,-0.48018454036433345,92.54877029135115,-37.566384974398964,1.2813046605671943,5042.933263243031,yes
68,services,married,high.school,no,yes,no,cellular,jul,tue,302,28,2,4,nonexistent,0.16688344776666936,94.65093757413746,-33.25801771885257,1.076896624271956,5225.891512530622,no
55,blue-collar,divorced,university.degree,yes,no,unknown,cellular,jan,fri,2791,20,12,0,nonexistent,-3.3336080666535093,92.96579465219789,-39.40108552735112,4.740817757711437,4977.958059035669,yes
45,admin.,married,basic.4y,unknown,no,yes,telephone,aug,tue,3952,29,2,6,nonexistent,-1.9849421010252775,92.2216338139896,-31.249729017848093,2.842829032021676,5051.126818595368,yes
43,self-employed,single,university.degree,unknown,unknown,unknown,telephone,nov,mon,587,4,12,5,failure,-2.1474062995532295,92.67503740969678,-31.232044382139446,4.7441549032347385,5102.477287622483,no
78,self-employed,single,basic.6y,unknown,yes,unknown,cellular,nov,fri,986,18,29,3,nonexistent,-0.897858148295807,94.32505402853774,-50.75841521202893,3.6175929041457535,5018.325057256758,yes
59,technician,divorced,university.degree,yes,yes,no,telephone,apr,mon,1863,25,27,3,success,-1.1631375676860543,92.57054146029812,-31.88116399769388,0.9914820099089916,5217.944765855478,yes
40,services,divorced,high.school,yes,unknown,no,telephone,jan,mon,344,13,5,4,success,-3.0164764836542313,93.10618870706958,-40.21818971116176,1.486874017861566,5085.419787571957,yes
63,self-employed,single,high.school,no,unknown,unknown,telephone,jan,fri,813,6,17,6,nonexistent,0.2544870583479305,92.76581699405621,-27.686615365922584,3.978053564533582,5146.823749043674,yes
66,services,single,high.school,yes,no,no,telephone,mar,thu,1987,25,26,0,nonexistent,-0.10109882227991512,92.13388924724649,-31.196587043597216,1.3824044232017312,5058.81126794261,no
47,blue-collar,married,basic.4y,unknown,no,no,cellular,mar,tue,2848,6,1,5,failure,0.5414922412046237,93.57281355073921,-41.622229248980055,0.6339827389872477,5014.965678071697,yes
20,technician,single,university.degree,no,unknown,yes,cellular,oct,fri,3072,15,19,3,success,-2.8670331610837514,93.76051964775925,-35.63227507834352,1.0917763163504808,5043.905118413058,yes
45,admin.,married,university.degree,yes,yes,no,cellular,jan,mon,3218,18,16,3,nonexistent,-0.9700847150194502,94.21521223249758,-46.15757378204449,2.6976614824503766,5037.574661180258,yes
50,technician,single,university.degree,unknown,no,unknown,cellular,aug,tue,1310,17,999,3,nonexistent,-0.5021340257485329,93.16104943155013,-43.86064810650755,1.3183538091090756,5187.7771793190395,no
59,blue-collar,married,basic.6y,unknown,unknown,unknown,telephone,apr,fri,1999,14,16,3,nonexistent,-3.1650897859938407,92.39572535206067,-45.969680197502676,0.7980672555306423,4967.50421169128,yes
20,self-employed,single,basic.4y,no,yes,yes,telephone,dec,thu,1677,4,4,1,nonexistent,1.2051954402133889,93.82603623629595,-32.847364112981715,3.871808920078271,5199.968626626997,no
22,services,single,basic.4y,unknown,unknown,yes,telephone,apr,fri,3124,29,28,6,nonexistent,0.4132835268659432,94.49218254961009,-50.60363714579191,4.877298809815729,5067.5203711002005,yes
74,blue-collar,married,university.degree,yes,yes,yes,telephone,jun,fri,1327,1,8,2,failure,-2.230471702627868,92.33549982112369,-41.066172761620685,4.905325007882409,5126.751538412683,yes
36,self-employed,married,basic.4y,unknown,no,unknown,cellular,sep,wed,1092,8,3,1,nonexistent,-0.3819928452726757,92.51132734246852,-30.782172640969925,4.559928411031374,5176.671891049639,yes
59,management,divorced,university.degree,no,yes,unknown,cellular,sep,tue,2408,11,13,3,nonexistent,-2.711792470834511,92.92175472735332,-33.85298734558984,0.6844148317007761,5085.5314175774865,no
79,services,divorced,university.degree,unknown,yes,no,telephone,dec,fri,3673,13,7,6,nonexistent,0.7914096872871368,93.82083009807454,-40.720069545384646,1.656475993295906,4988.095628183262,yes
75,blue-collar,single,university.degree,unknown,unknown,yes,cellular,aug,mon,3291,17,22,5,nonexistent,-2.9279615603886855,93.46667461249615,-35.67026396798405,1.2058508039332638,5106.879162017769,yes
74,admin.,single,high.school,yes,yes,no,cellular,jan,mon,1009,21,12,0,nonexistent,0.9396534784367233,93.99463183048688,-40.4800302792722,3.4169248241697816,4995.75781548113,yes
65,admin.,married,basic.6y,yes,no,no,telephone,dec,wed,703,14,5,1,nonexistent,0.5737208290113738,92.08774542464242,-30.62822036820623,4.338150383919329,5181.726402481444,no
18,self-employed,single,basic.4y,yes,unknown,unknown,cellular,oct,mon,574,25,13,4,nonexistent,-1.104514190804768,94.2692817694244,-37.114821682124415,3.1163690535029938,5134.967058605541,no
55,self-employed,divorced,basic.6y,yes,unknown,no,cellular,oct,fri,1608,17,8,2,nonexistent,-0.26752292328899135,94.76495108665848,-35.68042644002168,2.1253590628918357,5120.222123997452,yes
26,admin.,married,high.school,unknown,unknown,yes,telephone,feb,tue,3232,20,25,0,nonexistent,-2.2201066557375007,92.13066056213987,-27.17195252590726,4.612391834774679,4963.702525501713,yes
77,management,single,basic.4y,yes,unknown,yes,telephone,mar,wed,3752,24,16,1,success,-1.5551186510932362,93.38716332563777,-32.39443553797041,2.822806088906918,5217.539257906066,yes
22,technician,married,university.degree,unknown,unknown,unknown,telephone,nov,wed,1112,24,6,2,nonexistent,-2.35626543421309,94.07175981258055,-43.96556807506589,1.3686145297657972,4998.072717718884,yes
76,admin.,divorced,basic.6y,yes,unknown,unknown,cellular,may,thu,687,1,8,6,nonexistent,-0.8674355586340798,93.33391826014635,-32.32591836926081,2.946838537428953,5012.125688548465,no
63,self-employed,divorced,high.school,yes,unknown,unknown,telephone,may,thu,2828,8,14,5,nonexistent,-1.8703391471716866,93.66023136704435,-28.609166713995883,0.679774401797263,5224.438977052568,yes
59,self-employed,divorced,basic.4y,yes,no,yes,telephone,oct,tue,2632,27,9,6,success,-1.7125727879390749,94.57859547429054,-43.74767697142344,0.7694605876978312,4987.280999263465,yes
51,management,single,basic.4y,unknown,no,unknown,cellular,aug,tue,3828,28,13,1,nonexistent,-1.2747271398672262,93.51156204655238,-31.266545510637098,3.36141238007,5159.765299592156,yes
54,admin.,single,basic.6y,yes,unknown,yes,cellular,feb,wed,2636,19,15,4,nonexistent,0.7884421594124749,92.66246560393597,-45.11606768968496,3.7823827836113906,4988.717419301655,yes
50,management,single,basic.6y,unknown,yes,no,telephone,feb,fri,3230,11,28,3,failure,-0.7666264264914291,94.06815515233487,-40.426601620139444,1.2086114247735433,5157.42909019464,yes
42,admin.,single,basic.4y,yes,unknown,unknown,cellular,aug,fri,488,23,29,4,nonexistent,0.4716610163070814,93.05120197973409,-34.30486705322464,2.9470307775295805,5198.842357679658,yes
59,technician,single,basic.4y,yes,unknown,unknown,cellular,jan,thu,3018,10,1,3,nonexistent,0.6730498566731886,92.79832221912439,-44.9796920756753,3.999579208668305,5056.094428562986,yes
46,blue-collar,single,high.school,no,unknown,unknown,telephone,sep,tue,1347,27,28,2,nonexistent,-2.221943774893792,92.69553522203724,-46.323642421996375,4.482288314869039,5046.2217549034485,no
75,admin.,divorced,university.degree,yes,yes,yes,telephone,feb,tue,3681,1,3,1,nonexistent,0.3329097610780715,92.22221810866951,-39.74520656888648,2.6856933853107097,5210.377931694443,yes
42,blue-collar,divorced,university.degree,unknown,no,no,cellular,dec,fri,3452,5,20,1,nonexistent,-0.28642131344067345,94.6121405518193,-32.081483378271614,1.137524791923256,4983.345001758586,yes
71,admin.,single,high.school,no,yes,unknown,telephone,may,thu,3173,16,14,4,failure,-0.9644542160217426,93.57740115550885,-36.55886917052967,0.9044356853878054,5055.52608405005,yes
76,technician,divorced,basic.4y,unknown,yes,no,cellular,mar,fri,493,20,10,0,nonexistent,-2.974398658979267,94.67428171941631,-34.040971086447904,4.36896547128665,5136.299459636001,no
26,self-employed,married,basic.6y,unknown,yes,unknown,cellular,may,fri,1667,20,20,2,failure,-0.6527758326454866,94.41300869871408,-34.32627679405081,0.9415535692423339,5145.440989667786,yes
79,blue-collar,single,basic.6y,no,yes,yes,cellular,dec,wed,1637,28,10,5,nonexistent,-2.654171401482094,92.08463973573373,-37.78647574729291,4.198307916555667,5083.423252420812,yes
20,management,married,basic.4y,yes,unknown,no,cellular,aug,tue,18,5,28,3,failure,0.5180255064057476,92.69239870316343,-43.256916802297944,2.5223007989175237,5189.389746223337,no
32,admin.,single,high.school,no,no,no,telephone,aug,wed,3525,16,22,6,nonexistent,1.0861846910142778,92.88301146220203,-40.721101716513544,2.5203235203833008,5188.152420058964,yes
21,self-employed,single,basic.4y,unknown,yes,unknown,cellular,jun,wed,3553,3,25,2,nonexistent,-1.1050832602924747,93.3715010662544,-41.70317069687998,2.8817944524146912,5179.714440137961,yes
62,admin.,divorced,basic.6y,yes,no,no,telephone,sep,fri,3665,23,23,6,nonexistent,-1.2854695477620681,94.00516006781295,-48.91023387629009,1.1974454283068028,5008.769252990405,yes
55,management,married,basic.4y,no,unknown,yes,cellular,jul,thu,2444,2,12,5,success,-1.0538450005871267,93.90615156408815,-29.32675195971981,3.8671957569466358,5134.647787500101,yes
37,technician,divorced,basic.4y,unknown,unknown,no,cellular,feb,fri,1000,17,15,4,nonexistent,-3.0775259544749622,94.76436143520773,-35.45966682962187,1.9200177392017599,5188.685118080183,yes
66,services,single,high.school,yes,no,no,telephone,jan,thu,3350,22,8,5,nonexistent,-2.262488526524585,94.58530328196863,-30.313182934697895,3.230227520468723,4988.535083878503,yes
40,admin.,married,university.degree,unknown,unknown,no,telephone,aug,tue,850,28,20,1,nonexistent,1.1149321045809515,92.52154681190638,-32.25215485634766,0.6234693971792767,5028.293171046495,no
54,management,single,basic.6y,yes,no,no,cellular,jan,mon,1388,1,1,3,nonexistent,-1.7436428800390311,94.40762797147522,-49.167742652725515,1.8386797563131079,5222.275723163811,no
79,services,divorced,basic.6y,yes,yes,unknown,cellular,aug,tue,1354,16,1,3,nonexistent,-0.5614828977567877,94.36021873430553,-45.630261642654254,0.7781079314223694,5085.7660374952,yes
64,admin.,single,basic.4y,no,unknown,unknown,telephone,dec,fri,3712,27,4,5,nonexistent,-0.2841196375310558,93.60943550719651,-28.077442141276016,1.97988547815025,5103.836955951152,no
25,blue-collar,single,basic.6y,yes,unknown,no,telephone,sep,thu,1367,23,4,3,nonexistent,0.810348859678659,92.94673817929717,-39.759860071243054,1.1552192916837623,5056.246751040432,no
74,self-employed,divorced,basic.6y,unknown,no,no,telephone,jan,mon,821,24,4,3,nonexistent,-2.2567439477182245,92.58412702623014,-31.394626917350106,0.9081901425136162,5067.334466946044,no
54,self-employed,single,university.degree,yes,unknown,yes,cellular,jul,thu,454,2,13,2,nonexistent,0.8726244537759494,92.59488060385304,-37.046106052378875,4.331100952259111,5200.201155373032,no
73,management,married,basic.6y,unknown,yes,unknown,telephone,may,thu,1624,20,5,2,nonexistent,-1.5200511015859504,92.94591328738424,-31.11687099875492,2.2055630081505115,5018.943129281249,no
62,blue-collar,divorced,basic.6y,yes,unknown,unknown,cellular,aug,mon,2772,7,27,5,failure,1.024529874839092,93.41105021999633,-33.24286371963496,4.231478366107006,5037.434905802041,yes
50,technician,single,high.school,yes,unknown,unknown,telephone,apr,mon,3726,11,15,6,nonexistent,-1.425673900229565,93.63469846686358,-44.11441846609744,4.52770820890711,5096.023583904731,yes
50,services,divorced,high.school,no,unknown,no,telephone,feb,tue,3136,6,15,6,nonexistent,-2.900992084929001,92.91011221917529,-27.109972571096094,2.826631450705053,5045.7461833585585,yes
24,management,single,high.school,yes,no,unknown,telephone,jul,wed,3147,2,7,4,nonexistent,-3.1498100317728195,92.99842157587844,-39.07654905003176,3.098463392062583,5199.701512550579,yes
39,admin.,divorced,high.school,yes,yes,yes,cellular,jul,mon,710,14,26,5,success,1.242982338491857,92.03785423424836,-36.81863974545946,3.4448579476662657,5131.024917110824,yes
22,self-employed,divorced,high.school,unknown,yes,yes,telephone,aug,wed,2190,4,4,5,success,-2.817586390053822,92.00593464076186,-37.883602710112946,3.4367182564980507,5096.839780084903,yes
63,admin.,married,university.degree,unknown,unknown,yes,telephone,sep,wed,916,19,12,6,failure,-0.8022801933547064,94.54011087036565,-29.64414920478765,2.9327731806283506,5123.3762893120875,no
32,services,divorced,basic.6y,unknown,unknown,yes,cellular,jun,wed,3986,25,2,1,nonexistent,-0.8704984208582414,92.03923843175494,-44.110630395450855,3.215138029800026,4968.845018485974,yes
38,blue-collar,married,basic.4y,yes,no,yes,telephone,mar,wed,2875,22,8,5,nonexistent,-1.4734852643061822,92.09273997731457,-49.32507287844497,2.5408497757536375,5159.7941512912,no
79,blue-collar,divorced,university.degree,unknown,yes,unknown,cellular,may,mon,2652,29,3,5,nonexistent,-1.3934516263320755,92.57577886220955,-40.56858201572497,4.631035546382863,5052.321281121338,yes
42,management,divorced,basic.4y,unknown,unknown,no,cellular,mar,thu,1496,28,27,1,nonexistent,-1.1165625857904937,94.08151576222166,-28.852180193607413,3.7737284534431446,5124.467737238669,yes
34,management,single,high.school,yes,yes,no,cellular,oct,mon,1440,2,7,2,nonexistent,-2.9222355407641447,93.90097716189116,-40.3004333715102,1.9856546425922854,5183.711613700912,yes
73,blue-collar,single,basic.6y,unknown,unknown,no,telephone,sep,mon,304,2,15,4,failure,0.396352950050549,93.81209581165402,-44.16628083018335,2.074114147063042,5054.9815673997855,no
67,management,single,high.school,no,unknown,no,telephone,may,fri,735,13,24,6,failure,-1.5900938128781772,93.60986885676685,-36.017946643309024,2.6029997138009375,4973.3767833243255,no
24,blue-collar,divorced,university.degree,no,no,unknown,cellular,jul,fri,3568,13,10,0,failure,-2.2262099862557627,92.56475719123449,-33.17260922384409,0.7392846289515094,4963.856556429081,yes
71,services,divorced,basic.4y,unknown,yes,unknown,cellular,oct,tue,2338,3,22,5,nonexistent,-1.8723169064641632,93.11421447315652,-39.74011475653206,4.9620745143553835,5191.025412145989,yes
75,management,married,basic.6y,unknown,yes,unknown,cellular,jul,wed,1963,21,18,5,nonexistent,-0.4630249647964528,93.33868006787918,-41.71733831481771,2.658506918559941,5108.1562052157715,yes
67,blue-collar,married,university.degree,unknown,unknown,yes,telephone,jul,wed,2149,28,9,5,nonexistent,0.32050438678574333,93.63083986419488,-42.08834420487934,4.010264363355639,5135.644355928055,yes
77,management,married,university.degree,yes,unknown,no,cellular,dec,fri,2009,6,26,3,nonexistent,-2.663585453618819,92.55560206685857,-40.730629129245706,1.296010859276231,5121.4514787872595,yes
78,admin.,single,basic.6y,no,no,unknown,cellular,oct,thu,3338,21,21,5,failure,-0.5556698138110686,94.04129426109475,-30.660151147179295,3.2805297667150057,5008.302355959498,yes
36,self-employed,single,basic.6y,no,unknown,unknown,telephone,apr,tue,2914,28,6,1,nonexistent,-1.3724209739295479,92.86496090321387,-39.26680498520044,2.279514139768807,4973.715435555485,yes
69,admin.,married,university.degree,unknown,yes,unknown,telephone,apr,thu,3015,17,11,3,nonexistent,0.7374659722712552,93.8486273958791,-43.28689058277975,4.515676809190767,5027.926815792032,yes
24,technician,divorced,basic.4y,unknown,no,no,cellular,mar,fri,3693,29,22,1,nonexistent,1.1566355878843806,93.43915286218119,-46.4426726713298,4.703171094395659,5225.690833437781,yes
57,blue-collar,single,basic.4y,yes,yes,no,cellular,apr,thu,3021,1,29,5,nonexistent,-0.142996565224183,93.65820048997205,-44.04547416765713,3.3491951915912965,5074.105715117462,yes
62,technician,single,university.degree,yes,no,yes,cellular,sep,wed,2889,7,7,0,failure,-0.5689353176704396,93.15681553749079,-39.7407577657479,0.8681228518261556,5208.283011646025,yes
76,blue-collar,married,university.degree,no,yes,yes,cellular,may,fri,961,26,9,6,nonexistent,0.34570624615401696,93.24619335270451,-37.70724647540063,2.653077229832338,5032.438327236176,yes
67,self-employed,single,high.school,yes,unknown,yes,telephone,jun,thu,2989,7,4,5,failure,-1.0201309796284583,94.43092545282992,-35.94640569225518,0.6744903639360625,5152.820837832307,yes
41,management,married,high.school,no,yes,no,cellular,apr,tue,3848,13,4,1,nonexistent,-3.1342127112422946,93.33245094451271,-49.09403193404937,2.8792523072634184,4970.4884177694385,yes
28,blue-collar,single,basic.4y,unknown,yes,yes,telephone,jan,tue,1026,26,12,5,nonexistent,-0.03473992047171354,94.2228887060467,-36.14521470541922,2.806234892679412,4967.068515765183,no
58,admin.,divorced,high.school,unknown,no,yes,telephone,jul,mon,2132,22,1,0,failure,-0.6141540069985464,93.10606883714135,-42.38736308606689,2.435956060849858,5086.826207020759,yes
72,management,divorced,basic.4y,no,yes,unknown,cellular,jul,fri,3865,9,11,1,nonexistent,-2.6730987039589054,93.96148999769473,-44.65842211436538,2.0828333866890167,5135.2835978595385,yes
18,self-employed,single,basic.6y,unknown,unknown,no,telephone,jun,fri,2375,18,10,2,success,-2.377758420159719,92.65210655538279,-42.88767025998341,3.147445464854179,5218.112747635694,yes
71,admin.,married,high.school,yes,no,yes,cellular,apr,fri,2863,1,1,3,nonexistent,-2.292752534136029,94.56765320222499,-32.051273847385886,1.3778748752878964,4971.456201271277,yes
49,management,single,basic.4y,unknown,no,yes,telephone,oct,wed,1473,11,14,4,nonexistent,0.11556639036481005,94.7083737336153,-31.601415411512697,0.7158298580696214,5224.892234007413,no
57,blue-collar,married,basic.4y,unknown,yes,no,cellular,aug,wed,2501,22,19,4,nonexistent,-0.911814524629175,94.5237082402466,-48.320185463827734,4.0614612943326645,5088.394162697661,yes
70,blue-collar,single,university.degree,no,no,yes,telephone,dec,fri,1947,22,6,1,success,-3.170107112631172,92.96996861742606,-38.977295991719394,4.056606198887746,5166.308533985324,yes
61,admin.,divorced,basic.4y,yes,unknown,no,telephone,aug,thu,2676,25,7,4,nonexistent,0.6222322199701202,92.77417219530378,-38.14498816795598,3.1493665628133654,5134.542652273209,yes
19,services,divorced,high.school,yes,yes,no,cellular,jan,wed,3292,11,2,5,failure,-0.3041611394411552,92.51083094713788,-50.07787903882248,4.252388544431488,5029.139265376576,yes
32,blue-collar,single,university.degree,unknown,unknown,no,telephone,sep,fri,1177,10,16,3,nonexistent,0.11912083391004269,94.44438397142179,-33.66218881129599,2.856955688417681,5051.555506546973,yes
38,services,single,university.degree,unknown,yes,yes,telephone,aug,wed,664,17,19,2,nonexistent,1.0996966538397823,92.33212605703355,-42.03362296486412,0.6288092378777027,5119.949427422637,yes
41,management,single,high.school,yes,yes,yes,telephone,feb,mon,11,27,5,2,nonexistent,-2.151195373585509,93.7985248106252,-40.80985442143198,1.2524195199529549,4989.089800556157,no
67,services,divorced,basic.6y,yes,no,yes,telephone,sep,tue,1156,17,21,0,nonexistent,-0.5698797436772047,92.92809915168512,-36.222712068374165,2.6221035616689385,5168.513385643784,yes
34,admin.,divorced,high.school,no,no,no,telephone,apr,mon,303,12,24,4,nonexistent,0.24871251777376932,92.52617038553437,-39.59232354109241,4.394010321323657,5175.090006226911,no
64,technician,married,high.school,unknown,no,yes,telephone,oct,fri,3364,28,14,5,failure,-0.938599592633353,92.51655883418371,-32.92399727695778,1.5925613562730379,5180.657908791972,yes
69,technician,single,university.degree,unknown,yes,unknown,telephone,dec,tue,3022,10,12,3,nonexistent,-1.0668648778792669,94.4387162547618,-36.558979099420576,0.7497976051787576,5188.050766911522,yes
69,admin.,single,high.school,yes,no,no,telephone,jun,thu,3371,12,22,4,nonexistent,1.057876079819808,94.40749750093295,-45.39776568291417,2.4150100399760404,5145.86470517785,yes
26,technician,divorced,basic.6y,no,unknown,yes,telephone,feb,fri,1763,6,12,3,nonexistent,-2.230705197170288,92.76168055319056,-29.995340748243535,0.8935751896569788,5160.372524960635,yes
52,admin.,single,basic.6y,yes,no,no,cellular,oct,thu,2830,21,11,6,nonexistent,-0.2661536860992568,92.09454741674878,-45.64255263161204,3.0218802441761534,5119.308308784186,yes
37,blue-collar,married,basic.6y,unknown,unknown,yes,telephone,apr,thu,42,27,13,0,nonexistent,1.257383601941848,94.43344297987149,-33.74656731972716,0.8447334291602064,5023.554718266159,no
36,services,single,university.degree,unknown,no,no,telephone,feb,wed,943,6,8,6,nonexistent,-2.344061581518031,92.16051096221476,-31.866197004960707,0.6731601473944979,4985.5650572534705,yes
35,technician,divorced,high.school,unknown,yes,unknown,cellular,dec,wed,2390,6,9,5,nonexistent,-1.1804234216678775,92.23721651957628,-34.350055507720015,4.750291135282548,5010.827756035138,yes
37,blue-collar,single,basic.4y,unknown,no,no,telephone,sep,tue,1349,29,26,6,nonexistent,1.2820990019161063,94.30137796416385,-40.718872428857,3.527301672609118,5014.676698540623,yes
47,technician,divorced,high.school,no,unknown,no,telephone,sep,tue,3885,20,4,4,nonexistent,-3.2279001288809037,94.28821487839032,-29.816923960304923,1.1257493225753261,5164.062037578887,yes
57,management,married,basic.6y,unknown,unknown,no,cellular,may,wed,2545,26,20,6,nonexistent,-0.3766980093867986,92.56697113925779,-42.967976816098734,3.0473284890318224,5214.27947522134,yes
18,admin.,married,high.school,yes,no,yes,telephone,mar,tue,2411,8,4,2,nonexistent,-1.4582012611916721,92.10701136049906,-34.37887727511268,1.736887614035499,5179.018910480471,yes
41,admin.,single,university.degree,no,unknown,no,cellular,mar,mon,890,5,20,0,nonexistent,0.3012419542410711,92.17635015471421,-29.823852853219623,3.948771884504511,5226.037914731769,yes
41,blue-collar,single,high.school,no,yes,yes,cellular,jan,fri,2474,6,29,5,nonexistent,-1.8484448315315232,93.26948987570438,-47.08527255640642,4.182475075255543,4975.14810655354,yes
64,management,divorced,university.degree,unknown,no,no,telephone,aug,mon,1004,2,19,6,success,-1.610159865283304,93.17105683006429,-35.20201843706322,2.8334685023267463,4972.086868844504,yes
36,services,married,basic.4y,no,unknown,yes,cellular,mar,fri,20,17,5,4,failure,-0.9249432235067172,92.51040909065732,-29.267074293552067,2.4017761946587397,5144.398754948928,no
47,management,married,basic.4y,unknown,no,yes,cellular,dec,wed,406,8,11,2,failure,-1.7397658403526235,94.54531273256508,-48.33635770087493,1.9956626297443956,4970.3731084983065,no
43,management,married,university.degree,no,no,yes,telephone,apr,mon,2666,22,16,2,nonexistent,-2.154043369615568,93.54674580347917,-47.31649718352977,0.7444962508831328,5199.197263197424,yes
59,self-employed,married,high.school,no,no,yes,telephone,feb,thu,1014,29,15,3,failure,-1.6943979064780972,94.26054898753605,-41.759690647587746,3.0671917317184283,5088.489760349407,no
61,services,single,basic.6y,yes,no,no,cellular,aug,mon,335,9,17,2,failure,0.9581647666382745,92.29043284144956,-27.035972662407755,2.8392788620162626,5208.105827794433,no
77,services,single,university.degree,yes,no,no,telephone,mar,tue,1838,21,24,1,failure,-1.755158325850919,94.72568390188829,-45.44793473212279,1.537309314912763,5029.686243041293,yes
55,management,divorced,high.school,yes,yes,yes,cellular,dec,mon,3188,8,21,6,nonexistent,0.9172753646057282,94.26726541105933,-43.03918616342906,2.9410255051455754,5133.516978404831,yes
46,technician,married,high.school,no,no,yes,cellular,nov,wed,1147,23,5,4,nonexistent,-2.4159055850552145,92.80590731814836,-30.84118822192223,2.6575803403185976,5148.499854357781,no
30,self-employed,single,high.school,yes,yes,yes,telephone,feb,wed,2446,11,9,4,failure,-0.17353221433251176,92.05819954276296,-47.67523375625571,1.7469869813777692,5039.5807335867285,yes
21,technician,single,basic.6y,yes,no,unknown,cellular,jan,tue,2840,10,19,3,nonexistent,0.17581950405627,92.46062460507228,-26.990667534248722,3.869627625563102,5060.739532387213,yes
62,management,married,basic.6y,yes,unknown,unknown,telephone,oct,fri,1827,17,20,2,nonexistent,-2.865444018976306,93.17181726388098,-33.141206232485374,1.681867485503767,5109.458830313761,no
34,technician,single,basic.6y,no,no,no,telephone,feb,tue,714,23,8,3,nonexistent,-0.7888666887816524,92.00835926668937,-27.8758285168448,2.5845749529983757,5065.073463751652,no
79,services,divorced,university.degree,unknown,no,unknown,telephone,feb,fri,50,20,1,1,nonexistent,-3.3371843137811332,92.11435342452944,-47.34888793042892,2.9470437907190106,5093.607423868568,no
50,services,divorced,university.degree,yes,unknown,unknown,telephone,apr,wed,3854,13,2,3,nonexistent,1.0554852358582347,92.2761808608519,-45.24474786545855,4.169936591731101,5084.213446627146,yes
22,technician,married,basic.6y,no,yes,yes,cellular,nov,wed,323,22,9,4,nonexistent,-0.8835418935136825,94.267206087814,-41.938481408578404,2.450418899508618,5139.7548011473455,no
45,services,divorced,university.degree,no,yes,yes,telephone,jan,fri,788,9,7,5,nonexistent,-3.2235232363832105,93.53122425385789,-49.58082869351354,1.5107947873115415,4985.111133310913,yes
41,admin.,single,basic.6y,unknown,yes,unknown,telephone,jan,mon,140,15,8,5,nonexistent,-0.1205300108963089,92.5347461233915,-49.34946970331095,0.6651950044346201,5216.6270252003815,no
34,services,divorced,university.degree,yes,yes,unknown,telephone,jun,mon,469,13,27,3,nonexistent,0.8513963394822006,92.7405055620105,-29.19866803283039,1.7090601911709085,4990.803049389243,yes
67,management,single,high.school,no,unknown,unknown,cellular,may,tue,786,13,20,4,nonexistent,0.14010161203544036,93.7981004966574,-49.77831651766106,3.902313089237455,5053.029137317027,no
56,blue-collar,married,basic.6y,no,yes,yes,telephone,jan,wed,1825,13,18,0,nonexistent,-2.7580400134375638,92.89210843460408,-32.875963190334915,4.210082410363318,4965.90186289305,yes
65,technician,married,university.degree,no,yes,no,cellular,jun,mon,1357,25,999,1,nonexistent,-0.8085385804745936,93.90997101289634,-33.64834820866647,3.2430346287104785,5179.437114355921,no
57,self-employed,single,high.school,unknown,yes,unknown,cellular,aug,wed,1916,25,27,6,failure,0.1188729937777159,94.17903908170162,-49.059730864420075,4.772644639473036,4993.359564524087,yes
61,technician,single,high.school,yes,yes,no,cellular,may,tue,963,21,1,1,nonexistent,0.4427362963548899,92.8585484126039,-46.315505214154115,2.8975951239121374,5037.261226112884,no
63,services,divorced,university.degree,no,yes,no,cellular,mar,thu,3055,4,19,4,nonexistent,-3.3231903360287336,93.02623553501033,-39.929866392710615,2.709030408392727,5083.091051691267,yes
68,services,single,high.school,no,no,unknown,telephone,mar,wed,372,22,3,5,nonexistent,-2.0380505931157935,92.14020781720554,-35.46439324568656,4.264483081989532,5186.831507771748,no
28,blue-collar,married,basic.4y,no,no,no,telephone,nov,thu,3635,10,15,0,failure,0.8462900181380401,94.29543534891933,-29.389738321770405,1.3347784030122916,5166.536920059839,yes
29,blue-collar,single,basic.6y,no,yes,yes,cellular,dec,wed,2541,15,20,2,nonexistent,-2.1595270658546855,93.69699700641604,-38.20871768541712,0.6666134982282308,5003.255645766308,yes
30,self-employed,divorced,basic.6y,yes,unknown,unknown,cellular,feb,fri,3610,21,24,3,nonexistent,-1.1318457815263914,94.48715178550925,-28.420834098235193,4.479905470002174,5081.7433737149,yes
25,management,divorced,high.school,yes,unknown,unknown,telephone,sep,thu,1692,28,29,6,nonexistent,-0.0560069940693451,92.52897492574607,-46.252893822557496,2.9500907830168543,5051.608385041047,yes
18,admin.,single,university.degree,no,no,unknown,cellular,sep,fri,2798,10,11,6,nonexistent,1.3308739384265265,94.68968123715877,-35.915557541922304,3.877546234291843,5214.475882090756,yes
26,management,divorced,basic.4y,no,unknown,unknown,cellular,jul,fri,1179,21,1,2,failure,-1.3558702009849442,93.97885988332185,-30.61309360315735,3.36725778203408,5189.944125459105,no
45,self-employed,divorced,university.degree,no,no,yes,cellular,jan,tue,2338,8,14,6,failure,-0.9823618109395648,92.55050895332462,-45.22354078426585,3.5211052521904143,5003.387234085883,yes
19,technician,married,basic.6y,unknown,yes,yes,telephone,jan,tue,1671,10,17,0,nonexistent,-0.7185780598713633,93.29632107669747,-31.953766398962344,3.184288949326787,5077.238080116861,no
31,services,single,high.school,unknown,yes,no,cellular,apr,mon,3215,21,15,1,nonexistent,-2.2760061314482893,93.95706264983524,-41.23308747069268,3.7908819405139913,5081.21896191356,yes
30,management,married,basic.4y,unknown,unknown,unknown,cellular,dec,thu,105,17,20,2,nonexistent,-1.6303439045094235,92.04752341446348,-26.9089822308888,1.0993648762310446,5217.7622284866675,no
65,services,married,high.school,no,unknown,unknown,cellular,feb,mon,1443,5,11,0,nonexistent,-1.3145618149776679,94.18480260028575,-48.61192028493142,1.7040714550846732,5173.945502963378,no
19,services,divorced,basic.4y,unknown,unknown,no,telephone,mar,thu,2717,13,17,1,nonexistent,-3.307247654933168,94.65350479693954,-37.5767918239862,2.70819255229958,5177.592295414061,yes
21,management,married,high.school,yes,yes,yes,cellular,feb,tue,1681,21,13,5,nonexistent,-3.363450359398544,92.22818982297017,-32.08546371886204,3.752425533825991,5060.965203023871,yes
29,management,single,university.degree,unknown,yes,unknown,telephone,jan,tue,1,21,25,2,nonexistent,-2.3233185935952574,94.51472973107019,-34.63890024654945,1.9573913641881844,5147.567700542766,no
65,blue-collar,single,basic.6y,no,unknown,no,telephone,mar,tue,2636,28,20,6,nonexistent,-0.9413275618186058,93.30044300151366,-38.71652020808834,4.151763928542723,5048.303213290815,yes
27,self-employed,single,high.school,yes,unknown,yes,telephone,jul,thu,2691,19,11,5,success,1.1873196890095492,93.44367640783614,-38.5366954007538,0.8874921962517365,5181.689844497796,yes
20,self-employed,married,high.school,no,unknown,no,telephone,oct,tue,2137,12,4,1,nonexistent,1.2685010845722908,94.35230243464918,-41.110233597510394,4.079963247687845,5217.542635320543,yes
21,admin.,single,basic.4y,yes,unknown,no,cellular,sep,mon,3416,12,22,4,failure,-0.2935141754154744,93.6510427151846,-42.61901983870748,3.675860650846157,5124.9782757203175,yes
23,blue-collar,single,university.degree,unknown,no,yes,cellular,oct,fri,349,25,3,6,failure,0.5696447573132702,92.98399211532728,-36.61136957890195,0.8871530474841435,5103.449438542293,no
40,admin.,married,university.degree,unknown,unknown,unknown,telephone,sep,thu,3530,21,17,1,nonexistent,0.9233570429344542,94.05125509828005,-32.91401778145441,0.7391957441843053,5194.374579197653,yes
22,management,married,basic.4y,yes,unknown,yes,cellular,aug,fri,1286,28,23,1,failure,0.6278625401210473,92.38731603097904,-44.125434134753036,4.295585015262927,5202.97893759542,no
67,self-employed,married,university.degree,yes,no,unknown,cellular,jun,mon,3422,2,29,6,nonexistent,-0.7902050477193576,93.86557040434008,-28.17580848180546,1.2370942075827993,4987.45667381369,yes
20,self-employed,married,basic.6y,no,no,yes,telephone,jan,wed,3179,21,16,0,nonexistent,-0.019966774828579795,94.16894657808243,-42.080840266644344,1.7145354400773682,5148.03908909318,yes
27,admin.,divorced,high.school,yes,no,unknown,telephone,aug,tue,3657,9,15,0,nonexistent,-3.382522045199245,92.93735513710004,-40.428004429060536,4.543680009932551,5129.82864553422,yes
60,technician,married,basic.4y,no,no,unknown,cellular,aug,mon,1062,24,9,3,success,-0.28925856104888,94.71665153088205,-40.97375323042452,2.108653836176984,5019.190092897637,no
36,blue-collar,married,university.degree,yes,unknown,no,cellular,dec,wed,2956,22,16,6,nonexistent,-1.3558540223054365,93.79368522268327,-48.13897936633871,2.933913530539718,4996.625443835675,yes
31,blue-collar,single,basic.6y,yes,yes,no,cellular,sep,thu,2206,25,11,0,nonexistent,-0.3053813674023689,92.26790035728159,-48.02972532190733,0.736470854186483,5039.050262249684,yes
38,blue-collar,single,basic.6y,unknown,yes,unknown,cellular,oct,mon,3654,23,11,4,success,-0.06684263070751818,94.70559639462893,-31.793024449567486,3.1036536441129714,5008.296454285753,yes
77,self-employed,married,university.degree,unknown,yes,yes,telephone,nov,thu,3006,2,26,4,nonexistent,-2.930099854745164,94.08318058542287,-41.68637257101356,3.7395106740111452,5027.76291878464,yes
60,services,married,university.degree,no,yes,unknown,telephone,dec,fri,2359,1,27,5,nonexistent,0.7977989933684346,93.9478053479283,-45.63789646149336,3.0864750692637406,5206.308009653801,yes
45,self-employed,married,basic.4y,no,yes,yes,telephone,jun,fri,3312,14,22,1,failure,-2.556487372268204,92.70909929554361,-33.8859595491178,4.158193658716869,5205.939509541059,yes
38,services,single,university.degree,no,yes,unknown,cellular,mar,thu,444,13,3,0,failure,-3.3497904100566265,93.32481128458492,-27.862196827632047,4.016841363843799,5030.661418008229,no
53,self-employed,single,basic.4y,yes,no,yes,telephone,jun,fri,2345,3,2,6,success,-1.337406051758744,94.52294253312512,-28.410422569885746,2.708083092750509,5017.060196796604,yes
41,management,married,high.school,yes,no,no,cellular,aug,fri,951,27,999,6,success,-2.9696039222021953,92.86283225860338,-33.510571126019784,3.4384697508106803,5083.826773234645,yes
71,self-employed,single,basic.6y,no,yes,yes,telephone,jul,tue,35,20,11,6,nonexistent,1.1886910142327718,93.18532915006159,-46.22022227187271,1.8172033152391815,5139.220440411659,no
55,management,single,basic.4y,yes,unknown,no,cellular,aug,thu,1107,25,28,3,failure,-2.0377016538902875,92.71890554974449,-47.11718341276142,2.1779426302330758,5000.08198400836,yes
34,services,married,basic.6y,unknown,unknown,yes,cellular,mar,thu,1475,5,7,0,nonexistent,-2.326721942375973,92.60452466355233,-29.982945412028936,3.336291802848044,5179.797195222985,yes
39,blue-collar,single,high.school,yes,yes,no,telephone,aug,wed,3957,2,7,6,nonexistent,-2.1424493602295214,92.12240215244294,-27.788739128664627,3.5058183252111297,4983.061149304353,yes
36,services,married,university.degree,unknown,unknown,yes,telephone,may,tue,1798,26,11,3,nonexistent,-2.0398906205788983,94.06331930942603,-35.926582940475164,0.9755714686765792,4993.582671375572,no
62,admin.,divorced,basic.4y,no,no,unknown,cellular,jul,mon,1845,21,3,1,nonexistent,-3.0996476832173565,92.25412576564594,-29.260014805930915,4.2046523787029,5131.927003089339,no
71,blue-collar,divorced,university.degree,yes,no,yes,cellular,apr,tue,1408,29,15,6,success,-0.8079683901146021,93.48770783748995,-31.32413030558692,3.4035624880871707,5017.614648675598,no
27,self-employed,divorced,basic.6y,no,unknown,no,telephone,mar,mon,1195,18,1,6,success,-3.313575003779031,92.13942734557739,-47.119094579254636,2.0403488190934627,5024.185864973376,yes
78,self-employed,single,basic.4y,unknown,yes,no,cellular,jun,thu,1399,9,3,5,nonexistent,0.18449745571192291,94.75485543177845,-45.47102519423699,1.5959864963403394,5195.398428308378,no
28,self-employed,divorced,high.school,no,no,yes,cellular,sep,tue,1708,22,22,5,nonexistent,0.28510539759484527,93.98644816140245,-49.18055546486726,3.2535714362426447,5059.924660677442,yes
78,self-employed,single,high.school,unknown,unknown,unknown,cellular,apr,wed,1385,28,3,4,nonexistent,-1.4814501248489398,93.76507697089724,-39.47003982073093,3.6619086927682285,5207.27401146241,no
55,self-employed,married,university.degree,unknown,unknown,yes,telephone,dec,fri,2606,28,28,0,failure,1.2599311539229872,92.52190158013805,-43.05763789581223,4.684985006382257,4992.350926003691,yes
19,services,divorced,high.school,no,no,yes,cellular,sep,mon,2938,12,10,0,failure,0.3526089465883549,93.47855137378473,-40.6175000019382,1.4139622651677481,5210.023295741834,yes
50,management,single,high.school,unknown,no,no,cellular,mar,fri,2188,5,26,4,nonexistent,-2.809285496546822,93.40996262239378,-50.59293153903548,2.8128416413234456,5205.542536509798,yes
60,services,divorced,university.degree,no,yes,unknown,cellular,jun,thu,2934,18,2,4,nonexistent,1.3032716251561112,93.00421631742944,-33.56226805721082,4.802790554038046,5106.364965425046,yes
48,technician,single,university.degree,no,unknown,unknown,telephone,dec,thu,3989,23,9,5,nonexistent,0.6565862731381112,92.43711344734882,-46.00633670510543,4.60194278097929,5164.178218395797,yes
65,services,single,basic.4y,no,yes,unknown,telephone,may,thu,3189,23,11,5,nonexistent,-0.02084513539236358,93.02796661794272,-41.998444758236325,2.702735383977091,5079.229368620863,yes
52,blue-collar,married,basic.4y,unknown,no,unknown,telephone,sep,fri,1300,2,16,5,success,-0.2634432762142851,93.70549139677922,-41.18321860295894,3.0289737180574603,5166.127425961457,yes
54,self-employed,single,university.degree,unknown,unknown,yes,cellular,jun,thu,2773,10,8,2,nonexistent,-0.49719976259141757,93.3645810595717,-49.216760080711566,4.63260746689181,5027.886097007788,yes
64,services,single,basic.6y,yes,no,unknown,cellular,feb,thu,1243,22,20,2,nonexistent,1.3530846908585197,93.59612388045346,-42.06419701207569,0.7413482316371306,5202.481869481133,no
64,management,divorced,basic.6y,no,no,unknown,cellular,apr,fri,3976,10,1,2,nonexistent,-1.10323651791815,93.60165009152453,-29.293659147245293,4.895285169377098,5172.149679815416,yes
53,self-employed,married,basic.4y,no,no,unknown,cellular,may,thu,3097,26,21,4,nonexistent,-2.6040255377146875,92.6850894041437,-29.452437175573987,4.898774097157321,5157.365500371474,yes
40,admin.,single,basic.4y,no,yes,no,cellular,nov,mon,520,3,17,2,success,-1.9865984575913653,92.31073055878026,-50.21230113900082,4.7552078040638435,5176.483679350949,yes
53,technician,divorced,university.degree,no,no,no,cellular,nov,tue,1806,24,11,0,nonexistent,-1.5989606602953044,93.46090393423654,-50.08802527133658,4.8482206829646195,5054.811824401095,no
57,blue-collar,married,basic.6y,no,yes,no,telephone,sep,mon,9,14,5,4,nonexistent,-1.8811335782752923,94.49864206441782,-36.60422031437364,1.9379012741737858,5013.83337813632,no
56,management,single,university.degree,no,no,unknown,cellular,jan,thu,983,5,24,0,nonexistent,-3.2543094010852207,94.78702468565423,-45.90473086354982,0.7630994467866075,5057.4485320391095,no
43,technician,divorced,basic.4y,no,no,yes,telephone,dec,thu,2425,24,17,4,nonexistent,-3.0461097769183074,94.20051875587183,-29.325579661396837,1.851121549871567,4973.8448422531665,yes
42,services,married,high.school,yes,unknown,yes,cellular,sep,thu,1656,23,12,6,nonexistent,-3.3763442690239533,92.61912703886865,-39.25978429290559,2.120923685956225,5035.075942266372,yes
34,technician,married,high.school,yes,no,no,cellular,oct,thu,1660,13,14,1,failure,-0.14026286684722308,93.76490541197059,-43.013547110725234,2.1508450360328806,5124.231236057452,yes
32,self-employed,married,high.school,no,unknown,no,telephone,jan,fri,2729,27,999,0,nonexistent,-0.2103799035887594,92.66882595458893,-28.01668162950404,3.5940189400093514,5187.5103507263,yes
54,self-employed,married,university.degree,no,unknown,unknown,telephone,jan,tue,2631,24,22,6,nonexistent,-3.072980393814916,93.61406645536098,-43.20151764585295,4.39991531480971,5209.670998863476,yes
62,admin.,single,basic.6y,yes,yes,no,cellular,apr,fri,2199,28,7,4,nonexistent,-1.8871147204817442,93.34592652030459,-43.13219811843841,1.5767417466336202,5154.615036713255,yes
21,technician,single,basic.4y,yes,unknown,no,cellular,jun,fri,719,17,17,3,nonexistent,-2.0415412887973634,93.06835594467591,-47.61897839132371,2.5680441923846336,5199.494811407043,no
39,technician,married,basic.6y,no,unknown,no,cellular,feb,thu,1072,6,19,4,nonexistent,-1.2226976044221385,93.79658993875466,-45.48817581511545,2.2654495397738943,5040.666255608223,yes
34,self-employed,married,basic.6y,no,no,no,telephone,jan,mon,3225,29,23,1,nonexistent,-1.678255654443317,94.4015934926184,-32.62427250657278,3.964249372035945,5142.854077517911,yes
39,services,single,basic.4y,yes,no,yes,cellular,dec,mon,858,29,11,4,failure,0.5384579384755281,92.94493421230834,-32.64207546395377,1.998739212346202,5221.954824621693,no
34,services,divorced,basic.6y,yes,yes,unknown,cellular,apr,wed,1316,27,29,1,failure,0.8368659839838263,93.36151246412808,-41.560286859544455,0.8473503810142107,5125.154241053592,no
31,blue-collar,married,high.school,no,unknown,yes,telephone,aug,tue,1603,13,19,2,nonexistent,-2.4110032495146507,93.27630965125574,-42.449934495980294,2.0687361619861653,5076.774418209804,no
31,services,single,basic.4y,yes,unknown,no,telephone,jun,wed,49,29,11,0,nonexistent,-2.8192097117295023,92.69782712960749,-40.8003685014688,2.157472846075947,5033.0797134501445,no
34,technician,single,high.school,no,yes,unknown,cellular,dec,fri,2711,12,24,1,nonexistent,0.6286669215210862,93.17911236535387,-43.60999845453866,4.218500193792763,5046.856127583764,yes
25,admin.,divorced,university.degree,unknown,no,unknown,cellular,may,wed,2578,3,999,3,nonexistent,-0.9928200819807245,92.06043663030404,-36.273715680886816,3.010734939590972,5017.153506782924,yes
51,services,single,high.school,no,unknown,yes,telephone,jan,wed,3683,16,9,0,failure,-1.8430074075795855,93.44880966014625,-30.80567900766863,2.903466017579011,5149.512726381943,yes
43,self-employed,married,university.degree,no,yes,yes,cellular,mar,wed,3131,5,28,4,nonexistent,-3.153316062392204,94.01821969631617,-50.57597068380016,3.234847251295798,5155.096667751818,yes
62,self-employed,single,university.degree,no,no,no,telephone,jul,tue,3238,2,22,4,nonexistent,-0.4906013713771616,93.02931197813082,-28.42943098625554,3.070397149220348,5169.789864196997,yes
47,blue-collar,married,basic.4y,yes,yes,yes,telephone,oct,mon,3273,11,18,1,failure,-2.402915740996079,94.09040770377148,-47.98091425685559,3.5992603007477135,5087.238834955487,yes
39,blue-collar,single,high.school,no,yes,no,cellular,mar,mon,2904,4,26,6,failure,-3.219103655698388,94.1018371220011,-29.297023648652356,4.5771426021257025,5000.16984904294,yes
33,technician,married,high.school,no,unknown,no,telephone,may,wed,145,22,27,3,nonexistent,-1.2649174855500411,94.75552301570268,-45.21798053707583,4.455950363868241,5075.199396515243,no
47,services,married,high.school,yes,no,no,telephone,jun,tue,914,1,25,1,nonexistent,-0.533739997932737,93.52864360030486,-28.882921050128562,2.779404386916297,5161.594214208699,yes
33,services,single,basic.4y,unknown,unknown,unknown,cellular,sep,mon,3747,13,26,6,nonexistent,-2.5773907483436704,93.1313794917799,-31.982787086575783,4.325853221538796,5189.956909045586,yes
55,blue-collar,married,university.degree,unknown,unknown,unknown,telephone,nov,thu,3040,18,26,3,nonexistent,-0.2730248164889975,93.79066810881837,-44.36685295441318,4.397325661755824,4985.064460617153,yes
71,services,single,university.degree,yes,no,yes,telephone,mar,mon,1462,16,18,5,success,-2.4933381743405802,93.7544135903852,-50.124196151307174,4.074016314194212,5028.111288922296,yes
41,technician,single,university.degree,no,no,yes,cellular,jun,mon,2289,2,10,1,failure,-3.300448585528688,94.7645581228479,-33.69134733029971,0.7850384527233876,5218.0392935351965,yes
53,admin.,single,basic.4y,unknown,no,unknown,cellular,nov,tue,580,9,22,2,failure,-2.68512442178655,93.98154290462388,-31.159870398274638,3.5130337059834713,5077.855792778746,no
52,self-employed,married,basic.4y,unknown,unknown,yes,telephone,feb,tue,2734,27,21,2,nonexistent,-0.5824241479244752,92.8584252906398,-34.55363827511836,1.9781390854941316,4982.290713308002,no
23,technician,single,basic.6y,yes,no,no,cellular,sep,mon,1584,12,2,2,failure,-0.35051427504843424,92.52502759768024,-41.67817524917054,4.442432849665072,5017.480572465427,yes
21,services,divorced,high.school,unknown,no,no,telephone,dec,thu,482,5,29,1,nonexistent,0.7510004397694291,94.21963330979769,-47.755327711212345,1.8494335115614244,5182.493864113538,no
35,technician,married,university.degree,unknown,no,unknown,telephone,sep,thu,3179,5,13,6,nonexistent,-3.1005162042819947,92.50332684224584,-42.50553554298338,4.6419541522199745,5164.4841356785955,yes
23,self-employed,divorced,basic.6y,yes,yes,yes,telephone,jul,wed,1249,22,17,0,nonexistent,1.174197043435409,93.75683920278328,-44.38084316282758,3.3065316045829882,5021.12244694738,yes
43,management,divorced,basic.6y,unknown,no,yes,cellular,nov,wed,672,13,26,4,nonexistent,-0.8947650974637302,92.37048549111594,-33.51815597500679,3.4382439557821054,4990.464628498736,no
54,self-employed,divorced,high.school,no,unknown,unknown,telephone,sep,mon,630,16,26,0,failure,-2.2211769256395404,94.01237517506033,-46.99127408370791,4.506038704414415,4984.599819172357,no
44,self-employed,divorced,basic.4y,yes,yes,no,telephone,apr,mon,2708,26,5,4,nonexistent,-1.6460073525840448,94.19210542182434,-31.21293219673109,4.935773238879925,5095.760499322839,yes
58,management,single,basic.6y,no,unknown,no,cellular,oct,mon,661,19,25,3,nonexistent,-3.132748783911889,94.77351173495911,-36.17457387885462,1.9596356040254106,5147.5762428349135,yes
28,services,divorced,basic.4y,no,yes,yes,cellular,jan,thu,3503,9,22,2,nonexistent,-2.871560356657426,94.67180758250416,-39.26660876233513,0.9909874723392806,5049.22808471112,yes
55,services,married,basic.4y,yes,no,unknown,cellular,jan,fri,2852,16,8,2,nonexistent,0.8355269329945728,93.99865963137846,-42.190451840851885,3.7827251929091017,4986.401241773662,yes
79,admin.,divorced,high.school,unknown,yes,unknown,cellular,feb,wed,3726,19,24,4,nonexistent,-2.8916414156690013,92.77708401225112,-38.670901522507855,0.9087866115243834,5093.73464237559,yes
33,self-employed,divorced,basic.6y,yes,unknown,no,telephone,oct,wed,2466,4,8,2,nonexistent,-3.131969969487671,92.1224107504154,-37.8904409758495,2.94901302894534,5021.51666806485,yes
36,technician,divorced,university.degree,unknown,yes,no,cellular,nov,fri,987,28,26,0,failure,-0.5283141685947541,93.55467623783916,-45.13606069184751,2.119112170032807,5011.454084439726,no
60,admin.,single,basic.6y,no,no,yes,cellular,mar,mon,3526,15,25,1,nonexistent,-1.5628734835501268,94.1447451547709,-27.16876595998757,2.315956637420503,5168.495690366328,yes
70,services,divorced,university.degree,unknown,no,unknown,telephone,feb,wed,3231,9,16,2,nonexistent,-1.4515392630501922,92.02974650758313,-29.061810968816605,1.6361317150882426,5123.464525721939,yes
32,services,divorced,university.degree,no,unknown,yes,telephone,apr,thu,1546,16,3,5,nonexistent,-2.822688774485916,93.46944357169038,-41.45992874981263,3.6770931260410515,5046.943420557018,yes
43,blue-collar,divorced,basic.4y,no,yes,yes,cellular,aug,fri,649,26,3,6,failure,-3.1879880594783616,94.47208613299327,-44.728884126677976,3.116372801808203,5085.415378384447,no
73,admin.,married,university.degree,no,unknown,unknown,cellular,mar,thu,968,24,25,6,nonexistent,0.7555006323305132,93.78420996734728,-43.46161545184603,4.790752799037372,5022.827659752525,no
58,services,single,high.school,yes,unknown,unknown,cellular,apr,mon,2637,6,23,2,nonexistent,-1.5302169704176103,93.91458686580641,-27.373989507250613,2.1643682802766167,5112.160493638762,no
73,management,single,basic.6y,unknown,unknown,no,cellular,feb,wed,1100,8,18,5,nonexistent,-2.871485447567319,93.32813010963777,-41.07115717750797,2.334893150236418,5163.825199040991,yes
48,blue-collar,single,basic.4y,unknown,no,unknown,telephone,jan,thu,2556,1,15,3,nonexistent,-2.4387774864710376,94.64082002200945,-29.004870603752305,1.3260414246464705,5076.911912044776,yes
36,technician,married,basic.4y,unknown,yes,yes,cellular,aug,fri,440,14,29,1,nonexistent,-2.906035168484054,93.04901227686902,-49.38933393069206,3.291314682623129,5065.096742839131,no
74,blue-collar,divorced,university.degree,no,no,yes,telephone,jul,mon,3325,4,16,4,failure,-1.1051614380947183,93.06147140125833,-32.23456724951944,1.0177905656474284,5030.191737468953,yes
68,self-employed,married,basic.4y,yes,no,unknown,telephone,oct,wed,920,10,2,1,nonexistent,0.45682256307025154,93.44966564043007,-32.5851901273005,4.85993406795441,5049.158114057539,no
41,self-employed,single,high.school,unknown,no,yes,cellular,feb,wed,769,27,21,1,nonexistent,-1.5112643011515672,93.6406101295708,-35.24142027642933,4.60429928577194,5058.835275095211,no
75,technician,single,high.school,unknown,yes,unknown,telephone,aug,mon,1343,16,6,4,failure,-0.42449996906092,93.5047903176257,-47.905273632036526,3.6786330402279397,5046.335716671009,no
26,management,single,basic.4y,yes,no,no,cellular,oct,mon,1826,4,24,1,nonexistent,-0.1578596998031344,94.29216837998926,-27.344557281199883,1.9960679886107309,4987.486441567832,no
40,technician,married,basic.4y,unknown,no,no,cellular,mar,mon,262,2,4,3,nonexistent,0.017958250501239767,94.3366363652379,-45.71456842400438,2.1670639064994512,5002.697365269148,no
21,admin.,single,high.school,yes,no,unknown,cellular,jul,thu,3668,2,20,5,nonexistent,-0.4934519032106218,92.36866286142872,-33.83788127430236,0.9833573753450247,5227.105610738107,yes
27,technician,divorced,university.degree,yes,yes,yes,cellular,jan,tue,3729,13,2,0,nonexistent,-0.7403776022956403,93.66925876364212,-32.83971888704836,1.6869202372303416,5059.624417158031,yes
26,technician,married,basic.4y,unknown,yes,unknown,telephone,dec,wed,3906,11,11,1,nonexistent,-1.1037523485445375,94.75491779539355,-32.63793785178199,2.1532945506077112,5176.621013514914,yes
36,blue-collar,divorced,university.degree,yes,unknown,unknown,cellular,mar,thu,1577,10,18,0,nonexistent,-1.1266967467036246,93.67904314653485,-31.058480261433775,2.57088332067706,5153.3239835014865,yes
32,management,single,basic.4y,yes,no,no,telephone,sep,fri,3445,25,8,3,failure,-1.801925854184298,93.92685948032491,-27.15993446812815,2.642791035341359,5112.820597611143,yes
68,technician,single,high.school,unknown,no,unknown,cellular,apr,wed,2684,6,2,3,success,-0.9781990116244208,94.41183501528525,-48.50583654944691,4.494468931883678,5082.575605215246,yes
51,admin.,married,basic.4y,no,yes,no,telephone,jan,tue,3238,7,2,6,nonexistent,-1.1005249987373882,94.42648527599846,-39.514679374155726,2.5792051153388353,5139.5651432392715,yes
59,blue-collar,divorced,basic.4y,unknown,yes,no,telephone,nov,fri,3824,27,15,6,nonexistent,-1.8667530042513147,92.04813412838755,-27.501311191156223,4.812675774826793,5118.1243818620605,yes
36,management,married,basic.4y,unknown,no,unknown,cellular,jun,wed,2506,27,24,1,nonexistent,-1.9544891676755993,92.6704109051841,-29.718161004534803,0.9687722396944201,5157.719478448011,yes
66,management,divorced,high.school,no,unknown,unknown,cellular,jan,tue,998,15,19,2,failure,-1.2588709588309426,94.41605899313417,-27.12417284286801,1.5282990878581773,5226.471474910324,no
69,services,single,high.school,yes,unknown,unknown,telephone,oct,mon,3351,20,12,1,nonexistent,0.45463532163781023,93.86788187894916,-36.87981411791664,2.3071407591041577,5046.891108583508,yes
73,self-employed,married,high.school,unknown,no,unknown,telephone,jan,tue,699,19,5,0,nonexistent,-2.2110166187466946,93.76877620818219,-34.71890018252521,4.507882308450217,5051.929783554448,no
38,admin.,married,basic.6y,no,unknown,no,telephone,feb,wed,2349,3,999,3,failure,0.6578961329520243,94.40784359655139,-44.49509983319122,1.13773399374636,5145.88054787209,yes
51,self-employed,divorced,basic.6y,no,unknown,unknown,cellular,mar,tue,3602,21,10,0,failure,0.07501078727182474,94.25834026835192,-39.84590881287788,2.162281404752678,5186.977975777277,yes
68,blue-collar,single,basic.6y,unknown,no,no,cellular,feb,wed,1603,27,17,0,failure,-2.1429183409557298,94.10378169118711,-50.299323592671534,1.0935607761084214,5013.841298925673,yes
34,blue-collar,single,basic.6y,unknown,unknown,no,cellular,aug,wed,1241,14,26,6,nonexistent,-3.3336351947408027,92.13258790069268,-33.598672977359136,4.005580712695548,5189.664417561267,no
35,admin.,divorced,high.school,no,yes,yes,cellular,jun,tue,1125,22,29,4,failure,-3.0312640746951947,94.18863362881109,-28.671530685264415,1.8428581544760456,5200.706423081327,yes
34,management,divorced,basic.4y,unknown,no,no,telephone,jan,tue,2601,2,2,3,failure,0.8377793726603922,92.56170604863102,-48.11963202001336,2.5112771584702096,5068.041103747853,yes
19,technician,divorced,high.school,no,yes,yes,telephone,jun,fri,2335,23,17,3,nonexistent,0.47325030450661704,92.0728245274705,-39.94036758302781,4.196702090623408,5034.103500486428,yes
68,admin.,divorced,basic.6y,unknown,no,unknown,telephone,jan,fri,1190,16,29,0,nonexistent,-1.5780313620451163,93.37729163669478,-35.906300390953106,1.3385079937412645,5069.553246368779,yes
18,blue-collar,divorced,university.degree,no,yes,yes,telephone,sep,thu,2668,23,10,5,nonexistent,-3.1038190147609486,94.63860834942636,-35.69094019293779,4.767519076472847,5012.962466027507,yes
60,self-employed,single,university.degree,unknown,unknown,unknown,telephone,mar,wed,1005,17,25,3,success,0.49343411240628093,94.48206889793639,-43.47389326708059,2.3332927564223596,4979.254612551229,yes
74,admin.,single,high.school,unknown,yes,no,cellular,dec,fri,35,15,14,5,nonexistent,-2.174838323489356,94.7497602452136,-50.32714663392736,2.053767538334177,5174.473722477702,no
27,management,married,basic.4y,unknown,yes,yes,cellular,jan,thu,743,29,2,5,nonexistent,1.1749655713511677,92.69028999166473,-29.581216450288093,1.439331110628853,5114.318112689631,no
54,services,single,basic.6y,yes,yes,unknown,telephone,jan,wed,1764,13,11,1,nonexistent,-0.8900905021360934,93.94710012955773,-48.60652814707323,2.6570559206090616,5094.291596884635,yes
65,services,divorced,basic.4y,unknown,yes,unknown,cellular,feb,thu,352,29,29,4,failure,0.03285576873367773,92.15636958303614,-46.55345429358135,4.915065136313949,5020.199713659964,no
73,technician,single,basic.4y,no,yes,yes,cellular,jun,fri,3747,29,20,1,nonexistent,-1.183271049299099,94.24966784293053,-27.789384300742316,2.7603352217083303,5109.715368613451,yes
22,technician,single,basic.4y,no,no,yes,cellular,jan,thu,1922,12,11,6,nonexistent,-3.267106201636873,93.46653956972891,-38.841078848647115,2.589396561372566,5069.835262871417,yes
73,management,single,basic.6y,yes,yes,unknown,cellular,jul,tue,72,7,16,2,nonexistent,-3.096777427793289,94.789601019961,-29.910517333178493,0.6335600670785301,5097.486800098378,no
72,self-employed,married,high.school,yes,yes,unknown,cellular,nov,thu,2695,29,999,2,success,1.2847150603572202,92.67198447956766,-29.36300125314514,1.8657554156592326,4987.61428098961,yes
29,technician,married,basic.6y,yes,no,no,telephone,dec,mon,1376,20,10,5,nonexistent,-1.4212282635519746,94.19701506556746,-27.152305456248968,1.6027982714631277,5207.682637897361,no
53,services,divorced,basic.6y,unknown,no,unknown,telephone,apr,mon,1914,20,22,0,nonexistent,-2.5207638515229522,92.47867593798138,-49.82723671386135,0.7714942505770301,5165.724372513576,yes
48,management,divorced,high.school,unknown,unknown,yes,cellular,jul,thu,1093,3,24,5,failure,0.05741813246283463,92.80410980672089,-49.53329541317199,2.562540400744056,5159.645381060122,yes
72,management,married,high.school,no,yes,unknown,telephone,apr,mon,2472,9,14,2,nonexistent,0.8345219855261037,92.82757655921016,-46.241742221628435,1.1966800261539867,5117.48040194487,yes
55,management,single,high.school,no,yes,unknown,telephone,nov,thu,3046,3,8,1,success,-2.1184799764445623,93.61802763794597,-35.112080606886686,2.81310753105543,5023.814832533463,yes
68,admin.,single,university.degree,unknown,unknown,yes,cellular,apr,thu,707,16,6,2,nonexistent,-0.6586041573487933,93.02230683530121,-44.53901495810051,2.6004341105772295,4990.998937646755,no
26,self-employed,married,university.degree,no,yes,no,cellular,apr,thu,1804,20,10,0,nonexistent,-2.222142336157998,93.22840212445814,-38.95456271430757,1.579939981844595,5059.190400521292,yes
61,self-employed,divorced,high.school,unknown,unknown,unknown,cellular,oct,mon,2608,3,26,3,nonexistent,0.5482498882756883,93.46105677450896,-32.006056560454724,4.11270288403761,5072.786693878416,yes
43,technician,single,basic.4y,yes,no,yes,cellular,dec,wed,2875,8,28,4,nonexistent,-2.9833627055228713,92.15741620850629,-46.359575964098326,4.677978366928302,5164.892280673488,yes
32,self-employed,divorced,university.degree,unknown,yes,yes,telephone,oct,thu,3713,8,17,0,nonexistent,-1.6118779259663976,93.86301451355179,-43.967358979232834,1.1898624360481702,5002.780538497778,yes
33,blue-collar,single,basic.6y,unknown,yes,yes,cellular,aug,thu,955,26,26,0,nonexistent,-1.5764994413581834,93.8179473463848,-33.41213720699729,1.028437406539491,5179.654332441369,yes
30,services,divorced,basic.6y,unknown,no,yes,cellular,feb,tue,2564,24,22,0,failure,-0.34276268202621996,94.70144516078891,-50.61630765692512,2.1171077559317637,5080.744843942092,yes
42,technician,single,university.degree,no,yes,no,telephone,aug,tue,2475,15,28,1,nonexistent,-2.5445929675210377,92.37348410390598,-32.69860758032967,3.2859379103799546,5175.188870639511,yes
47,self-employed,divorced,basic.6y,unknown,no,yes,cellular,oct,fri,3610,5,27,3,nonexistent,-1.1199671596760017,92.08670699586129,-34.636951861606896,3.3807413063389027,5094.453483313391,yes
70,services,divorced,high.school,unknown,no,unknown,telephone,nov,mon,159,13,24,0,nonexistent,-0.7501801493753877,92.37303524458011,-47.70289299566656,3.3498361327850152,4977.231744300185,no
73,technician,divorced,basic.6y,unknown,unknown,no,telephone,jan,wed,2196,15,6,3,success,0.876227225271257,93.18290158187547,-44.971789676239666,3.1331377126420215,5124.436031822323,yes
24,blue-collar,married,university.degree,yes,no,yes,cellular,jul,thu,2823,7,17,5,nonexistent,-0.8720688372938834,92.59901370740717,-50.43183690927483,2.2974405285153425,5076.594184145039,yes
74,services,divorced,basic.4y,unknown,unknown,unknown,telephone,jul,thu,3301,12,14,6,nonexistent,-2.766768826365785,92.60569026422348,-36.90422341795528,4.040807915023458,5085.08569070561,yes
72,blue-collar,married,basic.6y,unknown,no,no,cellular,jun,mon,1735,3,15,6,nonexistent,-2.9135937892465,94.43431440603648,-41.309468754651434,4.794150696095311,5170.594415525321,yes
69,services,married,basic.6y,unknown,unknown,unknown,telephone,apr,fri,1585,8,14,0,nonexistent,1.0358608484078289,92.90672686404596,-40.679947337493495,3.194353746659623,5022.470960937915,yes
21,admin.,divorced,basic.4y,no,unknown,no,cellular,may,fri,66,10,22,1,nonexistent,1.302409316075308,93.16703235206869,-48.33387987622807,1.5654836121799807,4970.384073650503,no
60,admin.,married,university.degree,yes,unknown,yes,cellular,jan,tue,3061,2,29,0,success,-2.5982472630038695,93.91562233631174,-42.37980914512754,3.071807449261571,5039.287274896393,yes
57,services,married,basic.4y,yes,unknown,unknown,telephone,feb,mon,3883,8,3,6,nonexistent,0.20649983709964484,92.95183771430075,-28.835942642684323,3.924379182105757,5004.626698696244,yes
55,services,married,basic.6y,unknown,yes,yes,cellular,oct,fri,2428,22,23,5,failure,-2.196567632688739,93.55219795535831,-49.25280204758122,4.250612815758295,5054.539175520623,yes
74,blue-collar,single,university.degree,unknown,no,no,telephone,jul,fri,57,18,2,2,nonexistent,0.597996169299694,93.46405466672114,-27.498500792040044,3.760304281945143,5018.621475721621,no
47,self-employed,divorced,high.school,no,no,yes,telephone,feb,wed,3330,12,27,1,nonexistent,-2.9362841666397452,92.73225235437603,-30.532569632244112,4.518195017355712,4989.264547326973,yes
27,management,married,university.degree,unknown,no,yes,cellular,aug,tue,341,22,13,6,success,-1.3018198689758833,94.00786380027235,-45.948541630537186,4.788888550677736,5182.492869717884,yes
47,services,divorced,university.degree,no,no,unknown,telephone,jul,tue,3909,27,20,0,nonexistent,-0.5388621536704309,94.33551805837946,-33.94041661376219,2.7648417321783314,5018.996260499607,yes
56,technician,married,high.school,unknown,unknown,yes,cellular,oct,tue,1153,26,2,0,success,0.6920084899508273,94.19367551836845,-48.62637721615999,2.9802618056554704,5059.827201859815,yes
24,technician,divorced,university.degree,no,yes,yes,telephone,aug,fri,2774,18,22,0,nonexistent,0.7122878336210374,93.10681110457605,-46.98398910982575,2.085063530877124,4964.095565463508,yes
53,technician,married,basic.6y,yes,no,yes,cellular,apr,thu,1195,19,15,2,success,-2.5153862602429276,94.61228381808755,-39.137727508400275,3.4991135508113134,5167.715568654668,yes
52,admin.,single,basic.6y,unknown,no,no,telephone,jan,fri,2817,27,14,2,nonexistent,1.2421693221564438,94.51710061204801,-41.22909998906984,3.2208657225024613,5086.137028053483,no
41,self-employed,single,basic.6y,no,no,unknown,telephone,jul,fri,2661,5,18,6,nonexistent,-0.33494787275649057,92.74713994182208,-31.320813491127048,1.3863399724167034,5192.3071472412985,yes
56,blue-collar,single,basic.6y,no,unknown,unknown,telephone,jan,mon,1232,16,9,0,nonexistent,-0.23788979119491035,92.34703571028787,-28.351806259502926,3.6551690175123763,4977.5731680749395,yes
53,self-employed,married,high.school,unknown,no,yes,telephone,jul,tue,3874,17,20,6,nonexistent,0.8671666218805982,94.50266201729238,-28.26671178808459,4.142086765039166,5006.928616707149,yes
62,admin.,divorced,basic.6y,no,no,unknown,telephone,sep,tue,2401,9,16,2,nonexistent,-1.8625778080147517,94.08559864369367,-47.28663045860605,1.3965938253728347,5031.759975360436,yes
37,self-employed,married,university.degree,unknown,yes,no,cellular,may,wed,1494,10,3,0,nonexistent,-1.4069532522567851,92.87077348464801,-34.399148869124545,1.3225417584338834,5198.517956811685,yes
66,self-employed,single,basic.4y,unknown,unknown,no,cellular,feb,tue,1821,19,21,2,nonexistent,1.3279457707746314,92.85365493255047,-37.158192294342825,3.4119599472593616,5057.2438329540255,yes
49,technician,married,high.school,no,yes,yes,telephone,nov,fri,115,29,17,3,nonexistent,-3.3206171154624498,92.90207092862578,-41.9514953332248,1.1111678984299478,5013.0341838391605,no
76,services,divorced,high.school,no,no,yes,cellular,jan,mon,3335,12,21,5,failure,0.7623630375182135,94.41173508176753,-27.023598559785835,4.162097135078436,5175.588060173557,yes
56,technician,single,basic.4y,no,unknown,no,cellular,aug,wed,661,1,9,6,nonexistent,0.6440294735313953,92.67264756715363,-39.90052117456254,3.4290627128002176,5043.564616191783,no
66,self-employed,married,basic.6y,yes,no,no,cellular,apr,fri,3883,22,22,0,nonexistent,-2.140417889390818,93.82304280862333,-34.898580877945605,0.7425806299466231,5056.07660122279,yes
43,services,divorced,basic.6y,unknown,no,no,telephone,aug,fri,1465,17,15,5,nonexistent,0.5441352044045072,94.33644267586762,-38.78208326409591,3.989800657443965,5136.746486671673,yes
43,blue-collar,single,university.degree,unknown,unknown,yes,cellular,feb,wed,3619,3,23,0,nonexistent,-1.8148330075840369,93.08456709994407,-48.34059590400757,2.8435546427459406,5065.119558428558,yes
53,management,divorced,basic.6y,yes,yes,no,cellular,mar,fri,2500,7,2,4,nonexistent,-0.3809095827749017,92.17217542473911,-47.42770434243014,2.7830849726145406,4967.956096368354,yes
60,services,divorced,basic.6y,yes,unknown,yes,telephone,mar,fri,1868,20,11,4,nonexistent,-1.2549841319302328,94.12479121884104,-32.871576067028236,1.9723307466699944,5225.231724805134,yes
79,admin.,single,university.degree,no,unknown,no,telephone,apr,mon,3548,9,25,1,success,-2.913619357320011,92.05563449067803,-31.63975576048006,1.8472790124276788,5026.724764933602,yes
52,technician,married,basic.6y,unknown,yes,no,telephone,sep,mon,2334,23,26,3,failure,0.8977228076474011,94.32645939434813,-42.10474707145479,2.801369561273882,5028.234010194841,yes
60,technician,married,basic.4y,yes,unknown,unknown,telephone,sep,mon,3374,5,18,3,nonexistent,-0.7827523781008543,93.01040979654042,-49.199676287123665,0.6138520922274142,4999.026896847515,yes
52,self-employed,married,basic.6y,yes,yes,no,telephone,may,tue,1016,9,20,1,nonexistent,-1.0873068351846489,94.24369865669466,-27.927570315956768,4.098488410519124,5005.381863681089,no
29,self-employed,married,basic.4y,unknown,yes,yes,cellular,jul,wed,310,19,2,4,nonexistent,0.8215888039981135,93.52701128922199,-38.91996971496091,4.049647486526906,5096.371433507501,no
50,self-employed,divorced,basic.4y,unknown,unknown,no,cellular,sep,mon,207,11,8,6,nonexistent,-1.8255010404843404,93.0058054307064,-47.59385503317148,3.8364559091983237,5212.16170434022,no
53,self-employed,married,basic.4y,unknown,unknown,unknown,cellular,jan,fri,2665,14,6,1,nonexistent,-0.6623570885048597,94.51811979758007,-46.05681057736682,3.2510635366494287,5148.009519226498,yes
31,technician,married,basic.6y,no,yes,no,telephone,feb,tue,2493,14,15,4,nonexistent,0.8349211141859265,94.14772457910091,-49.71589157222005,1.90054476105038,5137.529501920909,yes
50,services,divorced,basic.6y,yes,yes,no,cellular,jun,wed,2717,8,20,6,nonexistent,-1.7541713657970603,92.22598082524573,-33.83444439258938,3.495125048388793,5059.212635417079,yes
63,blue-collar,divorced,high.school,no,yes,no,telephone,mar,mon,632,24,20,0,nonexistent,0.40897090952919934,94.60565599641316,-33.97215121103856,1.1682502106246782,5178.666019067356,yes
62,services,single,university.degree,unknown,yes,yes,cellular,nov,mon,2102,20,999,5,nonexistent,-0.9310209481411406,93.3076214522518,-36.40014476986214,1.7589438032881788,5088.801931811307,yes
62,admin.,divorced,university.degree,unknown,yes,no,cellular,dec,wed,2959,1,24,1,failure,-2.6427203015360674,92.417097291628,-37.74342324198006,0.7988630938657093,5084.614249396703,yes
41,technician,single,high.school,yes,unknown,no,telephone,nov,mon,3083,4,29,2,nonexistent,-3.2051604749234817,94.1593925506404,-41.682367760859414,4.381687149402999,5226.6477613981115,yes
32,services,single,basic.4y,no,no,no,cellular,jul,wed,656,16,14,5,failure,0.08828192730611657,93.44931680322196,-28.079857206611084,4.244747326484822,5124.666018899173,yes
48,technician,married,university.degree,no,unknown,unknown,cellular,may,wed,1423,25,1,4,success,-2.1429996438724483,93.88365464616277,-31.66754257848595,2.5837453643151167,5193.2339384188335,yes
34,admin.,married,high.school,no,no,yes,telephone,oct,fri,1931,26,15,0,nonexistent,0.5154983337503206,93.94330573824207,-29.10784060102135,2.525446988525161,5102.348624811408,yes
29,management,married,basic.4y,unknown,yes,yes,cellular,aug,wed,3719,1,6,6,nonexistent,-2.4931430893550632,92.5521355488537,-43.35134287588001,4.674356719755298,5006.377446195579,yes
79,management,divorced,high.school,yes,unknown,unknown,cellular,jan,thu,3027,19,13,2,nonexistent,-0.6742893343914149,94.71842423369927,-27.419019869999225,3.570665873360507,5224.730263584684,yes
39,management,divorced,basic.6y,no,no,yes,cellular,sep,mon,2562,24,22,2,success,-2.9513474645869966,92.29552063973027,-46.84812786583965,3.7209601006920363,5137.025031534141,yes
40,technician,married,basic.6y,unknown,yes,unknown,telephone,nov,fri,1679,3,1,6,success,0.13168542608819372,93.69622463451127,-49.45508646629327,2.18071399366419,5002.927328998908,yes
43,services,married,basic.4y,unknown,unknown,no,telephone,oct,tue,3613,2,23,3,nonexistent,0.27537407734704133,92.40972492533596,-43.15581305073379,1.8832035247861185,5159.343219174317,yes
31,technician,divorced,basic.4y,no,no,yes,cellular,jun,thu,236,17,29,4,nonexistent,0.9994210550197778,94.45643770503301,-45.989242791410966,1.103237352182368,5079.756727394802,no
29,blue-collar,single,basic.6y,yes,unknown,no,cellular,dec,wed,3350,25,23,0,failure,-0.7054729981673484,92.4850893656645,-38.43118777295786,0.9190942627643399,5181.121820772104,yes
67,services,single,university.degree,yes,no,no,telephone,may,tue,347,11,24,4,nonexistent,-2.889079956936355,93.23490383946738,-42.43023758753931,4.584296505743391,5036.886285887973,no
21,admin.,married,university.degree,no,unknown,yes,telephone,aug,tue,2674,26,17,0,failure,0.5732729847872313,92.24324148695793,-46.69526793601723,4.587968687137143,5212.843760567884,yes
76,self-employed,married,basic.6y,unknown,unknown,no,telephone,dec,tue,3175,3,999,6,success,-1.8933082180620355,93.25449331963306,-30.622226187940193,1.598881563285741,5042.219678284113,yes
63,management,married,university.degree,unknown,no,no,cellular,dec,tue,629,7,15,5,nonexistent,0.9180484435989091,92.01137439564671,-38.659504544076995,0.7644556417211316,5227.378699432712,no
68,services,single,basic.6y,no,unknown,unknown,cellular,apr,fri,1540,10,8,4,nonexistent,1.2936059567480809,93.24171649571669,-48.18223447286563,2.1243747821948618,5148.796053829056,yes
78,services,married,high.school,unknown,unknown,yes,telephone,dec,fri,2003,3,29,5,nonexistent,-2.764054922366538,93.9260984481384,-48.9995383469222,4.788326154868371,5220.506046280953,yes
30,management,single,high.school,unknown,yes,no,telephone,sep,tue,3943,29,2,2,nonexistent,-3.001793655846916,92.51192406236197,-41.6419872184897,1.9422505229156732,5155.1405380843125,yes
74,admin.,divorced,high.school,no,no,unknown,cellular,may,thu,1271,8,25,3,nonexistent,0.9084961877439679,93.54836007847935,-29.099208469665502,4.407048905292345,5163.075357754792,no
79,technician,divorced,university.degree,unknown,unknown,yes,telephone,jan,mon,363,25,12,6,failure,0.9146057221144844,93.32827415335329,-38.65880239967547,4.192006490613679,4995.704552989943,yes
72,technician,divorced,high.school,no,no,no,cellular,aug,mon,2368,28,28,5,success,-0.5910508995396493,92.93794646538942,-47.47466415521145,4.755431475065695,4967.569833559565,yes
35,self-employed,married,basic.4y,no,unknown,no,telephone,sep,fri,3704,24,1,6,success,0.8629819928625823,93.87823706614168,-44.90548860304133,2.7855125583572797,4986.453532959764,yes
60,services,divorced,basic.4y,no,no,no,telephone,may,thu,285,5,25,1,nonexistent,1.0665034102728523,94.7863869669962,-49.61743072418522,4.656603583225091,5079.259144454788,no
45,management,single,high.school,unknown,no,no,cellular,may,thu,148,27,17,4,failure,-0.7341300852308118,94.62578150479575,-30.919017200234645,3.8640333506269045,5069.950121497293,no
55,blue-collar,single,basic.4y,no,yes,no,telephone,jun,wed,1107,10,1,2,failure,-0.1046647144447665,94.71628862344835,-28.189350697713216,4.419144419900645,5012.227244679666,no
58,admin.,single,high.school,unknown,yes,yes,telephone,sep,fri,2453,12,7,6,nonexistent,-0.45485080753635876,92.05659636819298,-48.94024998004047,3.826729625702281,4975.094875923223,yes
61,technician,married,high.school,no,no,yes,cellular,may,thu,3025,18,2,1,nonexistent,-2.561924089168332,92.71790548032163,-46.66575434365878,2.6292213810280143,5146.659150859407,yes
36,admin.,married,basic.6y,yes,unknown,unknown,cellular,feb,thu,455,6,16,5,nonexistent,-1.3060680939401632,94.58371729051481,-46.71145321640867,4.643889324977272,5015.932072237957,no
63,admin.,single,high.school,unknown,no,unknown,cellular,mar,mon,1766,8,23,1,success,-0.12935521565837846,92.1352200144706,-31.59142171906288,4.122392158576726,5222.428706460785,yes
64,self-employed,single,basic.4y,unknown,unknown,unknown,cellular,nov,thu,799,18,1,1,nonexistent,-0.4707092932712124,93.02146514763457,-30.74139199360428,3.4210545782333606,4990.961335868944,no
60,admin.,single,university.degree,unknown,no,yes,cellular,oct,thu,1184,6,5,5,failure,-2.3675304527055583,93.82616613705494,-40.77935883790489,2.7253558119882944,5059.7617045761135,no
55,management,single,high.school,yes,yes,yes,telephone,mar,tue,1012,23,7,2,nonexistent,0.966843950965682,94.75236350420946,-27.633005475052567,1.0163680059454745,5090.275629023531,no
63,self-employed,divorced,basic.6y,no,yes,yes,telephone,sep,mon,2831,9,25,5,failure,0.36352803065657496,92.77216165157728,-44.598505458116975,4.1880940968887215,5021.391716531364,yes
20,management,single,basic.4y,yes,unknown,no,cellular,aug,mon,2507,16,24,0,nonexistent,-3.0714036645201284,94.13971466739831,-38.24962690260664,2.432022388332718,5096.733840374732,yes
36,self-employed,married,basic.6y,no,no,yes,cellular,jun,tue,3621,11,16,1,nonexistent,-1.7484239135990014,93.8490333265296,-26.988705340707483,2.1814842334151745,4996.523889782466,yes
37,management,married,high.school,no,unknown,yes,telephone,may,mon,1523,25,24,3,nonexistent,1.3785830299981305,93.71771115924457,-31.032218302424315,1.6148317999435078,4964.034040143911,yes
42,self-employed,married,high.school,no,yes,no,cellular,oct,wed,2785,2,23,6,nonexistent,-1.5289118383305451,94.08021680103558,-39.156286564521146,2.9831693861175723,5148.274539640174,yes
28,self-employed,married,high.school,no,no,unknown,cellular,feb,wed,2556,17,5,0,failure,-0.21553605216738742,92.71099175824509,-48.206238110308874,4.251439166197798,5184.3380251704075,yes
78,services,married,high.school,no,yes,unknown,cellular,sep,fri,3725,13,11,2,nonexistent,-2.916747708399231,92.94831664550932,-29.18598653025199,1.874234508766854,5115.606574761668,yes
73,management,single,basic.4y,yes,yes,unknown,telephone,oct,mon,3875,7,20,1,nonexistent,-1.907564795285663,93.56929899033666,-37.8431930429534,4.650904700149932,5024.038663394756,yes
34,services,single,university.degree,unknown,no,no,cellular,aug,mon,480,22,15,2,nonexistent,0.8338584981923096,93.22914716998562,-43.4304957310801,2.346557757529921,5067.961853336174,no
78,self-employed,divorced,high.school,yes,unknown,no,telephone,may,wed,1686,10,5,2,nonexistent,-0.9494105822848878,94.02157830418415,-40.0158714895368,4.865425674076738,5129.255129996265,no
77,technician,divorced,basic.6y,unknown,no,no,telephone,jun,fri,2161,26,1,1,nonexistent,0.560538773693615,94.24175864424109,-43.3688154762217,3.577167294247734,4972.209500298595,yes
76,self-employed,divorced,basic.4y,unknown,yes,yes,cellular,sep,fri,2796,13,26,2,nonexistent,-3.3632345364342395,93.4784279995549,-37.62977377060233,2.215743377799226,4988.522399287289,yes
66,technician,single,basic.4y,unknown,yes,unknown,cellular,jan,wed,1601,10,2,6,success,-0.20252413846305564,93.1030777642018,-44.27683444402248,4.927980788059904,5217.04279801121,yes
72,technician,divorced,basic.4y,yes,yes,no,cellular,apr,wed,2408,28,8,6,nonexistent,-1.960344259979235,94.55316874967309,-40.14099289144654,3.2149654845054223,5143.071825287885,yes
52,technician,single,basic.6y,no,yes,no,telephone,may,tue,340,4,18,3,failure,0.7317276677880725,94.09957715617765,-40.61237971307435,3.9820386039473954,5147.955828147299,yes
31,technician,married,university.degree,no,unknown,unknown,cellular,sep,fri,2817,27,28,3,success,1.1314236760166676,93.88507980502284,-36.07594603565988,2.587882130567662,4990.712147103017,yes
76,management,single,basic.6y,unknown,no,unknown,telephone,dec,fri,2010,11,9,4,nonexistent,-0.09942902842772593,92.16043812462743,-50.4614321451333,1.1248824199624068,5025.214991738822,yes
56,blue-collar,single,basic.6y,no,no,yes,telephone,may,tue,2808,9,22,6,nonexistent,-2.698821761644195,93.47796362190991,-36.489846335605165,4.841745329960758,5067.058342960906,yes
74,management,married,basic.6y,no,unknown,unknown,telephone,may,wed,3016,16,26,1,nonexistent,-1.1530850045491952,92.34020564494932,-36.624580749654704,2.0156004141444503,5017.884563995477,yes
36,blue-collar,married,high.school,yes,unknown,no,cellular,dec,tue,2496,17,28,1,success,-1.1704221824059535,93.84941861469699,-41.424310072678495,4.6388404918619655,5177.702225817489,yes
20,management,married,high.school,no,yes,yes,telephone,dec,tue,1866,23,12,6,success,0.5854322663598702,92.83895533160444,-44.899104566540494,4.593255828275319,5124.00453886554,yes
51,technician,divorced,basic.6y,no,no,unknown,telephone,mar,thu,834,5,19,1,nonexistent,-1.189044921501352,94.06781257837467,-30.741893272625678,1.0179970067478763,5015.661780153944,yes
75,admin.,divorced,basic.6y,yes,no,yes,cellular,aug,fri,1203,5,27,4,failure,-1.8033526500609394,94.17882588781724,-42.55967622225738,1.1046930611457961,5167.505095424469,yes
66,self-employed,divorced,high.school,no,no,no,cellular,jul,wed,1725,6,26,5,nonexistent,-0.4655124749098354,92.8411464701756,-43.349666764736135,3.293013930054778,5106.62046545038,yes
58,blue-collar,married,high.school,unknown,unknown,no,cellular,aug,thu,3478,2,12,3,success,-0.29400529990686536,94.7335467200251,-39.73030954333366,0.7579179718437676,5018.576696039394,yes
39,admin.,divorced,university.degree,yes,yes,no,telephone,apr,thu,1689,27,24,3,success,0.487750102794625,93.44674527870797,-44.1560423865424,2.453109947930796,5186.534755021049,yes
55,technician,married,basic.6y,no,yes,no,telephone,aug,thu,3267,14,27,1,nonexistent,0.9221186388940132,92.61003681614106,-30.94475611476331,2.9222768345469823,5019.1355620085415,yes
73,blue-collar,married,basic.4y,no,no,yes,cellular,oct,wed,3537,11,28,2,nonexistent,0.8717929398013943,94.17055110148361,-37.29774058903472,1.4658706628444724,5146.271102048419,yes
44,admin.,married,university.degree,yes,yes,yes,telephone,apr,tue,310,19,19,0,nonexistent,-0.39172435829572283,94.13008123722177,-32.77033919200006,3.9887517252946694,5069.376051929065,no
38,management,divorced,basic.4y,unknown,unknown,no,telephone,jan,wed,261,11,25,0,nonexistent,-0.8834582123575767,93.15890340942737,-32.98536387260952,2.498957196512441,5161.832400898736,yes
58,technician,divorced,university.degree,yes,unknown,yes,cellular,apr,fri,1442,25,14,1,failure,0.4458616244969334,93.84411431347134,-31.961845291058754,2.4618380193580824,5075.605518568934,no
48,management,married,basic.6y,unknown,no,no,telephone,may,fri,405,20,12,1,nonexistent,-1.927409731000424,92.06083459374935,-30.025980198701877,1.631144970765976,5039.410263459369,no
44,management,divorced,basic.4y,yes,yes,no,telephone,oct,tue,2190,6,12,3,nonexistent,0.23806895339816464,92.81544367979745,-28.824811300364775,4.5063154650941515,5217.785934153238,yes
54,technician,single,high.school,no,unknown,unknown,cellular,aug,wed,341,13,29,6,nonexistent,-0.9707059387163474,94.46812504580629,-41.631743427138645,0.6493739246757736,5164.282059484318,no
19,blue-collar,divorced,university.degree,yes,unknown,yes,cellular,dec,tue,1339,29,25,3,success,-2.806475819342986,92.64991384816224,-40.19515148074295,0.6303280680396156,5182.513023779212,yes
71,self-employed,married,basic.4y,yes,unknown,unknown,telephone,oct,tue,3172,19,5,2,nonexistent,0.21376060794060883,94.53564122629105,-49.60359240712317,4.979999203413935,5046.359065788211,yes
64,services,married,university.degree,unknown,unknown,no,telephone,jun,wed,243,3,27,3,nonexistent,-0.2873443076285989,93.6236538213617,-28.6756175751137,0.6927780569944239,5055.632883900318,no
26,services,married,basic.6y,yes,yes,unknown,cellular,nov,fri,489,25,17,0,nonexistent,-3.0043652428664402,94.52815165450123,-36.76722949045271,1.2826254583806282,5009.306992488697,no
36,self-employed,single,basic.4y,unknown,unknown,no,cellular,oct,wed,11,16,6,6,success,-1.2382303541501594,92.36643919024417,-33.77568396839697,4.484859401631062,5081.764069089809,no
59,technician,married,basic.4y,yes,unknown,no,cellular,may,fri,3310,9,2,0,failure,-1.0648253671344845,93.29900060259588,-40.379474411778524,3.3091789561725213,5227.297190729597,yes
53,services,married,basic.4y,no,yes,no,cellular,mar,mon,560,29,999,3,nonexistent,-0.2631419251136219,92.83008545194271,-39.47503472414063,3.3499745406052224,5119.519290891826,no
27,self-employed,divorced,university.degree,yes,no,yes,cellular,apr,mon,41,3,11,0,nonexistent,-0.14325696359937568,94.48338116278627,-37.81808278659386,2.693196238201763,5155.164081311199,no
76,admin.,single,high.school,no,no,no,cellular,jun,mon,2725,19,22,5,nonexistent,-2.4854741663126076,92.956365532018,-31.79097295996102,1.2626547929892082,5158.666866301628,yes
57,self-employed,divorced,high.school,unknown,unknown,no,cellular,jun,thu,593,15,4,0,nonexistent,-3.2382449535213955,93.64769618799431,-36.150050675195565,2.2153388096083755,5017.239457419064,no
71,blue-collar,married,high.school,unknown,no,yes,cellular,jun,fri,1452,22,10,0,nonexistent,0.41155015240957193,94.3173985651562,-31.412073257950308,3.7588327508192982,4978.419279865564,no
62,self-employed,married,basic.6y,unknown,yes,yes,telephone,feb,fri,1826,13,11,0,success,1.311654474735036,92.64126453107868,-45.62120370188058,2.735598402043859,4995.761651749974,yes
56,management,single,basic.4y,unknown,unknown,no,cellular,nov,wed,3229,17,22,4,nonexistent,1.1152992808606264,92.12807371718678,-45.88045136362737,3.8111478988840193,5153.958345916415,yes
24,management,married,high.school,yes,yes,yes,cellular,dec,fri,3287,21,15,1,failure,-0.9961615932766603,93.38359122967637,-45.857155021290836,0.6319100083328576,5084.157031329028,yes
21,technician,single,high.school,yes,no,no,cellular,aug,wed,1693,25,999,6,nonexistent,-0.8611222639831209,93.91426271282917,-50.68423205460386,3.48536889522121,5202.887768783345,yes
32,management,divorced,basic.4y,yes,no,unknown,telephone,aug,thu,3533,25,20,2,failure,1.0667643343512268,94.01393391361357,-46.520378868827784,3.2089741397900315,5060.539896587096,yes
29,admin.,single,basic.6y,no,unknown,yes,telephone,jun,wed,133,8,17,4,failure,-0.7880976051084818,93.16814941060719,-47.96194877679499,4.88731417164781,4990.756684339262,no
65,self-employed,divorced,university.degree,yes,no,unknown,cellular,apr,mon,3138,22,999,6,nonexistent,-2.067208396997527,92.22013441342459,-39.95527079049468,4.590874175099044,5219.759886555563,yes
23,admin.,married,university.degree,no,unknown,no,cellular,feb,wed,3919,14,21,2,nonexistent,-0.1475640007441433,93.1288139742919,-47.75894694230448,3.2414330835661995,5069.586738594195,yes
77,technician,divorced,university.degree,no,unknown,yes,telephone,jun,wed,3078,9,27,4,nonexistent,-1.109448276330248,92.34157384529298,-40.861144791435564,3.135282183145184,5187.9490365313295,yes
26,management,divorced,basic.4y,yes,yes,yes,cellular,jun,wed,947,3,4,4,nonexistent,0.3680019145482251,92.2022143592317,-26.911875545634683,1.007309723423222,4975.779572279262,no
52,services,divorced,basic.6y,no,no,no,telephone,oct,fri,3597,29,3,2,nonexistent,0.35987251434254414,92.84961865063899,-38.769527400090446,4.7406901626721965,5058.647156085991,yes
25,self-employed,single,basic.4y,unknown,no,yes,cellular,mar,tue,72,9,999,1,nonexistent,1.0926018898681473,94.17621579368188,-28.700932636200143,3.710338133041735,5120.815449303941,no
24,services,divorced,university.degree,yes,unknown,yes,cellular,feb,tue,398,24,14,6,success,-2.738462424712297,94.15136470992917,-34.02439221010505,2.8097491598705644,5102.222846864522,yes
21,blue-collar,single,high.school,yes,unknown,yes,telephone,apr,tue,1428,12,4,3,nonexistent,-0.8976163591871208,93.70250326769224,-29.42573454843867,4.372777987073926,5156.07579840102,yes
75,technician,single,high.school,no,unknown,unknown,telephone,aug,fri,3746,15,6,4,failure,0.3721324434433455,94.31347102158726,-35.84862180883138,3.815075495931898,5197.164929391374,yes
30,blue-collar,single,high.school,yes,unknown,no,telephone,may,mon,2625,17,16,6,nonexistent,-1.3127611590989496,93.40230532751201,-31.438740404147783,3.0797051758949547,5164.2497267103845,yes
36,services,married,university.degree,yes,yes,no,telephone,mar,tue,2906,9,19,6,failure,-0.3909572173822824,92.68164456544216,-43.5630713330288,2.9721462529496963,5045.625544166424,yes
79,services,married,basic.6y,no,no,no,telephone,dec,tue,129,24,5,1,nonexistent,0.5217522791332846,93.59591909649035,-41.91137707902733,4.675641115034967,5219.990040535327,no
24,services,married,university.degree,yes,yes,yes,telephone,may,thu,2978,8,12,3,failure,-1.1278407960291432,94.58508842181041,-27.849790558632403,4.116042548544303,5206.693686233083,yes
27,blue-collar,single,basic.4y,yes,no,yes,telephone,sep,thu,3537,6,23,6,nonexistent,-1.4402480658952164,92.10116196855697,-44.405942334042756,2.373573153890657,5130.244603957909,yes
42,technician,married,basic.6y,yes,yes,yes,telephone,nov,mon,3277,9,22,2,nonexistent,-2.5333266059032034,94.70160382178163,-40.72920877508315,3.3668458568647273,5098.4891873146535,yes
61,self-employed,divorced,high.school,no,unknown,no,telephone,aug,wed,1811,15,14,4,nonexistent,0.5578394531703832,94.08408803464569,-35.237304783406685,1.4639836265141963,5100.193134224562,yes
75,self-employed,single,basic.6y,yes,yes,unknown,cellular,dec,wed,2001,24,6,3,nonexistent,0.4197389673837138,93.92147693104755,-41.42156365182452,4.706331873756162,5158.060157708891,no
52,admin.,married,basic.6y,yes,yes,no,cellular,oct,thu,3839,18,23,1,nonexistent,0.16712214787006885,93.71873494825691,-50.299413643575015,3.6591055192320483,5091.465814989204,yes
75,admin.,single,university.degree,yes,unknown,no,cellular,jul,thu,265,22,28,6,nonexistent,-1.512083424971661,92.72166343046803,-31.865693437686293,4.824119974417144,5224.5192596109755,no
42,services,married,basic.6y,unknown,unknown,unknown,cellular,apr,mon,1560,28,6,3,nonexistent,-0.6006848631855354,94.48008149947071,-42.777987130244696,1.8846336051925816,5151.526458939688,yes
46,technician,divorced,university.degree,yes,no,yes,cellular,feb,mon,1985,11,12,2,failure,-2.804863443085999,94.72009095635752,-45.3588117337724,1.9867839807699428,5026.596640430373,yes
73,technician,single,basic.4y,no,no,yes,telephone,dec,fri,792,24,3,3,nonexistent,-1.8663095842053732,94.58757424563036,-38.71697957270219,4.261282625306374,5137.767424859915,no
29,management,married,basic.6y,unknown,yes,no,cellular,sep,wed,2300,14,26,0,nonexistent,-1.309470590779338,92.30467727569514,-50.598462329698435,1.752059387025626,5091.733311210649,yes
68,management,married,basic.6y,no,yes,unknown,cellular,mar,fri,2869,13,21,4,failure,-3.19101163469349,94.0622345820694,-30.15295303944001,2.1736439323705,5005.8817046878485,yes
64,blue-collar,divorced,basic.6y,yes,yes,no,cellular,jun,tue,1312,13,27,1,nonexistent,-2.9027794142547223,93.55863515086416,-44.55373592414374,4.490929030472175,5100.832251906191,no
57,management,divorced,high.school,yes,unknown,no,telephone,jul,mon,163,22,17,5,nonexistent,0.582677592946344,94.2073434550161,-28.74635122730248,2.878110960040079,5190.801174652888,yes
29,self-employed,married,university.degree,yes,no,unknown,telephone,dec,wed,94,13,7,1,nonexistent,1.2617787639015219,92.98640190695907,-34.601613823923444,1.9216995153003584,4970.115033287527,no
69,self-employed,married,university.degree,unknown,yes,unknown,telephone,mar,wed,1805,27,18,4,success,-1.8544472120909814,94.67951154840821,-37.68729304027537,2.401046104373746,5188.753835907057,yes
23,blue-collar,single,high.school,yes,no,yes,cellular,mar,fri,2880,25,15,4,failure,-2.8876449104337985,92.8753031817308,-31.530495237152632,3.732411607956201,5144.824515058395,yes
77,admin.,single,university.degree,no,no,no,cellular,mar,thu,1133,16,19,0,failure,1.0898832506263842,94.06634002400027,-27.06117029170085,1.2981218641575016,5155.5375944902335,no
27,services,married,basic.4y,unknown,unknown,unknown,cellular,mar,thu,2383,12,17,0,nonexistent,0.9886954255765529,93.41066874291263,-44.79610460009305,4.8335046505959065,5199.700951176291,yes
19,technician,divorced,high.school,no,unknown,unknown,cellular,mar,mon,821,21,15,1,failure,-0.25763880582201737,93.72727900612745,-42.31320291527303,2.7688485747958547,5213.213608675145,no
73,admin.,single,university.degree,no,yes,unknown,cellular,jul,thu,237,24,15,5,nonexistent,-1.7747647702441902,92.32386858205533,-39.22225323928974,3.9656551569895657,5041.66454061675,no
62,self-employed,married,basic.4y,no,yes,unknown,cellular,may,tue,2428,26,24,3,nonexistent,-2.8596627494395808,93.71034520823184,-37.9064841571676,3.688651812468885,5206.709200406947,yes
42,admin.,divorced,university.degree,no,yes,no,telephone,apr,wed,3507,18,1,5,nonexistent,1.1095680087923672,93.57789801180996,-37.58400210026546,3.595249816469198,5020.874922469263,yes
24,blue-collar,divorced,high.school,no,yes,no,telephone,jun,thu,2946,12,13,4,nonexistent,1.017826579622079,94.01299427855152,-37.67955713417033,2.448214872889289,5001.787232542121,yes
57,services,married,university.degree,yes,yes,no,telephone,aug,mon,2530,5,28,0,nonexistent,0.1673702129906045,92.80557035012257,-31.005025353540375,0.7863272248323279,5110.355751330718,no
40,self-employed,married,basic.4y,no,no,unknown,telephone,feb,tue,1960,17,21,0,nonexistent,1.0826542394694827,94.33039580586052,-41.13004474504825,3.862366681715703,5208.965182026597,yes
65,blue-collar,single,basic.4y,no,no,yes,cellular,dec,fri,2949,21,18,0,nonexistent,-2.729149924550725,94.64677136319682,-50.53778814067183,4.796619738291388,4977.985537874092,yes
28,admin.,married,basic.4y,yes,unknown,unknown,cellular,mar,fri,1048,23,27,3,nonexistent,-2.8756006905392923,94.46965583059412,-29.870921688806686,2.8221249967935473,5103.262364486099,no
75,technician,single,university.degree,unknown,unknown,no,cellular,feb,tue,1676,1,15,6,failure,-2.478206106922703,93.09578651004881,-34.972172750211634,4.79685991511922,5143.065401696256,yes
53,management,divorced,high.school,yes,no,no,cellular,jul,mon,3188,13,21,1,nonexistent,-2.3656367180986777,94.13417506238848,-46.271391506068426,2.953563056975734,5160.76448873693,yes
66,blue-collar,single,university.degree,unknown,unknown,no,cellular,dec,fri,2529,10,3,5,failure,0.5704117877149414,93.02208169236046,-50.09253858912397,1.3364254574062684,5096.886520869401,yes
65,self-employed,married,basic.6y,no,unknown,yes,cellular,feb,wed,3463,3,12,6,nonexistent,1.0243275848261604,94.41671771990855,-43.25286141131443,1.6536471344702197,5115.662514382454,yes
68,admin.,single,high.school,yes,yes,yes,cellular,may,wed,2964,6,7,1,failure,-2.365166339404216,93.05108978357633,-47.82569915975256,4.40475951115711,5083.598510929501,yes
40,management,divorced,basic.6y,unknown,unknown,no,cellular,nov,mon,3041,16,2,0,nonexistent,-1.179065216855366,92.52091655121448,-29.365870492741333,3.334726796377129,5154.902305268297,yes
76,management,divorced,university.degree,unknown,unknown,unknown,telephone,oct,mon,963,28,23,3,nonexistent,-1.2184726840615299,93.36937349027049,-44.158994340833836,2.423329772981161,5063.909602875657,yes
60,admin.,married,high.school,yes,unknown,no,cellular,sep,wed,536,1,2,3,nonexistent,-2.5462240534253042,92.37824499568092,-33.93458044065172,4.117300848017542,5037.763463830599,no
24,services,single,basic.6y,yes,no,no,telephone,aug,mon,3150,19,29,1,nonexistent,0.6960667442663844,93.6433859954112,-35.074059007657844,3.4235199031396912,5033.101855957114,yes
44,admin.,married,university.degree,yes,no,yes,cellular,aug,tue,1603,8,4,4,failure,-0.8920344045381221,93.61438313953583,-33.73599910669262,4.438054920160905,5136.420462385615,yes
30,self-employed,married,high.school,yes,yes,yes,cellular,mar,mon,3244,9,10,0,nonexistent,-0.6820542850337848,93.37427234619061,-38.13199001610289,4.872149047788021,5208.153498474686,yes
68,technician,divorced,basic.4y,yes,unknown,yes,telephone,dec,wed,1979,23,12,3,nonexistent,-2.159545763433453,93.69044435156377,-33.3606293745338,3.4654438702710673,5035.978890175765,yes
34,self-employed,single,basic.4y,no,no,yes,cellular,jan,thu,3083,20,1,4,failure,-0.7160390422301436,94.7308828873653,-38.553828645689144,4.871177321008128,5029.680972110818,yes
49,management,married,basic.4y,no,yes,no,cellular,feb,mon,3871,23,5,2,nonexistent,0.4041914949591882,93.07317641505045,-41.775188789783456,2.6696951013642654,5152.892612643197,yes
43,technician,divorced,basic.6y,yes,unknown,unknown,telephone,jul,fri,127,7,6,5,nonexistent,-1.9363287183952524,93.18376903858464,-30.283256302297787,4.295936267225735,4966.017621127607,no
74,blue-collar,married,basic.6y,yes,yes,no,cellular,apr,tue,3679,11,23,0,nonexistent,-2.8561831828477695,92.76727827774337,-39.836443765914986,4.588357303598149,5184.252672037411,yes
77,management,single,university.degree,no,yes,no,telephone,oct,tue,91,23,28,5,nonexistent,-0.5966071827142372,92.51647323979688,-37.22391364562202,0.7987562945566237,5063.920106159415,no
39,services,married,basic.4y,unknown,unknown,unknown,cellular,may,tue,3724,8,3,2,nonexistent,-0.34801317408372623,92.80972415704592,-39.68637253849413,4.406403726390256,5202.094128342561,yes
30,admin.,single,basic.6y,no,no,no,cellular,jan,fri,542,11,8,1,nonexistent,-2.4300925614528963,92.59538662664488,-32.26558198905604,2.398232331204539,5151.014318875345,no
78,blue-collar,divorced,basic.4y,yes,unknown,unknown,telephone,nov,fri,845,14,17,1,success,-2.2081376667131933,93.21091352655054,-37.89987847737853,2.3522075123275785,5173.277579867915,yes
29,self-employed,divorced,university.degree,unknown,unknown,yes,cellular,feb,tue,3603,14,29,5,nonexistent,-2.665269419030188,92.65327790950941,-39.54837999880071,4.039081455375099,5008.882357989741,yes
24,technician,married,high.school,yes,unknown,yes,telephone,sep,tue,1681,4,13,1,nonexistent,1.0226311080574075,93.44857585511146,-44.63797396382249,1.6838668328944886,5059.92592199922,yes
18,blue-collar,divorced,basic.6y,unknown,no,yes,cellular,jun,tue,3036,20,23,6,nonexistent,-2.3775423808492877,92.80166838375206,-29.014152321488226,0.7387305564165491,5037.810933835918,yes
50,services,married,basic.6y,yes,unknown,unknown,cellular,jul,mon,1851,9,5,5,success,-3.3489370578838615,93.18909897762434,-30.1702320449526,1.7930867490435694,5152.744529907535,yes
69,admin.,married,high.school,no,no,no,telephone,may,fri,2494,8,19,3,failure,0.6327335193293064,92.36192392340075,-40.487301512798844,3.453137754137578,4969.615719024174,yes
72,blue-collar,single,basic.6y,yes,yes,yes,cellular,sep,wed,389,15,1,3,nonexistent,0.455491840672178,92.45906523952704,-35.03270620465757,4.795087270162559,5127.38569676079,yes
31,self-employed,married,university.degree,no,no,yes,telephone,oct,mon,2719,27,3,4,failure,-1.2086321312481296,93.71952583081561,-38.656096024877385,2.3411767550096907,5193.213432152229,yes
76,technician,single,basic.6y,unknown,yes,no,cellular,may,wed,1884,20,14,2,nonexistent,0.4263792941799458,93.58291285490608,-46.58921739943334,4.109182987282795,4975.162661703937,yes
64,blue-collar,married,basic.6y,no,yes,yes,telephone,jun,mon,42,6,2,1,nonexistent,-1.241839826905791,92.4794088222442,-41.81290382519818,1.4823619582839511,5040.488610075149,no
60,admin.,single,high.school,unknown,unknown,yes,telephone,oct,mon,253,25,28,1,nonexistent,-2.3223304918568113,92.82546653844143,-30.408096748191195,4.3484116838138664,5018.602467819915,no
73,self-employed,divorced,university.degree,yes,no,unknown,telephone,sep,wed,3201,16,3,3,nonexistent,-1.3549381257322688,92.6201431957604,-31.741230610176178,3.967906882273079,5227.596411469713,yes
75,blue-collar,married,basic.4y,no,yes,no,telephone,may,tue,1083,16,3,3,nonexistent,-1.0630033863954198,94.23287933424123,-48.35045812563729,2.571833935149867,5224.297636934517,yes
58,technician,single,basic.4y,unknown,yes,unknown,cellular,apr,wed,2710,29,14,3,success,-3.3567836147775463,93.02147149804524,-48.99981975940734,4.537410494789927,4996.4831328674845,yes
34,admin.,married,high.school,unknown,no,yes,telephone,dec,thu,2514,14,10,0,nonexistent,-2.856018336901881,93.13669723703629,-30.400949875357576,0.7666198162668032,5015.116740584553,yes
21,services,single,university.degree,unknown,no,yes,cellular,may,fri,2334,28,22,2,success,0.7988724743416316,93.8617093792721,-29.30653389764376,4.057960424026788,4969.673679957476,yes
69,services,single,high.school,unknown,yes,no,cellular,nov,thu,3058,15,16,2,nonexistent,-1.5163579522975321,92.91153237252156,-43.76782783832776,0.7548909903008385,5113.367863757682,yes
68,management,married,high.school,yes,yes,yes,cellular,may,mon,1540,22,14,0,nonexistent,-1.8089575743322,93.05785781863044,-42.45205208739384,4.405983007902542,5145.00559155099,yes
56,blue-collar,married,basic.4y,yes,no,unknown,telephone,may,wed,3538,27,24,1,nonexistent,0.864111392855961,94.2341238300135,-42.774312920956646,1.3778273119294973,5136.717380624974,yes
18,technician,divorced,university.degree,yes,no,unknown,telephone,jan,tue,1953,21,20,5,nonexistent,-2.6580656018125848,94.22468721285038,-47.765455681329136,0.7684414504713956,5032.368447722559,yes
58,blue-collar,divorced,university.degree,unknown,yes,no,cellular,may,tue,2825,12,2,6,nonexistent,-2.3584609226427036,93.69279688329878,-32.99424648573132,1.9586594016953232,5017.3725383467745,yes
62,admin.,divorced,high.school,yes,unknown,no,cellular,may,thu,2392,23,22,6,nonexistent,0.5741625203618769,93.56513713626073,-41.9549445342594,1.3864484670495094,4978.343325369396,yes
41,management,married,basic.4y,unknown,no,yes,cellular,jan,thu,641,18,22,5,nonexistent,-2.0576575425481494,92.50682661987324,-30.81417111151726,3.468034970644161,5130.938879229544,no
51,technician,divorced,university.degree,unknown,yes,no,telephone,apr,mon,2429,24,23,4,nonexistent,-0.3604851487877776,93.32491262371947,-29.803389880682538,2.678394224812613,5028.534827548992,yes
51,blue-collar,single,high.school,unknown,yes,no,telephone,aug,fri,3850,11,9,4,failure,0.1499439586454176,92.76820192089232,-28.984236721891776,1.1708677093238853,4987.06570942349,yes
41,technician,married,basic.6y,no,unknown,yes,telephone,apr,mon,689,7,3,1,nonexistent,-2.3309425758372386,94.0433035931579,-31.251183497782982,4.631004346071159,5057.36852008581,no
76,admin.,single,basic.4y,yes,no,yes,cellular,jul,tue,1276,6,12,4,nonexistent,-2.1836424675814303,93.75823147842812,-31.94503357217754,2.2182951240566005,5002.869958298952,yes
79,management,single,university.degree,yes,yes,unknown,telephone,jun,wed,1950,3,24,3,nonexistent,-0.9217835385227214,93.05747173304322,-40.05723827978781,1.8445017714488057,5097.501363134277,yes
32,technician,single,university.degree,no,unknown,unknown,telephone,may,thu,1079,9,1,2,success,0.40262578410580646,93.49826465173686,-50.15595544455767,3.6714419435969727,5003.041803258201,yes
34,admin.,married,university.degree,no,no,no,telephone,sep,tue,1486,15,5,5,failure,-0.7389878260139181,93.17901070630339,-48.12170348109371,2.331402867338538,5225.080572252533,yes
30,services,married,basic.4y,no,unknown,yes,telephone,aug,mon,456,2,18,3,nonexistent,-3.076785265884522,92.41002180014456,-38.11207898195626,1.2402189912345518,5052.35723076162,no
24,technician,divorced,high.school,no,yes,no,cellular,may,fri,982,4,23,4,nonexistent,-1.7159815387177775,94.18615836812869,-42.195389749421004,3.162455024320591,5089.209303070256,no
26,management,divorced,basic.6y,unknown,unknown,unknown,cellular,oct,wed,2130,2,7,4,nonexistent,-1.8129382104985594,94.51510251990875,-30.98494544241791,0.7335915594834197,5121.410646547341,yes
61,self-employed,divorced,university.degree,yes,yes,no,cellular,jul,fri,3976,6,5,2,success,0.47648915088909916,94.6049700816757,-37.34095661821512,3.3595738302613936,5188.591918739946,yes
52,self-employed,divorced,basic.4y,yes,yes,unknown,cellular,nov,mon,1122,12,19,6,nonexistent,-2.009614489475974,94.20973827183302,-48.43787667956174,4.417238450585294,5214.336732981927,no
40,technician,single,university.degree,yes,unknown,unknown,telephone,sep,mon,148,7,13,5,nonexistent,0.9258437737011941,94.30057711362849,-39.363106796653234,1.752874909999518,5060.661721808005,no
71,technician,married,high.school,unknown,unknown,no,cellular,jul,tue,1352,9,7,6,nonexistent,-1.7920758124172118,92.15602962524729,-31.15508237780678,4.350207938833795,5075.6254490618,yes
64,admin.,divorced,basic.6y,yes,yes,unknown,cellular,mar,wed,1179,6,5,3,nonexistent,-2.46828065707598,94.18929504291282,-30.172360275670446,1.6781743381381624,5003.52949847756,no
56,blue-collar,single,university.degree,no,unknown,unknown,cellular,oct,mon,189,22,11,2,success,-0.8082884361502222,92.84955778306663,-46.83123046627938,1.490829070645226,5013.7621110171685,no
40,self-employed,married,basic.4y,yes,no,yes,cellular,nov,tue,3565,5,8,5,nonexistent,-1.5453410260020886,92.385898873584,-48.40283589457722,3.74769279883723,5154.626586101865,yes
43,blue-collar,married,high.school,yes,no,no,cellular,may,mon,882,26,29,4,nonexistent,-0.29156639320694033,93.4613113556206,-41.55092499515753,0.8882403630104954,5078.730838672326,yes
18,self-employed,married,basic.6y,unknown,unknown,no,telephone,dec,tue,2310,27,6,6,nonexistent,0.9954221365259829,93.59708421267565,-49.234180850881714,0.7787939280650519,5186.3799168219375,yes
31,technician,single,basic.4y,no,unknown,no,cellular,sep,fri,3151,28,24,5,failure,1.1157219138248442,93.35746749443723,-33.44000768970252,2.6063273580751396,5103.559069477025,yes
49,management,divorced,university.degree,no,no,unknown,telephone,sep,tue,399,26,12,2,failure,-2.3086499332332964,93.8277959792173,-40.103968666075005,0.750010125407156,5038.374716179348,no
68,management,married,basic.4y,no,yes,unknown,telephone,aug,fri,2811,4,29,2,nonexistent,-2.621097851282012,93.99981356702315,-46.06247614940665,2.785387118731787,5143.277052419611,yes
65,self-employed,single,basic.6y,yes,yes,unknown,telephone,jun,thu,608,10,15,4,nonexistent,1.1117939313424214,92.38391689768078,-48.350992540177835,3.4574834855713887,5088.646157782561,no
27,self-employed,married,high.school,no,no,no,cellular,jul,mon,3331,27,7,6,failure,0.4996534760519647,93.727387320545,-28.636285538008675,1.604128211576158,5199.064001695128,yes
18,admin.,single,high.school,no,yes,yes,cellular,jul,thu,1795,20,13,2,nonexistent,-2.1439552348943485,92.15246541000921,-49.77086991976219,4.555041538496384,5061.952914779356,no
22,technician,divorced,university.degree,yes,unknown,no,telephone,nov,wed,1638,4,15,3,nonexistent,0.4637810412453836,93.2565412789936,-48.460706420019996,1.4812259444119757,5030.963037578414,yes
20,technician,divorced,university.degree,unknown,unknown,no,cellular,jan,thu,1575,5,19,6,nonexistent,0.15706212630681543,92.28013882534637,-45.201754840745515,1.6449832759646192,5079.831589021326,yes
66,blue-collar,married,university.degree,yes,no,no,telephone,aug,tue,2832,17,27,4,success,-2.1829024059071838,93.25892369993403,-48.53737766858744,4.617466813855347,5188.174635217635,yes
67,admin.,divorced,university.degree,unknown,no,yes,telephone,jun,tue,2148,18,5,2,nonexistent,0.9477649106577659,92.49124095892604,-35.40160793678413,3.6251842117079947,5181.655637150429,yes
75,services,divorced,basic.6y,unknown,no,no,cellular,jul,wed,1382,3,29,1,failure,-1.8553377047194024,94.05640477071687,-45.58456763541368,2.925999764827754,5199.923643929016,yes
70,management,single,university.degree,no,no,yes,cellular,oct,wed,1403,23,22,3,nonexistent,-1.0951404185570859,94.51882592785911,-39.329672007314365,2.052677124869323,5188.3304369711,no
44,management,single,basic.4y,no,yes,yes,telephone,oct,mon,819,13,3,3,nonexistent,-0.4755446396720272,92.47471205390939,-30.240189091127768,3.9839507816874873,5050.921206095801,yes
68,technician,married,basic.6y,yes,yes,no,cellular,nov,tue,3292,29,3,3,nonexistent,-2.4819363801316667,94.06263755024582,-31.08794821228855,3.188691308510107,5120.24560110142,yes
71,admin.,single,basic.6y,unknown,yes,no,telephone,feb,wed,819,1,25,5,nonexistent,-0.4658175534973202,92.40923432163875,-47.3047705171689,2.1044815988417485,5173.798686270899,yes
74,services,divorced,university.degree,yes,unknown,no,telephone,jul,thu,419,19,2,0,nonexistent,-0.009894519958714413,93.2144126565061,-48.679322152434125,4.234281132589344,5185.545002312573,no
39,management,single,basic.6y,no,unknown,unknown,cellular,aug,tue,123,23,9,4,nonexistent,-2.912573985567186,93.75149703626393,-34.92439477594745,4.096169666023085,5069.864590946839,no
35,admin.,divorced,basic.4y,unknown,no,yes,telephone,dec,wed,421,22,5,0,nonexistent,-1.5791278926850518,93.50563335363191,-45.77370601620479,4.739775638130381,5099.445141979302,no
33,services,married,basic.6y,no,no,no,cellular,may,mon,3302,2,26,2,failure,-0.4621139268526793,92.16002511593042,-32.123288565252096,4.977454048357632,5040.481823651135,yes
19,self-employed,divorced,basic.6y,no,yes,yes,cellular,jan,fri,3761,4,17,4,success,1.0458410680113843,93.01540846815362,-40.41572239152366,0.6507397006486378,5148.176927278479,yes
64,technician,single,basic.4y,no,yes,unknown,telephone,jun,tue,3134,16,12,5,nonexistent,0.8767206855440696,93.3164515617641,-47.10697643307764,2.00853227461756,5141.3071143707675,yes
30,blue-collar,single,basic.4y,unknown,yes,unknown,cellular,mar,tue,1508,16,10,3,nonexistent,-2.585596886697924,93.09591418078917,-27.516232495623125,1.4476471472021681,5119.7583380254255,yes
62,management,single,basic.6y,unknown,no,no,telephone,may,tue,3699,17,3,3,nonexistent,-0.469562102690424,93.86339596004086,-49.47082064823239,1.5398679250623102,5129.524509782792,yes
33,management,single,high.school,no,yes,yes,cellular,sep,tue,3774,28,7,5,nonexistent,-2.929514403807278,94.48688476491213,-47.82936659715166,4.40518971580076,5201.293722687718,yes
25,services,married,basic.6y,unknown,no,unknown,telephone,jul,fri,1597,21,2,6,failure,-1.9893813208739008,93.8694523997609,-31.39231627416806,4.889691950864637,5180.503716424073,no
60,blue-collar,divorced,basic.4y,no,no,unknown,telephone,aug,fri,767,12,11,3,nonexistent,-0.5331027418047823,93.65189484219782,-39.98082303825286,4.73629940955707,4996.6147015084425,yes
25,self-employed,single,basic.4y,no,unknown,yes,telephone,jun,mon,2044,2,12,3,nonexistent,-3.0094491928066063,92.41738366177307,-28.38056347820212,3.6644725036412296,5133.604800672226,yes
71,admin.,divorced,basic.4y,no,unknown,unknown,cellular,sep,tue,2530,24,23,2,failure,0.8665378902155557,92.97677388249839,-48.09956464352854,3.041812189860507,5006.3412760616375,yes
27,technician,married,high.school,unknown,no,yes,telephone,mar,wed,2566,10,22,6,nonexistent,0.5791455225672135,93.53520434075513,-47.04808902305306,3.407208211259841,5002.850832169762,yes
72,admin.,divorced,basic.4y,yes,yes,no,telephone,jan,thu,2202,6,29,6,nonexistent,-1.1277281319948642,94.61532912241634,-50.75639552221042,4.364986058647253,5082.421319142667,no
50,services,single,university.degree,yes,no,yes,telephone,oct,tue,2139,12,22,1,nonexistent,-1.039579575875913,92.85338945539146,-45.61093380181921,0.6309551424107753,5092.027112489461,no
48,management,divorced,university.degree,unknown,no,no,cellular,dec,fri,3029,12,10,5,nonexistent,0.8305418181232074,92.9462818970218,-35.09147268499412,2.4843237462604724,4991.1362809446155,yes
29,self-employed,single,high.school,unknown,no,yes,telephone,dec,mon,1549,17,8,4,nonexistent,-3.1579007112361244,93.6507664972633,-33.51240242543767,2.8289153038932673,5098.9740843252575,no
26,management,single,basic.4y,no,no,unknown,telephone,dec,tue,2502,18,3,6,failure,-2.7093715854978755,94.51916024372763,-40.52444601441173,4.663229357597194,5010.283500090736,yes
54,admin.,married,basic.4y,no,unknown,no,telephone,nov,mon,1764,4,10,1,failure,-1.9215789011834248,93.52095946848777,-44.64913814242692,1.357134364781721,5109.245290856937,no
26,self-employed,married,university.degree,yes,unknown,yes,cellular,apr,wed,2044,3,7,5,nonexistent,-1.650955501188987,92.48835267254609,-33.67971877221683,3.875166814449093,5183.692071956278,yes
65,technician,divorced,university.degree,no,no,no,telephone,aug,wed,2645,25,17,4,success,1.3397445324562482,92.21134039144157,-46.6746270915644,4.665661695519594,4986.333666274888,yes
35,services,divorced,basic.6y,yes,unknown,yes,cellular,jun,wed,3716,17,2,5,nonexistent,-2.692182951075648,94.48918011244368,-32.46664694493129,3.9616645598091362,5069.202220143609,yes
47,technician,single,high.school,yes,unknown,yes,cellular,jul,wed,509,23,3,3,failure,-1.9451013726393191,93.87583969822211,-32.00050664904637,0.645269946902627,5025.415651867852,no
49,services,single,basic.6y,unknown,yes,no,cellular,sep,thu,1206,9,24,5,nonexistent,0.5741596561150749,92.61746724843941,-40.25832744054533,3.501561241424128,5115.595327377356,no
57,technician,single,high.school,unknown,unknown,no,cellular,feb,mon,385,25,16,6,failure,0.3649024735717187,94.02860196910272,-46.17278084989337,1.52193768536,5199.935777571928,no
40,admin.,single,basic.4y,unknown,unknown,no,cellular,jul,tue,1597,22,15,0,success,-0.2568797909076926,94.01481428749057,-35.7460138814533,3.2625538313214415,5015.778537253861,yes
28,blue-collar,married,basic.4y,yes,no,unknown,telephone,dec,thu,3802,12,6,6,nonexistent,-1.8229516338662766,94.1619485858146,-30.402438971553305,3.1131100579789837,5142.482591874928,yes
79,self-employed,single,high.school,unknown,unknown,yes,telephone,apr,tue,2452,29,1,2,success,-2.8346707916492093,94.49808756556008,-38.14477517837154,4.811004325479216,4988.223338636585,yes
37,services,married,basic.6y,yes,unknown,yes,cellular,jul,fri,2293,7,4,4,failure,1.3210234150266817,92.4256903327023,-39.780476291032905,1.4372686248716438,5107.963195680479,yes
36,admin.,divorced,university.degree,unknown,unknown,no,cellular,aug,thu,741,16,999,3,failure,-2.19315321919259,94.6788838401976,-27.396549012055047,0.8222354057978002,5142.421796981323,no
53,management,divorced,high.school,yes,no,yes,telephone,dec,thu,3662,8,21,0,nonexistent,0.6542551385541052,94.79586272224037,-37.95552909359764,3.2896169654910894,5141.051672452909,yes
69,management,married,high.school,no,no,yes,telephone,feb,fri,2708,3,12,3,failure,0.8960394458706771,92.0405623221649,-49.98222767832832,2.113321282700352,5158.865796741806,yes
43,technician,single,high.school,no,unknown,yes,telephone,jul,thu,2697,21,11,6,failure,-1.2836816058858385,92.25565017700205,-38.80100516787144,3.9009436424593957,5073.995369996315,yes
27,management,divorced,basic.4y,yes,no,no,cellular,aug,mon,3542,13,18,2,nonexistent,0.6839871301740504,93.21506619855089,-40.15801417012915,4.970145362051853,5164.626910052094,yes
41,blue-collar,married,high.school,yes,no,yes,telephone,dec,wed,3897,20,28,6,success,-2.06062244816749,92.09636968447825,-43.818714387537035,2.366006162703053,5088.680582840521,yes
30,services,divorced,basic.4y,no,yes,yes,telephone,jan,tue,1911,9,21,6,nonexistent,0.8715734112578545,94.05771279308807,-43.215252531170016,1.268134484693268,5049.012041107312,no
78,technician,single,university.degree,yes,unknown,unknown,cellular,nov,fri,1446,9,7,0,nonexistent,-0.34736168376783394,93.82204434040172,-28.553273035054357,3.038099631384034,5048.757136336376,no
69,services,married,university.degree,yes,yes,unknown,cellular,oct,wed,900,4,7,5,nonexistent,-2.467013433590939,94.17239915237388,-47.60703317766506,2.1231769116991046,5010.065019953463,no
63,services,divorced,basic.6y,no,unknown,no,telephone,may,thu,2112,28,11,4,nonexistent,0.3754259220000287,94.79556683656162,-32.539512316895994,4.096592840323052,5154.192471400059,yes
70,admin.,single,basic.4y,yes,unknown,yes,telephone,sep,mon,3084,14,3,5,nonexistent,0.9857231907200167,94.61356600687193,-29.232168603447562,2.951102811239378,5005.292431983058,yes
51,management,married,university.degree,unknown,yes,yes,cellular,feb,thu,2260,18,6,4,nonexistent,-0.6619371022923038,92.83957816893125,-44.59832730873144,4.596015931082567,5131.878282238825,yes
46,self-employed,married,university.degree,no,yes,unknown,telephone,jun,fri,2009,1,27,6,success,0.2497901104501666,93.11010001851564,-49.20313071403741,4.287955409346414,5139.588074086483,yes
53,services,married,basic.6y,unknown,unknown,no,telephone,feb,thu,241,19,15,5,nonexistent,0.41502748098405157,94.17270798019261,-43.459205884343376,4.622113730159135,5039.414934557395,no
24,blue-collar,married,basic.6y,yes,yes,no,telephone,mar,mon,2540,2,21,4,nonexistent,0.3795410413515144,93.08682442616389,-40.45413663890372,1.9158391844524372,5092.842459703984,yes
68,blue-collar,divorced,basic.6y,yes,yes,yes,telephone,nov,thu,3284,5,17,4,nonexistent,-1.2187772103495722,93.95617684141925,-28.06095974905802,4.572161171640279,5141.059074842656,yes
47,self-employed,married,basic.4y,unknown,no,unknown,telephone,jun,thu,3764,22,5,0,nonexistent,0.15172454544513303,94.57214328186653,-40.51963511635482,4.412290743341357,4963.646326986307,yes
79,management,married,high.school,yes,unknown,unknown,cellular,may,thu,2385,14,17,2,success,-0.7670533973263438,93.13645745714823,-48.59984127108031,3.358843930970988,5036.268707263976,yes
34,management,married,basic.4y,yes,no,unknown,telephone,apr,thu,2020,9,28,0,nonexistent,-1.4096335039658259,93.56945324683757,-47.28936063805144,4.605932940416068,5064.014227396427,no
65,technician,married,basic.6y,unknown,unknown,yes,telephone,jul,mon,172,20,3,4,failure,-2.6040994167327187,94.35609061229925,-42.369685881033234,0.8386431906051653,5209.8106315064815,no
30,technician,married,high.school,yes,no,yes,cellular,mar,tue,671,20,20,2,nonexistent,0.9633830838810015,93.33747578293038,-46.397910965299566,4.056770164412887,5086.390629475724,no
73,technician,single,university.degree,no,unknown,yes,telephone,oct,wed,163,15,8,1,nonexistent,-1.4084255548104818,92.80956842813038,-49.352443069191565,1.2402503413467159,5097.697019496333,no
41,management,divorced,basic.4y,unknown,no,unknown,telephone,jul,fri,464,20,12,1,nonexistent,-2.250085558458919,92.722873278338,-46.611289312057934,2.099990022674407,5139.260564346288,no
71,services,single,basic.6y,unknown,unknown,no,cellular,dec,tue,3042,1,18,6,nonexistent,-2.2369803710894693,92.20127468580331,-48.2787701709734,3.810168991656038,5083.018578949586,yes
72,admin.,divorced,basic.6y,unknown,no,yes,cellular,sep,mon,496,19,11,5,nonexistent,-2.237976338242914,92.92501482751382,-45.95551077578677,1.5226092810025749,5077.965718653592,no
48,self-employed,married,high.school,unknown,yes,yes,telephone,feb,fri,699,4,15,0,nonexistent,-3.3881269910217373,93.92040582510742,-26.984741927500256,1.6173009046412772,5221.323136796693,no
75,self-employed,divorced,basic.4y,no,unknown,no,cellular,may,fri,2442,14,4,4,nonexistent,-1.2965480824688358,92.16475635503274,-40.15473546082847,1.5330071727426704,5178.458893293919,no
44,self-employed,married,university.degree,unknown,yes,no,telephone,jan,thu,702,1,1,5,failure,0.8753004179659117,92.7680153171056,-35.05947275076261,2.607449067117561,5149.216145782774,no
67,technician,married,university.degree,unknown,no,unknown,telephone,jul,wed,1940,5,2,1,nonexistent,-3.2792971918109464,92.31248455398716,-46.84976223929437,0.956334098015084,5090.702211043798,yes
38,admin.,single,high.school,yes,unknown,yes,cellular,feb,wed,2355,10,12,1,nonexistent,1.191667889267597,93.1325385007007,-30.501928295772203,4.500696530019237,5055.199024332433,yes
61,blue-collar,single,high.school,unknown,no,unknown,cellular,nov,mon,1791,9,20,6,nonexistent,-2.5402094758810483,92.26149228625808,-44.42094349318678,3.8107884845526385,5120.158039223752,yes
72,management,single,university.degree,yes,no,yes,telephone,may,tue,182,17,6,3,nonexistent,0.050596738123706825,94.08894249913973,-27.318476783313177,2.859444806919575,5081.622980681406,no
74,blue-collar,divorced,high.school,unknown,yes,unknown,telephone,jan,thu,628,14,12,3,failure,0.3695762745254347,94.59846819289939,-30.802682876727285,0.9705241173161572,5087.012989991933,no
18,technician,divorced,high.school,unknown,unknown,unknown,telephone,nov,wed,3865,28,15,5,nonexistent,0.12855436180357277,92.53853112918117,-28.074172461770257,1.1470423646532477,5022.2139488464,yes
32,services,single,basic.4y,no,no,no,cellular,jan,thu,2557,7,21,6,nonexistent,-1.7719570902043593,92.7016173173811,-34.82758153208283,1.0332575657996965,5172.892016583056,yes
20,technician,single,high.school,yes,yes,yes,cellular,apr,tue,1731,18,13,5,success,-0.021700880919140034,92.44843381901931,-35.071606244663926,0.6648974648723117,5172.839767543903,no
23,admin.,married,basic.6y,no,yes,no,telephone,jul,fri,545,10,29,2,nonexistent,-1.1297237427800073,92.52480523987843,-30.697778560050505,3.535201152515277,5043.194098728703,no
31,technician,divorced,basic.6y,yes,yes,no,telephone,jul,tue,1587,28,17,2,nonexistent,-2.669453715693375,92.87238646538731,-33.70284200882333,2.84465892157785,5040.072576880588,no
72,self-employed,married,basic.6y,unknown,yes,no,telephone,aug,fri,623,27,12,4,nonexistent,-2.435537082411902,92.78727843949407,-36.312089069667785,2.281081861455009,5037.144386501667,no
55,services,divorced,high.school,no,no,yes,telephone,dec,tue,3835,25,13,1,nonexistent,-3.275058292839813,93.07847691154814,-42.23737495699084,2.129147796538476,5006.620306911901,yes
50,services,single,university.degree,yes,no,unknown,telephone,sep,thu,593,4,8,0,failure,-1.806542234809432,93.46983987697224,-45.47348197053775,2.6301010222849404,5190.599582640544,no
69,management,divorced,basic.6y,yes,no,unknown,telephone,apr,tue,743,14,7,0,failure,0.09434957653727252,94.03709570060913,-32.104356946745625,2.6898276223669444,5033.846444891924,no
55,management,divorced,basic.4y,no,unknown,yes,telephone,feb,wed,3298,3,24,3,success,1.251431766419439,94.47656835324744,-41.57340775572892,1.2119396050326052,5148.394428341501,yes
25,self-employed,married,high.school,yes,unknown,yes,telephone,oct,wed,1768,28,24,6,nonexistent,-2.7589206617382476,93.28626233163018,-49.33720306123854,2.938752841931644,4989.96041178664,yes
43,services,single,university.degree,unknown,yes,unknown,telephone,dec,mon,3804,29,4,6,nonexistent,-1.704251819589964,94.54512554264541,-39.337032360634026,0.8113208952481198,5158.108465328662,yes
32,self-employed,single,university.degree,yes,no,unknown,cellular,dec,wed,1459,27,26,6,failure,-2.5288071004871857,93.90331683007659,-35.08547116791237,4.73004411842753,5002.562489137109,no
31,services,single,high.school,unknown,yes,no,cellular,oct,wed,1948,23,22,2,nonexistent,0.2522584230380056,94.040944606818,-50.249380649636706,3.742559527422534,5005.6047641534515,yes
65,admin.,married,high.school,yes,no,unknown,telephone,mar,fri,3493,22,6,4,nonexistent,1.0140022267255067,93.46228195114992,-33.947606283163616,0.6416170854484644,5183.540091922897,yes
37,technician,married,basic.4y,no,unknown,no,telephone,sep,thu,2601,11,15,6,nonexistent,-2.8527932856514737,93.46501596487462,-45.430075876952365,1.8708592650375813,5040.5481629656815,yes
72,management,married,high.school,unknown,yes,unknown,cellular,nov,thu,2068,10,9,3,nonexistent,0.9372154187298969,93.4895246145535,-45.4856619045372,4.923974961993816,5009.196152532958,no
65,admin.,divorced,high.school,yes,no,unknown,cellular,aug,fri,2601,8,24,3,nonexistent,-2.0968338625964784,93.37753779514458,-37.34713195086027,0.8132100108678331,5105.6081298263,yes
76,technician,divorced,university.degree,unknown,no,unknown,cellular,jun,wed,2444,9,24,4,failure,-2.3292953867465416,93.28485983098295,-42.73866840075109,1.2455918127190901,4983.400126848567,yes
36,management,married,basic.6y,no,no,no,cellular,nov,tue,2672,28,21,4,failure,-3.1281548897866833,94.16876749467592,-40.031048672648,2.699305164933669,5151.506724288622,yes
73,self-employed,married,basic.6y,yes,yes,no,telephone,mar,fri,104,23,2,5,nonexistent,-3.0137522658977254,93.08550933404027,-38.53828307538188,2.155177116844587,5186.1357361169075,no
50,admin.,single,university.degree,yes,unknown,unknown,telephone,oct,thu,2239,6,23,1,nonexistent,-3.067721139587997,92.57885813496402,-28.78754620357657,4.935017226889178,5029.302455896589,yes
53,blue-collar,divorced,high.school,unknown,no,no,cellular,aug,mon,16,14,16,6,nonexistent,-1.2572213951335374,92.37959397710716,-45.90287642204227,2.9742045903753245,5148.2206455604455,no
41,blue-collar,divorced,basic.4y,no,yes,no,telephone,feb,thu,3191,28,9,4,failure,-0.23850933659386,94.46282288719011,-39.70305965859086,4.7412632007118996,4977.828024679094,yes
27,management,single,basic.6y,no,no,no,telephone,nov,tue,392,24,10,4,nonexistent,-2.5147804498070325,94.41607336358511,-32.01490900037768,2.2580109783152036,5090.03710419708,no
69,admin.,single,high.school,yes,yes,no,telephone,apr,thu,424,9,19,3,failure,-2.3553335105923066,92.68219955409694,-45.896503667503794,1.7972031921078289,5215.390255390006,no
67,technician,single,basic.6y,unknown,unknown,yes,cellular,apr,fri,2176,14,9,3,nonexistent,-2.570095076485824,92.33097361940823,-48.83107765805704,1.869049990432108,5105.917438791638,yes
51,technician,married,university.degree,yes,no,no,cellular,sep,mon,3201,8,17,0,nonexistent,0.4714801558650485,94.68928496954076,-50.37542831354159,3.401034494255792,5072.251920718872,yes
53,admin.,married,basic.6y,yes,yes,unknown,telephone,aug,thu,571,6,20,5,nonexistent,-2.741536524839063,93.34964730485842,-48.32078133171573,3.2576616865062524,4965.150380546292,yes
64,blue-collar,married,university.degree,unknown,no,no,cellular,jul,fri,3631,24,27,0,failure,-3.047655450284387,92.26145602620537,-44.23728612409275,3.0358450692701124,5031.292070565028,yes
78,admin.,married,university.degree,no,yes,unknown,cellular,apr,fri,2076,25,27,0,nonexistent,-3.223759557059773,92.60286234994702,-41.01877095974335,1.4319092486813756,5076.934056856823,yes
53,blue-collar,married,university.degree,yes,unknown,no,cellular,jul,fri,1120,6,22,4,nonexistent,-3.2072783159240923,93.97052447487108,-36.60880355010119,1.7591618479981839,5063.429287612259,no
33,blue-collar,divorced,basic.4y,yes,unknown,unknown,telephone,jan,mon,3081,22,26,1,nonexistent,-0.7759704558788997,92.22768566015144,-46.017836796735665,1.8721133094401434,5079.704351347175,yes
32,self-employed,divorced,high.school,unknown,yes,yes,telephone,nov,fri,241,2,999,3,failure,-2.9488708810419872,93.21257952925565,-44.354272138056224,4.4114320320454485,4969.8550725595105,no
35,self-employed,divorced,university.degree,unknown,unknown,unknown,telephone,aug,mon,3897,25,3,2,failure,-2.3323522915322803,93.19723243418855,-34.09197749357051,4.196266833197146,5104.113640508674,yes
24,technician,single,university.degree,yes,no,no,cellular,aug,tue,2279,24,2,6,nonexistent,0.5968489371281561,93.91989883357266,-29.074710153623773,1.5021172605104003,5030.081082090228,no
64,management,divorced,basic.6y,no,unknown,no,cellular,sep,tue,788,5,19,6,failure,1.2469178817161375,92.5583305810532,-47.561197528990775,1.244274063746365,5069.558874321994,no
39,services,single,high.school,unknown,no,unknown,telephone,sep,tue,3355,26,5,1,nonexistent,0.7321179738683745,94.75455800373365,-39.506888593364096,1.0494163701607888,5198.057126019407,yes
49,admin.,divorced,basic.4y,yes,unknown,yes,cellular,jan,fri,714,3,25,5,nonexistent,1.2060925010063102,92.43478128272848,-43.73951241918894,0.8976070807610628,5182.634368293401,no
60,blue-collar,married,basic.4y,no,unknown,no,cellular,oct,mon,758,25,5,6,nonexistent,-0.18183352574563705,93.6754257527769,-38.181510893835366,4.932328890527065,5068.8623441159625,no
36,admin.,divorced,basic.6y,unknown,no,no,cellular,jul,tue,2849,11,27,2,nonexistent,1.3386388216282599,92.91868633674072,-47.95276588462893,4.169692247735924,4977.898462446512,yes
57,management,married,basic.4y,unknown,unknown,unknown,cellular,jan,wed,775,26,16,5,failure,-1.017549626717035,92.37206421406064,-44.322166100071726,0.6744835145197655,5198.713811112238,no
73,management,married,basic.6y,yes,no,unknown,telephone,jun,tue,2773,29,18,6,failure,0.4145037214195335,93.50887391961271,-33.85820377837929,0.6291524242971704,5069.133376674066,yes
18,services,divorced,high.school,unknown,no,yes,telephone,may,fri,2247,7,16,4,nonexistent,1.2639813728678506,92.4746379666942,-31.21849198400075,3.635646479561357,5090.4402061927085,yes
52,services,divorced,basic.6y,yes,unknown,unknown,cellular,nov,wed,2992,29,28,5,nonexistent,0.004597883976702518,93.9035763688848,-35.94267386467034,1.969601148721224,4986.266377630266,yes
22,blue-collar,married,basic.6y,unknown,unknown,no,telephone,feb,thu,78,9,16,6,failure,1.1922559261306562,92.09080645044664,-28.227430529004085,1.0353896806210612,5146.777151895408,no
67,self-employed,single,university.degree,no,no,unknown,telephone,mar,wed,3984,13,16,2,success,-2.182505933562771,93.42910485794077,-35.1956776668921,2.6416711243317437,5151.955971141906,yes
29,services,single,basic.4y,no,yes,yes,telephone,aug,thu,3003,16,2,5,nonexistent,-1.9586776871919451,92.61315199781023,-32.95642514251302,0.6828869220356407,5071.692525181514,yes
29,self-employed,divorced,high.school,unknown,unknown,yes,cellular,feb,wed,3926,23,13,5,success,-1.4932473612928914,94.65998472219479,-42.25748977467888,2.469474019224647,5198.709219268578,yes
38,self-employed,married,high.school,yes,unknown,no,telephone,nov,mon,855,12,1,0,nonexistent,-1.1699835660588385,93.9894892721799,-46.740148234516205,1.6453425082416084,4976.463693195572,no
76,blue-collar,single,university.degree,unknown,yes,unknown,cellular,apr,wed,3244,8,29,5,nonexistent,0.9075426395332644,94.11478928309232,-35.07673230530248,1.7654575696680124,5044.944467392883,yes
75,technician,divorced,basic.6y,yes,yes,no,telephone,mar,tue,2514,14,27,3,failure,0.8617397837701781,93.97498037119482,-28.833823919988603,1.8594165333145927,5018.31228692499,no
36,self-employed,divorced,high.school,unknown,unknown,yes,telephone,dec,thu,2628,26,3,1,nonexistent,-0.24179121620377322,93.8645072705948,-27.332566111192367,1.9538944011653498,5148.196287302765,yes
26,blue-collar,married,high.school,no,unknown,yes,telephone,jul,thu,1439,14,22,0,nonexistent,-2.2849514506370907,92.3865344140178,-40.04387458850945,0.6881862858818165,5017.734682037322,no
60,services,single,basic.6y,yes,unknown,unknown,telephone,aug,tue,2987,5,26,3,nonexistent,-2.246189047151853,94.79279942240696,-37.901006477140626,3.1089027626104517,5149.470826020591,yes
66,admin.,divorced,basic.6y,no,yes,unknown,cellular,apr,mon,2496,26,26,6,failure,-0.3676323163016985,93.84065163559633,-43.361960182880104,3.0107162132101903,5174.289578606405,yes
65,services,single,high.school,no,unknown,no,telephone,jun,wed,2134,10,29,5,failure,-0.9837376973361932,94.51266131454744,-34.72689649338864,3.4635513739560326,5170.766358819231,yes
53,management,divorced,basic.6y,no,yes,yes,telephone,mar,mon,2148,22,17,6,nonexistent,-2.1590425152913766,93.41065682951925,-32.51122332390115,1.3036295336246952,4971.019755374655,yes
59,services,divorced,basic.4y,unknown,yes,no,telephone,jul,tue,1031,28,1,0,nonexistent,-2.592461349754361,92.80071907714856,-49.81540266878305,4.9771971445225125,5209.7208641017405,yes
71,technician,single,high.school,yes,no,no,telephone,aug,wed,844,24,28,1,nonexistent,0.06860218752254421,93.2242421906912,-30.56557120451802,1.1976244551460984,5152.621295297324,no
64,blue-collar,single,basic.6y,no,yes,no,telephone,jul,tue,3271,14,27,4,nonexistent,0.5035121833623472,93.11764641603536,-38.520220054435676,4.17084534912723,5178.5823024935335,yes
74,self-employed,married,high.school,yes,no,yes,cellular,apr,thu,3576,23,11,2,nonexistent,-2.145736563024929,92.04468625200681,-36.94481333951625,1.569585672223153,5134.399715027712,yes
68,management,married,high.school,yes,yes,unknown,cellular,oct,thu,86,17,14,4,failure,-1.3603719062915405,93.88982678580847,-45.87119530349128,2.5317610987330426,5103.553079207577,no
49,blue-collar,married,university.degree,no,yes,yes,cellular,dec,thu,2090,26,12,5,nonexistent,0.02477202783644344,94.06541253665202,-50.55381826090473,2.0264901668277875,5134.117325002539,yes
52,blue-collar,married,basic.4y,unknown,no,no,cellular,sep,fri,3456,4,10,5,nonexistent,-1.147735702010407,92.11455580553738,-28.042340726841868,1.9539218356594275,5058.855201475895,yes
48,self-employed,single,basic.4y,no,no,yes,telephone,oct,fri,3692,29,6,6,nonexistent,1.2140339372356646,92.68864143254213,-28.61123045386409,2.7406541586357647,5084.692147344087,yes
77,services,married,university.degree,no,no,no,cellular,aug,thu,3506,24,27,2,nonexistent,-2.7779237864762707,93.86042166134112,-32.29326969466024,1.6543631036572393,5152.037890210448,yes
70,admin.,single,university.degree,yes,no,no,cellular,jun,fri,407,15,8,2,success,0.7008691252193354,92.90130542609607,-39.48102379429182,3.006166878583505,5140.1920854994605,yes
72,management,divorced,high.school,unknown,no,unknown,telephone,feb,fri,3554,11,26,6,nonexistent,-1.9308475589590566,94.61477952216607,-43.20885802744527,1.703001650660197,5120.589635193099,yes
49,self-employed,single,basic.4y,yes,no,no,cellular,oct,tue,2711,9,14,5,nonexistent,-0.10217489263159013,92.31526839513838,-47.06973322900906,4.8808364056682025,4976.617074998905,yes
79,technician,married,university.degree,unknown,no,yes,cellular,jul,wed,3088,15,2,1,nonexistent,-2.1822638493900643,94.59864336829689,-48.86600224069846,1.6534057828360504,5039.721556610217,yes
54,technician,single,basic.6y,no,yes,unknown,telephone,sep,thu,1668,22,9,1,nonexistent,1.2390542482429918,94.55908638861048,-39.87040872261421,3.964337628191333,5123.217264790723,yes
49,admin.,single,high.school,unknown,yes,unknown,cellular,sep,fri,147,27,7,4,nonexistent,-3.1593555312920123,94.6761436744811,-31.86529118900718,2.6667556232680565,5086.227752342415,no
60,admin.,single,basic.4y,yes,no,unknown,cellular,sep,tue,2324,20,5,3,nonexistent,-0.9348575349263024,92.21623762618765,-33.45045947151968,0.7668433293240481,5053.0228527777845,yes
73,services,single,high.school,no,unknown,unknown,cellular,sep,tue,231,2,28,3,nonexistent,0.9704637282997672,92.76272396014576,-32.733177695353554,1.2718951708436368,5153.253157624536,no
54,technician,single,high.school,unknown,no,unknown,cellular,jun,wed,3897,28,13,4,nonexistent,-1.144765804506307,92.70369580996416,-47.96426113578556,4.685669006370264,5065.969355288036,yes
56,management,married,basic.6y,unknown,unknown,yes,telephone,jan,tue,1950,25,5,6,nonexistent,0.6336620417656845,94.47882245109308,-30.180296616219852,4.209254373380982,5203.875779227758,no
55,self-employed,single,basic.6y,yes,yes,no,cellular,jun,mon,365,1,18,2,nonexistent,1.1591774562772084,94.26009356712433,-31.585060374486343,1.2342540317641368,5104.23316743562,no
47,admin.,married,university.degree,unknown,yes,no,telephone,may,mon,3299,21,25,6,success,-3.074391382444564,92.44490525320911,-48.551277840048904,0.8246247385379789,5091.488159110298,yes
75,admin.,divorced,basic.6y,no,unknown,no,telephone,jul,thu,1674,24,8,1,nonexistent,-1.0537249138841462,92.39613830045457,-42.278865868164004,1.2719216988712647,5052.7883279724,yes
49,admin.,single,basic.4y,unknown,yes,no,telephone,aug,wed,435,20,8,4,nonexistent,-0.10517175609074168,93.32756736061924,-41.83214154357106,3.1692874982132877,4999.104277516922,no
62,self-employed,divorced,university.degree,yes,no,unknown,telephone,jan,mon,398,17,19,3,nonexistent,0.594451952425468,92.48535045923494,-33.23083291916431,3.3876986949853194,4966.141222252029,no
19,management,married,basic.4y,unknown,unknown,no,cellular,oct,wed,1234,4,15,2,nonexistent,-2.6168528976620125,93.33252134724435,-30.23444674148377,2.2672221776016617,5142.637605704193,yes
68,technician,single,basic.4y,no,unknown,no,cellular,apr,thu,1414,5,12,3,failure,-0.6794316757710306,94.36514492814784,-41.82015725026017,1.8359074222840124,4980.891701313784,no
28,management,divorced,university.degree,no,yes,unknown,cellular,apr,tue,2546,5,12,2,nonexistent,-2.6179754530048998,93.39975991075528,-47.67295066800248,1.5104046290735869,5049.5724698913455,yes
76,self-employed,married,basic.6y,unknown,unknown,unknown,telephone,jan,tue,2587,28,25,3,failure,0.22590465432395415,94.0284464950936,-48.82677576191298,2.5310373502158114,5195.205494932907,yes
37,management,divorced,high.school,unknown,unknown,unknown,telephone,nov,tue,562,14,11,5,nonexistent,-2.0337419813363926,92.7002010298331,-35.531674321429115,0.6992684872599333,5090.053223635492,no
54,services,single,basic.6y,no,unknown,no,telephone,apr,mon,3562,1,21,0,nonexistent,-2.1096734971312325,92.7442053951829,-38.89832232923161,0.6383072777426061,5197.250547388716,yes
26,self-employed,single,basic.4y,yes,yes,unknown,cellular,jul,wed,2489,2,20,2,failure,0.29504879608826323,93.66259286181516,-29.241048232239187,4.110175912784203,4979.871834194926,yes
55,admin.,single,basic.4y,no,unknown,unknown,cellular,jun,mon,1284,22,19,2,nonexistent,0.6416360853995685,94.38680345548671,-28.010678184952386,2.933577329306864,5186.675968434693,yes
66,technician,married,university.degree,unknown,unknown,yes,cellular,apr,fri,772,10,1,6,nonexistent,-1.7519856344333824,93.48710837113461,-29.33642385234163,4.037331553345853,5209.977755439336,no
36,services,divorced,basic.4y,unknown,no,yes,cellular,feb,wed,2397,5,3,2,nonexistent,-0.9947079619681934,92.5551875653803,-48.992357312001005,1.10127691408813,5205.253477033034,yes
72,services,married,university.degree,yes,no,no,cellular,dec,thu,2037,9,6,0,failure,-0.07138934773728994,92.60992879140004,-44.00609467753481,4.187461565103545,5052.60944795775,yes
57,self-employed,divorced,university.degree,no,unknown,unknown,cellular,jul,mon,3423,13,18,0,nonexistent,0.17681679269839595,93.72764162107605,-45.092502801050145,4.660047628004388,4988.757777493059,yes
24,blue-collar,married,basic.6y,no,yes,no,telephone,aug,tue,2567,23,2,6,failure,0.29656643326545684,92.28950103331542,-49.158950083458954,2.946843613615762,5205.63671982989,yes
22,admin.,single,basic.4y,yes,unknown,yes,telephone,sep,tue,1343,29,10,3,nonexistent,-1.5261387738337926,92.18333589835566,-28.853286318126596,1.0639229870534568,5005.221523999424,no
64,technician,divorced,basic.6y,no,yes,yes,cellular,sep,tue,2185,21,18,1,failure,-0.825559066317721,92.28781992686399,-29.414613224457646,1.1422980084390197,5108.017481632489,no
59,technician,divorced,high.school,yes,no,unknown,telephone,apr,mon,1573,13,24,6,nonexistent,-2.8741738448451364,93.09856459161962,-41.460664837685805,1.454402962902628,5071.3717439029915,yes
41,technician,divorced,basic.6y,no,no,no,cellular,mar,mon,3694,28,13,5,failure,1.1530479726540621,92.99223662533524,-27.88683194943745,1.415141946568995,5216.952630870118,yes
65,self-employed,married,basic.4y,yes,unknown,yes,telephone,may,tue,991,28,16,3,nonexistent,-0.03320375940405466,92.0060104588901,-37.33603946933125,4.757428483239967,5073.616323042971,no
58,admin.,single,high.school,yes,yes,unknown,cellular,jun,tue,2415,9,4,2,success,-1.5973474948795359,92.45268176957028,-40.42664427421267,4.12129648479021,5061.5471162978065,yes
24,self-employed,divorced,basic.4y,yes,yes,no,cellular,dec,tue,3291,14,24,2,nonexistent,-1.5298607208031327,92.97303387890933,-37.66336449029108,1.999824027379316,5118.809522280928,yes
28,technician,married,high.school,unknown,yes,unknown,cellular,aug,fri,3408,17,13,5,nonexistent,-2.9656764079990086,93.20388971221699,-40.712871995596714,4.192937930809617,5103.190042960829,yes
26,management,divorced,basic.4y,unknown,unknown,unknown,telephone,mar,mon,1246,3,6,6,nonexistent,-1.2067687980663409,93.12643227907024,-43.823895279075245,3.9973946076145994,5083.187809151716,no
66,management,single,basic.6y,unknown,yes,yes,cellular,jun,tue,3719,18,11,3,nonexistent,-0.1694850546843949,92.89493047692054,-46.471658784938114,2.1631655244987256,5096.534954815472,yes
47,admin.,divorced,basic.4y,no,no,no,telephone,may,thu,3839,12,27,4,nonexistent,1.1722617941387474,94.27337985225766,-39.791058122212235,0.7319340726880281,4989.639358753397,yes
58,technician,single,university.degree,yes,yes,yes,cellular,jul,tue,359,23,16,1,success,-0.2915853542481788,93.16485687935278,-38.1144341527273,0.6384780766950013,5210.884962268179,no
20,self-employed,married,university.degree,no,yes,no,telephone,sep,mon,920,9,19,0,success,-0.27658494892450425,93.80452457645856,-31.163241083276098,2.0327427520032524,5029.819887776231,yes
39,blue-collar,married,basic.6y,no,unknown,no,telephone,jul,thu,2376,16,21,1,nonexistent,0.37478679146962485,94.33098224360573,-39.486253397548964,0.7997397370633347,5114.40125315467,yes
57,blue-collar,single,basic.6y,yes,unknown,unknown,cellular,nov,mon,3009,13,20,4,success,-0.9529357325818555,94.39041306626625,-30.977060325172452,1.1328181856466224,4972.98401960609,yes
68,blue-collar,single,high.school,unknown,unknown,unknown,cellular,jun,mon,2510,28,17,3,nonexistent,-3.245733356376871,94.39964566962678,-27.98381239677128,1.7195338617780795,5041.804549696402,yes
37,management,married,basic.6y,no,unknown,no,cellular,sep,mon,2993,18,999,6,nonexistent,0.8713158792375667,93.38501233097992,-33.5564464664182,1.3876947832193318,5145.7616217872965,yes
49,self-employed,single,university.degree,no,unknown,unknown,telephone,oct,wed,962,12,10,3,failure,-1.468137426475051,93.8516994332666,-47.93882408094456,1.2369986733719018,5084.572733178094,no
65,blue-collar,single,basic.6y,no,yes,yes,cellular,apr,thu,3632,22,3,2,nonexistent,1.3263907886244646,92.88107891444488,-39.77575886903252,1.7534295931311,5156.729022273314,yes
24,technician,divorced,university.degree,unknown,yes,no,cellular,jan,fri,1827,2,11,5,success,-1.4493862233503814,94.41316358669876,-30.324637456066412,3.842325680057577,5004.706510197081,yes
77,technician,married,basic.6y,yes,unknown,yes,telephone,aug,fri,3453,19,25,3,nonexistent,-0.1919943986133623,92.59726717770955,-39.0497560749431,2.555517584370358,5224.944284661244,yes
24,blue-collar,married,university.degree,yes,unknown,unknown,telephone,jun,wed,2883,1,4,4,nonexistent,-1.1926070930697228,94.20557339253041,-31.423608233798497,3.518083595270061,5081.494457387821,yes
37,services,single,high.school,no,yes,no,telephone,jun,mon,1613,6,14,3,nonexistent,-2.2843865600042466,93.31540453183767,-32.256118509575316,4.686549071065017,5106.109684459126,no
42,blue-collar,single,basic.4y,yes,unknown,unknown,cellular,may,fri,1640,18,19,6,nonexistent,1.067703286228702,92.83660382733777,-46.979709804814696,0.6059599826190036,5031.730597497561,yes
62,services,single,basic.4y,unknown,no,yes,cellular,oct,thu,2216,3,2,3,nonexistent,-0.3894866544984279,93.06304314222746,-42.925229967044174,4.785499003009213,5053.304503155115,yes
52,admin.,married,university.degree,yes,yes,no,cellular,nov,tue,216,22,25,4,success,-1.2374958113592274,93.64715458856007,-32.54252693602822,1.8282149117981434,5136.738533768056,no
61,admin.,divorced,basic.6y,no,no,unknown,cellular,mar,thu,377,6,14,0,failure,-2.707996090782664,94.6039536680844,-46.99564708359571,1.865034511323595,5053.986758518173,yes
41,technician,married,basic.6y,no,yes,yes,telephone,jun,mon,118,4,7,1,failure,1.3957139439756674,92.27312036145295,-40.69532600794128,3.3693999097875587,5153.655927545701,no
57,self-employed,divorced,basic.4y,yes,yes,yes,telephone,jan,thu,189,17,27,6,nonexistent,0.8966989069678369,94.57453665475244,-47.517182374751094,2.187760661907856,5039.209698116423,no
30,management,single,university.degree,no,yes,unknown,telephone,jul,mon,2814,23,29,3,nonexistent,-1.3706316167524635,94.28398385402575,-45.16667232907863,0.9540153719018607,5166.0638714311235,yes
69,self-employed,married,basic.6y,unknown,yes,no,cellular,jun,thu,369,18,21,1,nonexistent,-2.5770049170230265,93.64450563568442,-43.973657195495434,3.7303693168936136,5142.127641045727,no
65,technician,divorced,basic.4y,unknown,yes,unknown,telephone,may,wed,1801,22,10,1,nonexistent,-3.2575042964781473,92.36497923617853,-38.12666120308967,1.4060281983182048,5019.700559356059,no
56,technician,married,university.degree,unknown,yes,no,cellular,mar,thu,2196,7,29,2,nonexistent,-2.6711912284149357,94.27487474524695,-29.00547966894168,4.689236232372869,4976.8339101948595,yes
21,self-employed,divorced,high.school,unknown,yes,yes,telephone,aug,fri,3747,2,11,0,failure,-0.8347401240029851,93.93376924941757,-41.58517071784304,4.946600271921415,5209.641093760091,yes
78,management,divorced,basic.6y,no,unknown,yes,telephone,apr,tue,651,15,2,1,nonexistent,0.5158032595479137,93.39249231485337,-30.48582101986762,1.3973838813636357,5025.807816550622,no
29,technician,married,basic.6y,no,unknown,yes,cellular,sep,wed,1882,22,5,2,nonexistent,-1.65509581321284,94.48042833295426,-34.18525342170504,3.9162191858150224,5116.265663497081,yes
34,management,single,university.degree,yes,unknown,unknown,telephone,sep,thu,1511,17,25,4,nonexistent,-1.3168899290513867,93.86047234108557,-32.14715675929063,4.964023380493815,5042.382170835555,yes
18,technician,married,basic.4y,no,no,unknown,telephone,may,mon,769,6,7,4,nonexistent,-1.1282947458395687,92.80817248529108,-32.583270293069056,4.803352849831678,5137.693580693527,yes
79,admin.,single,university.degree,yes,yes,unknown,cellular,nov,wed,2421,8,6,4,nonexistent,-3.315633241690779,92.12213593521534,-43.57937934333935,3.085625225774247,5149.08105561731,yes
34,services,divorced,basic.4y,no,unknown,yes,telephone,jul,fri,780,8,28,5,success,-2.5502032413307885,94.12613529537242,-45.153613666843064,1.97292042169864,4983.25405236414,no
19,technician,divorced,university.degree,yes,unknown,no,cellular,jun,tue,1716,7,16,5,nonexistent,-0.9956378094429003,92.71531383911977,-27.435760638969178,0.6513201913965517,4976.829962876431,yes
23,services,married,high.school,yes,unknown,unknown,telephone,dec,tue,2207,4,15,6,failure,-2.0589114952698018,92.78545490839986,-33.165924140815505,4.552236837263252,5225.650736064672,no
61,blue-collar,married,basic.6y,unknown,yes,unknown,telephone,dec,thu,2398,20,21,4,nonexistent,-0.8880498610861661,93.25919855983283,-42.05789915283974,0.7566168949599216,5166.74787408085,yes
75,technician,single,basic.4y,yes,yes,unknown,cellular,jun,fri,3983,5,16,4,nonexistent,-2.881119592794163,94.09990943372267,-37.550262458043534,3.136257408873668,5032.78915654812,yes
28,admin.,single,high.school,yes,no,yes,cellular,apr,fri,1311,8,12,2,nonexistent,0.4535133606691109,94.58809554101826,-32.256661096783574,1.4190575343407341,5093.569925991188,yes
70,management,married,university.degree,yes,no,no,cellular,oct,tue,3359,14,3,0,failure,0.36197334831184674,92.60556127599412,-49.467139839251814,1.6647258164243344,5216.986149187125,yes
60,admin.,single,basic.4y,yes,yes,no,telephone,dec,tue,2939,20,9,0,failure,-0.1846765880696458,94.4696455297431,-48.43312285953386,0.702747142157945,5107.451326610718,yes
35,services,single,basic.4y,yes,no,no,telephone,aug,fri,1249,25,15,2,nonexistent,-0.8490886696831931,93.69224306804813,-50.20060057519178,0.7623877415298647,5074.502689849463,no
57,management,married,high.school,unknown,unknown,unknown,cellular,nov,tue,522,3,18,2,nonexistent,-1.5285586938053584,94.39562148293,-46.878800009488316,2.140905083310187,4973.539274755459,no
42,admin.,married,university.degree,yes,no,unknown,cellular,nov,mon,521,25,6,5,nonexistent,-0.12326388037099839,94.37498190154912,-47.94742949362122,4.461264060584446,5118.274837787985,no
56,admin.,divorced,high.school,yes,unknown,no,cellular,nov,tue,782,18,17,3,nonexistent,0.35273161934483316,93.09867563530749,-39.733033830539284,3.0896665748446033,5196.797618259295,no
45,admin.,divorced,university.degree,yes,no,yes,cellular,oct,mon,2320,22,12,1,success,0.48124357953911273,93.89877467711852,-43.93593247416357,2.968548557490688,5107.1740291452825,yes
63,self-employed,married,high.school,no,unknown,no,telephone,mar,tue,935,15,27,5,nonexistent,-1.7316124921559208,94.65049768967175,-49.71040971439919,3.329329864704647,5170.380939302548,yes
33,management,divorced,high.school,no,no,unknown,telephone,may,wed,3473,21,3,6,nonexistent,-2.4690458156708215,93.88267658526101,-40.05829273457117,2.955468183418807,5197.941026462861,yes
29,admin.,single,high.school,unknown,no,no,cellular,jan,wed,2230,5,20,5,nonexistent,-1.7592113907629696,93.28284610795396,-36.97201546833124,1.9386760362628974,5071.335632982005,yes
58,admin.,married,high.school,yes,yes,no,cellular,jan,wed,1688,15,17,4,nonexistent,-3.362919159900831,93.04149184041457,-41.95149662204434,4.471869533793427,5072.463562076724,yes
69,services,divorced,university.degree,yes,yes,no,telephone,sep,mon,487,27,15,5,nonexistent,-1.368508807249874,92.4012780507019,-44.577658281657065,2.6926545891349045,5207.307348342049,no
46,admin.,married,basic.6y,no,unknown,yes,telephone,apr,mon,1850,6,24,5,nonexistent,-2.0872860050624236,94.79663077712308,-41.468111395684524,3.9116676436756808,5053.693230530635,yes
40,admin.,divorced,high.school,yes,yes,unknown,telephone,sep,thu,845,10,17,1,failure,0.3921916394041053,93.84189171193356,-38.37443278267572,4.613001296440008,5138.568616491392,no
38,blue-collar,married,university.degree,unknown,unknown,unknown,telephone,jul,thu,2171,23,15,3,failure,-0.1609007685089859,92.7743596244695,-40.3789368192231,0.6164001629928538,5127.562787241727,yes
33,management,single,basic.6y,yes,yes,no,telephone,oct,tue,3032,20,21,6,nonexistent,-3.275274218888639,92.20845638073571,-48.57071521868177,2.7038054124114534,5091.927959221091,yes
70,blue-collar,divorced,basic.4y,unknown,yes,unknown,telephone,aug,mon,3697,15,27,0,failure,-2.7074229358953215,94.11097485191722,-39.88156581843379,3.2603090827057826,5133.403846190965,yes
68,self-employed,married,basic.4y,no,unknown,yes,cellular,nov,wed,2837,20,23,6,nonexistent,-0.7974815725445156,94.39420042252695,-33.58403547716235,2.810529245940794,5149.580765098699,yes
65,services,single,high.school,unknown,no,no,cellular,sep,wed,2461,28,27,4,nonexistent,-0.43313302153775324,93.19783054434193,-31.202070607580474,4.570629230723542,5208.212514434035,yes
58,blue-collar,divorced,basic.4y,unknown,unknown,yes,telephone,jan,wed,2003,9,22,5,nonexistent,0.29062176148377056,94.67702767746323,-40.295032431246305,4.736211676978245,5175.401943992205,no
62,self-employed,divorced,high.school,unknown,unknown,no,cellular,jul,tue,1748,4,29,5,nonexistent,1.2477714608903314,92.91974441165678,-27.048343919547616,1.190873980356571,5058.299623697219,no
43,technician,married,high.school,unknown,unknown,no,cellular,aug,mon,3243,8,21,0,nonexistent,-0.030785329892929737,94.11697111808621,-30.655687082079254,1.9308318816184664,5077.901429974837,yes
54,management,single,basic.6y,unknown,yes,no,telephone,feb,tue,3359,26,23,2,nonexistent,-0.7844952067216582,92.73635083159304,-45.65229799389794,1.7610707045369616,5202.616973115692,yes
39,admin.,married,basic.4y,unknown,yes,yes,telephone,oct,fri,3506,13,20,6,nonexistent,-1.4107585488806391,92.94062416387118,-39.88319430520997,2.7857798123627386,5035.258988373911,yes
68,blue-collar,divorced,high.school,unknown,yes,unknown,cellular,sep,fri,685,17,25,1,success,0.14332622818334673,93.69509297235938,-43.73841086736461,2.281262242257617,5049.522231192738,yes
27,blue-collar,married,basic.4y,unknown,unknown,unknown,telephone,dec,thu,2160,4,8,0,nonexistent,1.086806704502975,92.10266532681861,-37.6492663497532,2.1805512292846028,5145.872640083432,yes
24,admin.,married,basic.6y,unknown,no,unknown,telephone,jan,mon,2935,2,1,3,nonexistent,-1.3700356363563104,92.59029421631861,-45.44355807695074,2.9491632075574064,4992.9011810328675,yes
26,admin.,single,basic.4y,no,no,unknown,cellular,dec,wed,3988,27,5,0,nonexistent,-0.5937627437643634,92.49376813041478,-49.95801971357637,2.7562924077787936,5171.814097867425,yes
42,services,single,basic.6y,unknown,unknown,yes,cellular,mar,mon,2169,26,27,4,nonexistent,-2.406234859754347,92.9183656925638,-29.185274625351706,2.6476514674104563,5214.4434815172535,yes
63,blue-collar,divorced,basic.6y,unknown,unknown,unknown,cellular,nov,thu,1567,5,25,4,nonexistent,0.7158411391385756,94.17690146122996,-38.37771828505994,1.0981414518569232,5133.715293320093,no
32,blue-collar,single,basic.6y,yes,no,unknown,telephone,sep,wed,1245,2,27,1,failure,0.0249283254358248,94.5412843083227,-28.932403949955003,2.972771339618705,4982.706718738214,no
30,technician,married,high.school,yes,yes,no,cellular,jan,tue,3702,16,27,2,nonexistent,-1.6974052499093741,92.03548315710071,-47.976177637350496,0.8594267130605162,5026.68941514864,yes
59,self-employed,divorced,university.degree,yes,unknown,yes,telephone,apr,wed,38,23,26,5,nonexistent,0.7954289002235749,92.72027837585762,-47.179566484669074,3.311937180089672,4989.391209931151,no
63,technician,single,high.school,unknown,no,no,telephone,oct,fri,2544,26,22,4,nonexistent,1.2600657126600983,92.07108904614796,-45.38703093385076,3.3431259831463955,5045.356354976628,yes
43,blue-collar,married,basic.4y,no,no,unknown,cellular,jun,tue,779,23,24,3,nonexistent,-2.0151039557796446,94.41148133916057,-39.87485701242296,1.746598705889775,5212.110997007081,no
38,technician,married,high.school,no,no,no,cellular,jun,wed,1256,15,20,6,nonexistent,-2.5041783456488402,92.55645392618486,-29.767949952351664,1.195376402996638,5058.610115311935,no
40,blue-collar,divorced,high.school,yes,yes,unknown,telephone,apr,tue,2990,25,5,1,nonexistent,0.5930824140051815,94.15795373261659,-35.255155342339265,4.112408597076096,5012.36450969443,yes
78,management,divorced,university.degree,yes,no,no,telephone,oct,fri,3601,29,24,4,nonexistent,-0.6043342815604877,92.09325397362517,-49.485386341738284,3.9896843189551716,5138.584796180269,yes
61,services,single,basic.4y,unknown,no,yes,telephone,oct,fri,2196,4,25,3,nonexistent,0.8449676481717544,93.11547554414707,-41.068028137730856,4.762432581106944,5201.556849446634,no
45,technician,single,basic.6y,no,no,no,telephone,oct,mon,3468,15,5,5,nonexistent,-1.7319141189257994,93.00414951747422,-33.51421562371425,2.56376110384119,4972.723756636674,yes
78,blue-collar,single,basic.6y,no,unknown,no,cellular,oct,fri,3069,5,13,0,success,-0.6099803270824914,92.9221353361296,-43.09496606839342,1.988427015228389,5140.396843659576,yes
68,technician,single,basic.4y,yes,unknown,no,cellular,jan,fri,2708,3,10,5,nonexistent,-0.6293827438653706,93.59649462285442,-39.02777803086231,1.9314752288013222,5040.064339001545,yes
55,self-employed,divorced,high.school,no,unknown,no,cellular,may,fri,3709,14,27,3,failure,-2.496487178686517,93.09566493161697,-33.79680615264881,1.392806711960235,5062.541627032687,yes
29,services,married,university.degree,yes,no,unknown,cellular,may,thu,1927,7,16,5,failure,1.3612721436949358,93.1290456002468,-27.73685586103765,2.138824236706052,5026.351477830525,yes
41,management,married,university.degree,yes,no,no,telephone,mar,fri,301,15,3,1,nonexistent,-0.21251539317964244,92.52976970375701,-42.836198213066616,1.1623089615515179,5203.261167328213,no
30,admin.,single,basic.4y,unknown,yes,yes,telephone,nov,mon,3431,5,3,4,nonexistent,-0.21210230329236224,93.16061583457278,-33.00937870829866,4.436958715436363,5197.952870205034,yes
57,admin.,divorced,basic.4y,yes,no,no,cellular,mar,tue,2285,9,18,2,nonexistent,-1.9750257299132576,94.0750551667046,-32.937062985177356,2.126275440600392,5123.5697980724135,yes
65,technician,single,high.school,unknown,yes,yes,cellular,apr,thu,646,28,29,2,nonexistent,-0.2781652019700047,92.90464381929539,-37.82941636993525,3.008029279019032,4967.853240271866,no
19,blue-collar,single,university.degree,no,no,no,telephone,mar,tue,662,13,23,3,nonexistent,0.5982850741423368,94.39983836884387,-31.360587196842385,0.8929676302645501,5213.969542077986,yes
71,self-employed,divorced,basic.4y,no,yes,unknown,telephone,mar,tue,2283,7,21,3,failure,0.5048120536522533,92.46516794774053,-37.98681913999283,1.835230273027238,5087.230540701303,yes
56,services,married,high.school,yes,unknown,yes,telephone,mar,mon,1759,4,22,3,success,1.0146801262178755,94.37057306436989,-35.862522879503196,1.5835827628217969,5092.924968509905,yes
29,management,married,high.school,yes,no,yes,cellular,jul,thu,2250,7,15,4,nonexistent,-2.6863450484524054,93.72414727735674,-30.790392345192366,4.502636886933974,5168.045535028542,yes
56,management,single,basic.4y,unknown,yes,no,cellular,sep,wed,255,1,24,2,nonexistent,-2.5224283318094134,93.18657649540555,-39.41725282006749,1.3920664748760554,5125.925459122053,no
68,management,divorced,university.degree,unknown,unknown,unknown,telephone,nov,fri,597,15,7,2,nonexistent,0.008809840586257563,92.0986628343518,-39.376865197700894,4.100319389252967,4995.7114257925305,no
31,admin.,married,basic.6y,no,unknown,unknown,cellular,jan,tue,661,15,18,1,failure,0.47714552524428816,92.35438979634142,-36.67416725011501,1.8437415866180173,4991.467975200423,no
47,services,married,high.school,no,no,yes,telephone,aug,tue,234,18,19,1,nonexistent,-0.16331167340190444,93.15992349187539,-31.57974892043877,1.5291201922927984,5030.290038566806,no
58,admin.,divorced,basic.6y,yes,yes,no,cellular,oct,mon,1368,15,999,0,nonexistent,-2.7142807679339076,94.45819861697723,-47.76025141621599,0.642503998631749,4982.2684302556945,no
67,technician,divorced,high.school,yes,yes,unknown,telephone,dec,mon,2581,3,29,4,failure,-0.544247704850611,94.67912821025496,-32.367913907822334,1.8828724027661035,5183.923059664856,yes
60,management,married,university.degree,unknown,yes,unknown,cellular,jan,mon,2907,5,3,3,nonexistent,0.19223092482398055,94.60309457272429,-43.755257320339055,0.9092683608388383,4974.036163867767,yes
65,services,single,basic.6y,yes,unknown,unknown,telephone,sep,thu,3868,28,11,1,success,-2.742493467141553,92.76743135894392,-49.10230544523345,2.1933796496288847,5213.8114780717215,yes
36,management,single,basic.4y,unknown,yes,no,cellular,aug,fri,3852,5,24,0,nonexistent,-3.131995697395272,92.71829992773196,-31.86700364542312,0.8327782283781112,4992.990761801024,yes
48,admin.,married,high.school,no,unknown,no,telephone,jun,thu,3537,16,20,0,nonexistent,-2.1769695365367334,94.07063841521739,-47.33107790004562,0.8825960200488477,5190.444364311097,yes
60,admin.,single,basic.4y,no,yes,yes,telephone,jun,mon,769,23,18,2,success,-2.964391321336676,94.63354800944896,-45.70302465397781,2.159995639035152,5026.350832284887,no
67,admin.,single,basic.4y,yes,unknown,no,telephone,nov,mon,2588,25,1,4,nonexistent,-2.687010980488336,92.3733691112622,-33.922589299361206,2.5712066689141633,5138.364345916928,yes
60,management,divorced,university.degree,unknown,no,unknown,telephone,oct,tue,212,10,5,4,nonexistent,-2.42380486063686,93.05723469033695,-37.30790691081568,2.0626147050426726,5054.089996996197,no
42,services,divorced,basic.4y,yes,unknown,yes,cellular,jul,thu,462,25,19,5,nonexistent,-0.852679318306088,94.34192179287675,-28.80013917890224,0.7042569706559983,4981.395450309514,yes
21,services,divorced,high.school,yes,yes,no,telephone,aug,thu,2483,22,21,3,nonexistent,-2.651878810026512,93.37756292965591,-27.991404700163187,1.3836118344588968,5156.797733499736,yes
67,technician,single,basic.4y,unknown,unknown,unknown,telephone,jul,fri,282,23,2,4,nonexistent,-0.4975255808642784,94.35861659010813,-43.296318014697306,4.731819214715178,5177.281186005682,no
68,management,divorced,basic.4y,yes,yes,unknown,telephone,jan,thu,3633,28,2,5,nonexistent,-2.0048305739525514,92.32690723632018,-43.051681134922205,3.1156290842450876,5042.616718266518,yes
30,technician,divorced,high.school,unknown,no,yes,cellular,oct,fri,3678,13,999,3,nonexistent,-1.9093362457611862,94.17568092215731,-45.787171757442756,4.357532621212532,5171.120845042613,yes
53,self-employed,married,basic.4y,unknown,unknown,yes,telephone,apr,wed,1486,15,8,4,nonexistent,1.2435129794526891,93.0908943158916,-38.42896421458597,0.8258498689259243,5084.606288925055,yes
79,technician,divorced,university.degree,yes,no,no,cellular,apr,fri,1430,8,6,2,failure,0.4647322442930404,93.94055196169104,-41.766095303212715,0.6333191256446946,5156.553480655942,no
59,technician,married,high.school,unknown,unknown,no,telephone,sep,mon,87,20,8,5,failure,-1.3641163024434726,92.82082798255414,-50.44979749727383,4.0397056979629165,5134.280278247629,no
78,technician,single,university.degree,no,unknown,yes,telephone,dec,wed,1067,7,26,0,nonexistent,-1.2522192083851569,93.9373180055006,-41.360568900426316,2.2917107672988326,5209.551150537233,no
71,admin.,divorced,basic.4y,no,no,yes,telephone,sep,tue,460,14,999,4,nonexistent,-2.848995290853406,93.9658921446868,-49.3253298222754,2.224231333840964,5050.354983597304,no
54,self-employed,married,basic.6y,no,no,unknown,telephone,mar,tue,2325,6,7,6,nonexistent,0.6537996498639207,93.17414392552196,-31.70284757845689,1.648161813516486,4992.706519426323,yes
20,technician,married,university.degree,no,unknown,no,cellular,nov,tue,3754,8,17,4,nonexistent,-3.380852799975738,94.71372319106447,-28.59945579896765,1.306394157901655,5172.099739493132,yes
33,services,married,university.degree,yes,unknown,unknown,cellular,sep,mon,2468,15,2,2,failure,-2.70649307962559,92.00136911010124,-43.729810317470886,4.245203129596699,5178.584036229013,yes
43,technician,single,basic.4y,no,unknown,yes,telephone,may,tue,1724,17,16,1,failure,-0.8364917266785161,93.88778075964846,-35.24795378746578,0.8701896802306572,4970.506274710931,yes
57,admin.,divorced,basic.6y,no,no,yes,telephone,nov,fri,1376,5,6,3,nonexistent,-2.4955440099192634,94.54441444257621,-48.684349018882216,2.7927640260245945,4996.9615714699075,no
73,blue-collar,single,high.school,no,yes,yes,telephone,jun,mon,2743,12,27,1,nonexistent,-0.36265534220596474,94.4009539147541,-42.111779598347646,2.185904591648583,5183.717637466373,yes
56,self-employed,married,basic.6y,no,no,no,cellular,jul,thu,514,13,10,0,nonexistent,-3.3825258366904007,93.58120955470503,-37.03567729263752,1.8118374896488014,5122.460149216226,no
36,blue-collar,single,high.school,yes,unknown,yes,telephone,mar,mon,702,3,4,1,nonexistent,-2.927622001215951,94.50810767979651,-48.31027397587668,3.9472706826033477,5083.372883352341,no
63,blue-collar,single,basic.4y,no,unknown,yes,cellular,apr,mon,1653,25,12,6,nonexistent,0.2704806981656759,92.30221103601733,-41.78635644186179,4.467392189257942,5182.263392503238,no
32,self-employed,married,basic.6y,unknown,no,no,cellular,may,thu,2066,25,10,6,success,-0.6326968819074343,93.52174385613603,-27.969735718885506,1.45795250982544,5028.668242913163,yes
49,management,divorced,basic.4y,unknown,unknown,yes,telephone,jan,fri,22,19,2,0,failure,-3.3066008411805385,94.74767011906442,-46.83062276818617,0.9388423110223081,5049.5303173394,no
66,services,divorced,university.degree,yes,unknown,no,cellular,aug,wed,2460,26,12,3,nonexistent,-2.41209180708147,94.77635952899303,-35.976513390908615,2.250232854229441,5168.195796752751,yes
38,admin.,single,basic.6y,yes,unknown,yes,telephone,nov,thu,1053,28,19,2,nonexistent,-2.252975999198325,93.90164527159564,-30.88298751965855,2.536580246534515,5119.928150829001,no
18,self-employed,divorced,high.school,yes,unknown,no,cellular,jul,mon,1830,15,27,6,success,0.6754907452997295,92.46942470928909,-32.369016187820385,0.8337898510486044,5018.726735325065,yes
23,blue-collar,married,university.degree,no,unknown,no,telephone,nov,tue,2155,18,27,6,nonexistent,-0.6038199679284331,92.31618892097988,-32.36397208920124,2.6681555861723236,5200.0581689815335,yes
44,admin.,divorced,high.school,yes,yes,no,telephone,dec,thu,3438,21,25,0,nonexistent,-0.8011611661083355,94.5828470815034,-49.38696855010133,4.7850404998575184,5226.604117097672,yes
40,admin.,single,university.degree,no,no,no,telephone,feb,thu,1304,20,5,3,nonexistent,-2.983839814511603,94.4658437171729,-27.53091722073212,2.2967706619604558,5001.8340646987845,yes
64,management,married,high.school,yes,no,unknown,telephone,jul,wed,3199,7,21,5,failure,-0.2466652962587409,92.88312288888993,-33.42124734922567,4.56004510851245,5042.029052673871,yes
48,blue-collar,married,high.school,unknown,no,no,telephone,dec,mon,3300,28,14,2,nonexistent,-2.6517325509051872,94.60837204205959,-27.991251738806547,4.333732129064779,5161.832914449666,yes
29,technician,married,basic.4y,unknown,yes,no,telephone,sep,tue,1134,14,1,1,nonexistent,-0.8956414803621678,92.36547391319658,-27.395715051820417,2.5209204070489295,4996.254884453993,no
38,admin.,single,university.degree,no,yes,no,cellular,may,tue,2183,24,22,1,failure,-0.5553500168526683,92.82457555229003,-42.26763270222285,3.7086555828583965,5086.478482327356,yes
69,blue-collar,single,basic.4y,yes,no,no,cellular,nov,wed,361,20,27,0,failure,0.6410054071573934,93.80355383482676,-37.81316165675514,1.519859694272066,5021.374503013236,no
19,admin.,divorced,basic.4y,unknown,no,yes,cellular,jun,tue,3257,19,28,4,success,0.47094590532702507,92.47787565090701,-33.365780232558755,1.1944889883995524,5139.3303046860965,yes
22,management,single,basic.4y,no,no,yes,telephone,may,fri,3727,25,1,5,nonexistent,-2.487493059231599,94.76937827497346,-30.506897486532115,0.6093162861213502,5058.764368615901,yes
26,management,married,basic.4y,unknown,unknown,no,telephone,jan,thu,3655,24,24,4,nonexistent,0.9977203535007745,92.6231897046995,-27.59435551994231,0.9226301452480811,5187.939181048583,yes
37,technician,single,high.school,yes,yes,no,telephone,jun,thu,2176,11,13,5,failure,-3.38677824188228,92.68689772431445,-27.510500956802662,3.364632366313193,5084.812252917998,yes
63,management,single,basic.4y,no,yes,unknown,telephone,jul,tue,1899,27,1,2,failure,-1.8153970189205766,93.32887015561846,-42.96667971715886,4.495791317429652,5105.508152366355,yes
35,blue-collar,divorced,basic.4y,unknown,unknown,no,telephone,may,tue,1284,7,4,1,nonexistent,-3.0814409601951676,94.1797988207535,-34.53657248538351,4.9024948972440345,5198.739510329657,no
78,self-employed,married,basic.4y,yes,yes,no,telephone,mar,tue,514,11,15,3,nonexistent,0.06063170983827103,92.3373751862836,-47.288308774664785,2.722864701605246,5166.888254433077,no
39,management,divorced,high.school,no,no,no,cellular,jun,thu,448,8,7,5,failure,-0.9989204229542986,93.86884489794313,-31.428470627347025,1.2181695292413848,5177.539124680772,no
25,self-employed,divorced,university.degree,unknown,yes,yes,telephone,dec,tue,1923,24,7,2,failure,-2.560273135295004,92.27823990310686,-46.98792415470685,0.6006421333197193,4966.905034298117,yes
51,technician,divorced,high.school,unknown,unknown,no,telephone,dec,fri,3175,10,28,0,nonexistent,-2.9913720504085033,92.26521930113903,-29.51274046513712,4.933510887058341,5137.4736694508565,yes
26,services,married,high.school,no,no,no,telephone,nov,fri,1506,24,10,5,nonexistent,-2.3147957501078396,92.1159072695615,-27.39951121129255,4.19845525079131,5086.843407308304,yes
24,admin.,divorced,high.school,yes,yes,unknown,telephone,jul,thu,1247,11,12,0,nonexistent,1.01960694558248,93.52493222933315,-48.73627534247035,2.904148572363018,5197.33702620427,no
47,admin.,married,university.degree,no,no,yes,telephone,oct,mon,1855,1,14,2,nonexistent,-0.14725725512219337,93.22071342898782,-38.55461788056427,1.680630571851148,4973.720952348069,no
78,blue-collar,divorced,basic.4y,unknown,yes,unknown,cellular,oct,mon,873,20,3,3,nonexistent,-2.2372447232282355,92.86059589286526,-44.47291163032539,2.877948870382558,5187.03380647389,no
35,technician,divorced,basic.4y,unknown,no,no,telephone,dec,mon,3937,10,22,1,nonexistent,0.8899741688400163,93.47591178205539,-39.56618041017561,4.289605380322018,4999.439410977348,yes
44,technician,married,university.degree,unknown,unknown,unknown,telephone,sep,fri,3562,7,7,1,nonexistent,-2.7448255743353025,93.40517657611537,-43.778784877316426,3.0463422058122314,5120.14360048549,yes
33,technician,single,university.degree,yes,unknown,no,cellular,jul,wed,2520,22,15,3,nonexistent,-0.09547873305533056,93.32686787300212,-49.2310331609429,4.980243774641904,5155.767411662362,yes
38,admin.,divorced,basic.6y,unknown,yes,no,cellular,mar,mon,3081,3,15,1,nonexistent,-1.3607418064510366,92.48286423740244,-41.38031871363992,1.0695929459246323,5015.851207372819,yes
22,management,single,basic.4y,unknown,yes,yes,telephone,jan,wed,1428,19,23,5,failure,-2.1120825147296296,94.51146155905612,-45.91078341710175,4.923122139468589,5007.690037976036,no
72,admin.,divorced,high.school,no,no,unknown,cellular,jul,thu,3967,28,20,4,nonexistent,-2.140924314647279,93.73606902473898,-37.67197669071543,3.1724402269388254,5144.065095796704,yes
46,admin.,single,high.school,unknown,unknown,no,cellular,dec,fri,2349,4,9,4,nonexistent,-0.9961439376873003,92.35641601174551,-34.53469855524214,3.0989717749538723,5007.830001596706,yes
64,admin.,single,basic.4y,no,no,unknown,telephone,aug,mon,2278,26,1,3,failure,1.0711682675308196,92.71529534033192,-41.11315933918757,2.1802526195514367,5099.297928212264,yes
54,management,single,university.degree,unknown,unknown,yes,cellular,nov,fri,1754,6,17,6,nonexistent,0.1631562516909449,94.14083882667556,-45.933004669188406,0.7799813915189546,5033.0366500435575,yes
60,services,single,basic.6y,no,no,no,telephone,jan,thu,922,1,20,4,success,-0.2218299393784939,94.17395214534095,-46.21825289765011,3.945954222637741,4971.974924150899,yes
79,blue-collar,single,high.school,no,no,yes,cellular,may,fri,3137,26,15,5,failure,0.8025002115126573,94.03207117403888,-50.742948184297354,1.8138124810410936,4981.350401832022,yes
39,services,married,basic.6y,no,no,unknown,telephone,dec,tue,2984,4,3,2,nonexistent,-0.6623877096833134,94.21330554240318,-34.012997467779826,2.140174964569222,4998.358154513193,yes
31,services,single,high.school,no,yes,unknown,telephone,dec,mon,2159,25,29,1,success,-2.4787082282025783,93.67496685157425,-44.75028556344291,2.9483033670132834,5107.820474890444,yes
74,admin.,married,high.school,yes,unknown,unknown,cellular,aug,fri,1036,7,19,5,nonexistent,1.2904006424540144,92.8085582874045,-27.59931864493398,0.8506334328370406,5019.523346526383,yes
36,services,divorced,basic.4y,unknown,yes,no,cellular,oct,fri,1416,11,18,2,nonexistent,-0.8332287680644754,93.00145709892901,-32.945333704650714,0.6474784098754813,5188.29092339254,no
52,admin.,married,high.school,yes,yes,no,telephone,jul,fri,2547,6,24,3,nonexistent,-1.8865937782963955,93.42698776548372,-43.7404547293072,1.0617349648994974,4970.7966061101515,yes
41,admin.,single,basic.6y,unknown,no,no,telephone,feb,thu,2979,27,7,5,nonexistent,0.3352190349730639,92.68886419562132,-47.001196709036236,3.8355376722209216,5138.034062543083,yes
59,blue-collar,married,basic.6y,no,unknown,yes,cellular,apr,mon,2645,5,19,5,success,-1.1728209249058679,94.38927842252575,-35.87818104199038,1.4383842642451745,4987.27537092682,yes
77,technician,single,basic.4y,unknown,yes,unknown,telephone,jun,mon,2281,12,22,6,nonexistent,-3.3401838492116656,94.0914741156676,-30.137072583551856,2.8628086891372133,5199.101970719707,yes
23,admin.,married,high.school,no,no,unknown,cellular,jul,tue,2649,29,7,4,nonexistent,-1.8642576391188963,94.74401710743011,-36.83468574390025,1.4179696839529579,4974.488514843028,yes
77,services,divorced,basic.6y,unknown,unknown,unknown,cellular,jul,tue,313,2,13,2,nonexistent,-1.2054691716254866,93.1627204270489,-50.53771770372135,1.8528564252162698,5001.431066943432,no
75,blue-collar,single,university.degree,no,unknown,yes,cellular,mar,fri,2613,18,15,2,nonexistent,-1.6114219355123074,94.43814336895562,-32.00750973294132,0.7668436259305713,5037.04642739514,yes
20,self-employed,single,basic.4y,unknown,yes,no,telephone,dec,mon,3083,22,5,6,nonexistent,-0.7516234153195975,94.18155194155952,-27.75507408281834,2.2124358381062508,4990.209380219178,yes
51,self-employed,married,university.degree,unknown,no,yes,telephone,aug,mon,2256,9,17,0,nonexistent,-2.51987353166142,94.32942656288385,-49.665418362879755,1.1999929975226946,5204.697563151319,yes
62,self-employed,married,basic.6y,unknown,yes,unknown,cellular,jul,fri,1997,14,7,2,failure,-0.6523077069311464,93.92681574307151,-31.461783588392915,3.0557400897537224,4998.613357018996,no
67,services,married,university.degree,no,unknown,unknown,cellular,apr,wed,1037,12,18,4,nonexistent,1.3353117968978039,92.97729771686942,-33.61601395040076,4.279303240932712,4985.552216652191,no
19,technician,married,basic.4y,unknown,yes,yes,telephone,oct,mon,1656,9,29,1,failure,0.21829772025417954,92.6829845054567,-41.29984200676458,4.464828990886894,4979.426298932284,yes
32,management,married,university.degree,no,no,no,telephone,apr,fri,3489,1,3,6,nonexistent,-0.11416344462304287,92.76247435048802,-35.645698317801205,4.706812816460782,5176.788793794181,yes
54,technician,single,basic.6y,yes,unknown,no,telephone,apr,fri,3508,7,3,1,failure,-2.437071725927128,93.58755950816138,-47.00455513897924,1.145141655559284,5135.492214582577,yes
32,blue-collar,divorced,university.degree,unknown,no,unknown,cellular,may,wed,3448,7,6,1,failure,-0.6074850825636119,94.46303186447938,-33.58972857915841,2.872391450318323,5163.801483074289,yes
77,technician,married,university.degree,no,no,yes,cellular,nov,tue,3091,10,7,4,nonexistent,0.5344407472641499,93.25742923328897,-36.90832706754614,1.1049452518956009,5150.05739958949,yes
49,self-employed,single,university.degree,no,unknown,no,telephone,feb,fri,2634,2,8,1,nonexistent,-2.2449354798864505,93.67677762491456,-48.73065118164699,1.9484207120931731,5219.616196924658,yes
38,technician,divorced,high.school,no,no,yes,cellular,sep,mon,3983,28,999,5,failure,-2.9834326045166146,94.05464264777967,-30.04909877667003,1.6178307681065913,5166.861563874744,yes
34,blue-collar,divorced,basic.6y,yes,no,unknown,cellular,jun,tue,1778,26,16,6,nonexistent,-0.22352942263072076,94.39474320510558,-47.732151328383786,0.6547963072067813,5064.785350001054,yes
51,blue-collar,married,university.degree,no,no,unknown,telephone,dec,tue,3806,4,27,5,success,-0.16677687481693726,93.81575753169727,-40.32454270551907,4.700048925139471,5040.2478561903745,yes
49,self-employed,single,basic.6y,yes,unknown,unknown,cellular,aug,tue,1014,29,29,6,nonexistent,0.4610676174020964,93.76205764736919,-47.664953472816734,4.039495566476781,5040.832213200018,no
67,services,single,university.degree,yes,no,unknown,telephone,nov,fri,1093,8,6,1,nonexistent,-0.37808917888057325,94.76525878002738,-35.35769292376555,2.8835578649963773,5046.312366748256,no
64,admin.,single,basic.4y,no,yes,no,telephone,jan,mon,3895,22,19,3,nonexistent,0.6707319485632751,94.41476421683306,-33.165259286574575,2.117444102643611,5012.89633853469,yes
69,management,single,basic.4y,unknown,yes,unknown,telephone,jun,wed,3282,27,9,3,success,-2.1227347458724033,94.05356967413672,-28.161144918220028,2.4110203075232945,5067.585432873352,yes
40,management,single,basic.4y,yes,no,no,telephone,jun,thu,1124,14,23,0,nonexistent,-3.2306416523226535,94.32943806978648,-44.76276515559986,1.5028376880930772,4992.713528346329,no
52,self-employed,divorced,university.degree,no,yes,no,cellular,aug,thu,697,13,20,5,failure,0.11739487765189992,94.7997061155677,-42.04549496466949,4.860081947553599,5042.193415858627,yes
54,management,divorced,basic.6y,yes,yes,yes,telephone,jan,tue,2179,16,999,0,failure,-1.5474901697734251,93.41601431437672,-41.55743846433802,1.8561082488676308,5009.927599008599,yes
60,technician,divorced,basic.4y,no,unknown,unknown,telephone,may,thu,3694,7,17,2,nonexistent,-2.3937769057659755,93.97549247469834,-48.48167501492728,0.9286995772466156,5206.841337348728,yes
58,blue-collar,single,high.school,no,no,no,telephone,mar,thu,1404,10,25,2,nonexistent,-3.152137002201939,94.27755124407912,-31.491021922193557,3.083593112163228,5085.600017027648,yes
54,blue-collar,divorced,basic.4y,yes,unknown,yes,cellular,jun,fri,1155,11,13,5,failure,0.2258054787657723,93.24373459202243,-48.823264489064535,3.8946693361863587,5181.178607758876,no
74,self-employed,divorced,basic.4y,no,no,yes,cellular,sep,wed,1043,11,18,5,nonexistent,0.5663513082267068,94.67382380092316,-42.708784386806116,4.874101411855218,5119.245869329031,yes
50,blue-collar,married,high.school,yes,yes,unknown,cellular,oct,thu,1929,6,17,6,failure,-1.5326902440208552,93.07020796557352,-46.249823302764845,3.334615551275008,5121.912753570856,yes
42,admin.,divorced,basic.4y,no,unknown,unknown,cellular,mar,wed,2583,25,24,2,nonexistent,0.8484466778795151,92.6806000648459,-34.92132517582826,1.4113890650490317,4964.447755993256,yes
63,blue-collar,married,university.degree,unknown,unknown,yes,telephone,sep,thu,1013,27,12,6,nonexistent,-1.405328327875259,93.89585623929068,-29.15687616210552,2.3208265253890055,4966.974063243007,no
54,blue-collar,single,university.degree,unknown,yes,no,cellular,dec,tue,226,12,6,0,failure,1.1674305378407177,92.2260938758687,-32.959019117025115,1.9932849311644785,5037.3320937865865,no
57,technician,single,basic.4y,yes,yes,unknown,cellular,sep,tue,3225,10,1,1,nonexistent,1.3194024452471738,92.35459905427452,-32.28900910465903,0.6859352792098093,4979.226802921584,yes
38,services,single,basic.6y,yes,no,yes,cellular,jan,wed,1828,26,6,6,nonexistent,0.524606726528034,94.71734901012475,-48.923783386890506,2.3255771953346778,5036.921012702779,yes
63,management,single,basic.6y,yes,no,yes,telephone,feb,wed,3813,9,27,2,nonexistent,-2.1700823708960826,92.78862192089358,-33.138831076467085,4.118327722239221,5127.065906125245,yes
77,technician,divorced,basic.4y,yes,yes,no,telephone,nov,wed,1492,22,27,1,nonexistent,-1.641641902218086,92.09281279924988,-49.30551998455071,2.383404478890346,5151.170647497475,yes
65,technician,married,high.school,unknown,yes,no,telephone,apr,wed,821,6,9,1,nonexistent,-0.8432557212828925,93.32900185182167,-39.22745713016752,4.347832260139805,5125.549752780137,no
55,technician,single,university.degree,yes,unknown,yes,telephone,nov,mon,2023,9,16,0,failure,-1.8223335955851734,94.42856390065502,-34.262524033502714,3.8688699771678,5110.241319220711,yes
57,management,single,university.degree,no,unknown,no,cellular,nov,tue,870,26,29,6,nonexistent,0.5308630247534659,92.93328428773887,-44.71184062413366,3.765154282350214,4985.097258344782,yes
51,self-employed,married,university.degree,no,no,unknown,cellular,dec,thu,2452,25,29,3,nonexistent,1.052231169992416,93.17410656883261,-34.48662051010085,2.276610465619509,4997.533297093535,yes
36,technician,married,basic.4y,yes,unknown,yes,cellular,jul,mon,2249,3,20,5,nonexistent,1.3317810172411138,92.4391764188291,-29.75531575243541,0.8347654235686242,4974.453495974549,yes
44,services,married,university.degree,no,yes,no,cellular,dec,wed,2085,7,4,3,nonexistent,-1.7857704993949863,92.96905991746745,-29.816623504994265,4.482729839917151,5178.48799417937,no
26,self-employed,married,basic.4y,yes,yes,no,cellular,feb,thu,2989,3,8,4,nonexistent,-2.1028284617306965,94.70315669580397,-46.20871855397009,3.408465883131701,5049.184410528664,yes
22,blue-collar,married,basic.4y,no,yes,no,telephone,jul,tue,1795,20,3,3,success,-2.6268741694020297,94.45619272906413,-44.23907881585038,0.9982843199685224,5070.01705424397,yes
22,services,divorced,basic.6y,no,yes,no,cellular,may,wed,187,25,19,2,failure,-3.172179851351044,94.07158210348425,-34.88169791314583,0.9588742900880655,5128.692816968854,no
42,self-employed,married,high.school,yes,no,yes,telephone,oct,fri,1080,26,21,0,nonexistent,-2.5503290482640315,94.20141090166997,-30.69255707666061,3.302808306874806,5219.8759800273765,no
43,blue-collar,divorced,high.school,yes,yes,no,telephone,jul,wed,940,8,14,1,nonexistent,-2.0343602281136013,93.8741736859789,-39.92027325144596,2.4577257189668615,5126.293431533243,no
36,blue-collar,married,high.school,unknown,yes,unknown,telephone,dec,thu,3091,22,13,0,nonexistent,-1.5229002603561208,92.33026678920193,-28.759420186969535,1.4391566439650545,4994.633336134423,yes
47,technician,married,university.degree,yes,yes,unknown,cellular,sep,tue,2320,22,26,6,nonexistent,-2.873387874036335,92.32884819849316,-37.06671233863618,1.6534997914719949,5202.333315097433,yes
53,technician,single,basic.6y,unknown,yes,yes,cellular,sep,wed,3190,8,17,5,nonexistent,0.5371268798030298,93.50412321977524,-44.539453357070755,2.297228325819034,5024.33977037204,yes
65,management,single,basic.6y,yes,no,yes,telephone,mar,tue,2630,13,29,6,nonexistent,-0.4286168065185276,93.66726255684867,-50.32281368162778,3.9009230230588217,5172.723362222035,yes
65,admin.,single,basic.4y,no,no,unknown,cellular,mar,mon,2563,2,9,4,nonexistent,-0.6993544851346059,94.72110159730451,-31.504124803175717,1.466671683452364,5161.344926338757,yes
33,services,single,basic.6y,unknown,unknown,unknown,cellular,jul,fri,3292,14,15,4,nonexistent,-0.7826770883144031,93.26329254687826,-48.58198086697823,3.690081175124812,5073.386605583653,yes
24,management,single,basic.4y,no,no,yes,cellular,may,mon,525,5,21,4,nonexistent,-2.0081977085632037,94.5689374213984,-48.92521277625764,1.3877735980211738,5101.720047533004,no
35,management,single,basic.6y,yes,no,unknown,cellular,may,fri,3586,13,22,1,success,1.100205968881447,94.77293916553016,-32.226513899058396,3.960421829449985,5024.069066066638,yes
73,services,married,basic.4y,yes,no,unknown,telephone,may,mon,3799,23,19,4,nonexistent,-2.2876754338314655,94.36460345888574,-50.043571223416045,4.561115631318168,5149.435445162893,yes
38,self-employed,married,university.degree,yes,unknown,yes,cellular,sep,tue,3812,28,9,5,nonexistent,-0.19034782512732085,93.11714539218337,-30.658034041929074,2.5482620782468537,5222.6160180444085,yes
48,services,single,basic.6y,yes,yes,yes,cellular,apr,tue,335,13,8,4,nonexistent,-2.1850847758336776,94.10962640670944,-36.49048129323092,3.4218271367361286,5076.5874726711245,yes
18,blue-collar,single,high.school,unknown,unknown,no,cellular,jun,mon,2745,19,15,4,nonexistent,1.3501744543597471,93.5272930767096,-35.586566106649315,1.7719520839002796,5227.548944961741,yes
20,admin.,single,basic.4y,unknown,yes,no,telephone,jun,thu,1078,24,4,5,failure,0.9759843580639339,92.55668746979545,-28.380579340123024,4.681610955917751,5030.359128805692,yes
48,self-employed,married,basic.6y,yes,no,unknown,telephone,jul,mon,2547,3,29,5,nonexistent,-2.1301285140429504,92.36316461437403,-30.086075507269953,2.473849789992504,4995.500756535457,yes
42,technician,single,basic.6y,no,yes,yes,cellular,feb,wed,2947,14,18,1,nonexistent,1.3398580499638768,92.19623202642259,-48.983709915930675,2.7854706067550654,5227.700394053305,yes
70,admin.,single,basic.4y,unknown,unknown,no,cellular,jun,thu,3959,4,24,6,nonexistent,-0.39539486799019863,92.91401283379194,-30.413645144462667,1.7504606916942334,5063.07198830749,yes
25,admin.,married,basic.6y,no,yes,unknown,cellular,sep,tue,2813,26,999,4,failure,0.09705911065674892,93.92853041450937,-34.855233721411416,1.453655775276506,5190.900661262781,yes
18,technician,married,high.school,yes,yes,unknown,cellular,mar,mon,2583,10,23,2,nonexistent,-2.0420034085554866,94.5587974831619,-43.22911864473483,1.6006794842289365,4971.405166843666,yes
79,admin.,divorced,basic.4y,unknown,no,unknown,telephone,feb,thu,161,6,999,0,nonexistent,-2.363349297006098,92.89722512475738,-30.404677637857514,2.6936517499241046,5129.731465017285,no
24,self-employed,single,basic.4y,unknown,yes,unknown,telephone,aug,wed,3741,6,25,4,nonexistent,0.7187314482517821,93.48686005220038,-50.24315912830395,1.2054808284773593,4964.476659698644,yes
24,self-employed,married,basic.4y,unknown,yes,yes,telephone,jan,fri,593,2,23,4,nonexistent,-2.0790803728882747,93.31267286378075,-30.782702433954043,2.3066710881783874,5097.041177953654,no
25,self-employed,divorced,basic.4y,no,no,unknown,telephone,nov,tue,1938,2,4,0,nonexistent,1.0041410565686195,92.30453686887896,-35.9774370660269,2.2809522450481223,5158.420010165626,yes
36,management,married,basic.4y,yes,unknown,no,telephone,aug,thu,2206,19,6,6,nonexistent,-1.6401011238966252,94.12878085886736,-44.5580894674848,2.5058645090027127,5127.947328352025,yes
34,management,divorced,high.school,yes,no,yes,telephone,may,thu,3259,3,23,4,nonexistent,-3.3560926193172294,93.454240845055,-50.657625460485065,2.4567985274530173,5129.609483015296,yes
28,self-employed,divorced,basic.4y,unknown,yes,unknown,cellular,sep,thu,59,20,14,6,failure,-0.5576175389389686,94.56846341164515,-38.340328198291104,1.8074482319941647,5049.986888774204,no
64,technician,single,high.school,unknown,no,no,telephone,sep,mon,2962,4,10,5,nonexistent,-1.7025932265259065,94.3392577858893,-40.70807262274292,2.21394061565167,5131.22284473223,yes
58,technician,single,high.school,yes,no,no,telephone,apr,tue,3888,4,11,6,nonexistent,1.2846732417400393,92.77916530800879,-30.185108316639063,4.57040299369265,5189.684750702034,yes
66,services,divorced,high.school,no,yes,yes,telephone,jan,tue,3390,26,16,4,nonexistent,-1.5437592749701796,92.87533429623338,-31.96882134072911,0.7648789461244386,5094.962128023899,yes
28,services,single,basic.4y,unknown,unknown,yes,cellular,may,mon,1901,26,16,2,success,-1.8905516087092578,93.50356095097666,-36.70717626641747,0.9862561304277131,5106.880667081893,yes
55,self-employed,married,high.school,no,no,yes,telephone,jul,mon,2258,11,22,6,nonexistent,-0.6813056159997549,92.35040881919974,-47.19470797236317,4.686917086921528,5185.35328879783,yes
58,admin.,married,basic.4y,no,unknown,no,telephone,sep,mon,405,3,16,5,failure,0.10346088530287427,92.7031336326407,-33.445636213314536,1.7924010899186211,4995.830035197203,no
79,admin.,divorced,high.school,yes,no,no,telephone,oct,wed,663,17,3,3,nonexistent,1.2392796358410565,94.29906039364609,-36.61242415871882,1.9383735058854352,5122.587478487768,no
67,technician,divorced,basic.4y,yes,yes,unknown,telephone,sep,thu,1132,9,21,1,nonexistent,-3.0658488957751637,92.42841174599691,-50.2612141207591,2.113964996538015,5089.086601935627,yes
69,admin.,married,basic.6y,no,yes,yes,cellular,sep,wed,1099,14,1,1,nonexistent,-1.386358625942135,93.52947651249791,-32.59281252594248,1.0548644757513481,5073.968267422694,yes
19,blue-collar,married,basic.6y,no,no,yes,cellular,jun,tue,541,2,9,0,nonexistent,-0.21434754559500038,93.10310359574683,-30.921879503948936,3.983521033444634,5071.421121728177,no
21,management,divorced,high.school,yes,no,yes,cellular,feb,mon,1337,14,4,2,success,-3.3761492951666185,92.56260649224387,-32.28959123304479,1.317940535392313,5130.990639642198,yes
67,admin.,married,university.degree,unknown,no,yes,telephone,may,thu,997,3,9,6,success,-1.0526422858568687,94.71536635470305,-46.58569987726512,3.687719968808335,5201.010998952303,yes
45,admin.,married,university.degree,no,yes,no,cellular,mar,fri,1140,2,9,1,nonexistent,0.47135215880790854,94.3103456688251,-38.79023659739948,1.6230328864055243,5135.540777948182,yes
50,services,divorced,basic.6y,unknown,no,yes,cellular,dec,thu,2974,22,26,0,nonexistent,-3.1558160825352233,92.7467139493537,-38.1979692327854,3.6012793109955177,5033.525795393492,yes
28,blue-collar,single,high.school,no,yes,no,cellular,jun,fri,867,22,10,0,success,-1.765374979439787,94.19879075564856,-28.46892878885454,4.876241000185043,5000.049186472616,no
20,admin.,married,high.school,yes,no,no,cellular,nov,thu,3775,29,9,0,nonexistent,-1.4755920645486573,92.01796969176597,-28.678067373359035,2.842669224198905,5222.345775437899,yes
57,management,single,high.school,unknown,yes,yes,cellular,may,mon,2066,1,10,1,nonexistent,0.038166948052870846,92.777184198485,-49.311521402511595,2.00321563365514,5044.048774085492,yes
22,admin.,single,university.degree,yes,no,no,telephone,oct,fri,431,4,5,3,nonexistent,-1.9805489444080275,92.3023946000255,-26.91918656132468,2.263089785657149,5086.90612594477,no
69,technician,married,basic.6y,no,unknown,no,telephone,nov,fri,3756,10,20,0,nonexistent,-2.2179147414591966,93.18742929884868,-31.99810933356877,2.289265559535351,4968.187436234224,yes
38,blue-collar,single,high.school,yes,unknown,yes,telephone,jan,tue,739,15,9,4,nonexistent,-2.845581366173285,93.78615607391559,-41.82479419470693,1.151462642769879,5178.154065504591,no
39,admin.,divorced,basic.6y,unknown,yes,yes,telephone,oct,thu,1373,21,7,3,nonexistent,1.3802217408809108,92.47967054269618,-33.035548166449956,4.202698456940062,5173.375785153029,yes
71,blue-collar,married,basic.6y,yes,no,unknown,telephone,oct,wed,182,12,10,3,nonexistent,-1.136002293221732,92.66940652965793,-41.7980628189828,2.268619011205437,5147.344739688155,no
54,admin.,married,basic.4y,unknown,unknown,no,telephone,dec,wed,2160,6,19,4,nonexistent,-3.1685835581846344,93.0995711635324,-28.422926264409245,3.7587332431417453,5057.779092852751,yes
77,management,single,university.degree,yes,no,no,cellular,feb,tue,1206,21,23,1,nonexistent,-3.032641859615056,93.76617255747274,-41.76309500203053,1.7896708089975282,5062.425255429347,no
28,management,married,basic.6y,yes,no,unknown,cellular,nov,tue,2528,3,26,1,nonexistent,-2.78582017287367,92.8700337833492,-32.49025025896017,2.1681728883346794,5094.7943710971385,yes
61,blue-collar,married,basic.4y,unknown,no,unknown,telephone,may,tue,1169,3,18,6,failure,-2.383626714254778,93.68420798417199,-47.0889459897565,4.502379292476183,5069.929364686102,no
39,self-employed,single,university.degree,unknown,unknown,yes,telephone,dec,mon,830,19,6,2,nonexistent,0.15404120987747655,92.97790037412575,-30.429609196200474,2.469795804526584,5008.152653909413,no
58,services,single,high.school,unknown,yes,unknown,telephone,jun,mon,1651,22,27,6,nonexistent,-0.7182965952145054,92.72201118628112,-35.97139141346985,2.1540095150066523,5024.7066466288015,yes
70,services,married,high.school,no,unknown,yes,telephone,jan,mon,1136,20,20,1,success,0.32796520795443623,94.39413964991893,-31.49834575963254,1.9801035035126482,5051.103546815232,no
30,technician,married,basic.4y,yes,yes,yes,cellular,jul,mon,2810,4,11,2,success,-3.304872523078904,93.07232998224585,-40.81077056203369,4.528917618829873,4968.861039478972,yes
71,self-employed,divorced,high.school,unknown,unknown,yes,cellular,mar,tue,475,19,20,0,nonexistent,-2.127443306897026,94.57144791321531,-42.523070788437465,2.4604974006138036,5053.860762498121,no
69,services,divorced,basic.4y,no,no,no,telephone,jan,tue,2810,14,5,1,nonexistent,-1.4534769943883847,92.8556090139981,-38.07033317212692,4.459398644770333,5180.776705093916,yes
78,blue-collar,married,basic.4y,no,no,no,telephone,jul,mon,1326,4,11,1,failure,-1.3407340831310468,93.52004205530139,-41.522285699838456,1.9212709208769627,5087.716595577345,no
20,services,married,high.school,unknown,no,yes,telephone,jul,mon,970,8,4,6,failure,-3.1429114372079243,92.1500692429429,-38.51187126039788,4.904535929098222,5012.697387176853,no
30,technician,divorced,university.degree,unknown,unknown,unknown,telephone,oct,fri,3896,19,12,4,success,-0.9447024532965596,93.90476465002028,-40.507546813833166,2.812319462804619,5147.367768881811,yes
45,admin.,single,basic.4y,unknown,unknown,no,telephone,mar,thu,1019,26,16,0,failure,-2.0242070011672095,94.22732358225329,-46.10022274009738,1.324333374910728,4969.324463533104,yes
71,services,married,university.degree,no,yes,no,telephone,jun,fri,1141,19,8,5,nonexistent,-2.48092918167194,94.71995825088649,-27.45856807234943,2.4659093949766717,5004.483792479137,yes
28,blue-collar,divorced,university.degree,no,unknown,unknown,cellular,apr,thu,1836,22,26,5,nonexistent,-0.17842461063889792,94.34251193225047,-50.41556036848933,3.59977775956154,5117.575671525265,yes
28,blue-collar,divorced,basic.4y,yes,yes,no,cellular,apr,mon,160,1,19,2,nonexistent,-2.9975222526640697,92.87505542717243,-28.677026825904022,4.506454243577436,5141.449909094677,no
38,technician,married,university.degree,no,unknown,unknown,cellular,sep,mon,2448,26,20,0,nonexistent,0.7616365202071191,93.55848760860907,-31.02528424384433,1.1591770140553554,5041.557778120016,yes
69,technician,married,basic.4y,unknown,no,unknown,cellular,jul,mon,197,22,16,5,nonexistent,0.9191616508497027,93.65724686210088,-40.74040757084973,3.057154805298087,5037.126244018086,no
38,management,divorced,high.school,yes,unknown,no,telephone,jun,fri,1283,15,18,3,nonexistent,-1.8374249350551175,92.15900021275706,-43.10188151369804,2.9436489030020865,4969.061488778325,yes
24,management,married,high.school,yes,no,unknown,cellular,dec,tue,659,11,18,4,nonexistent,1.3371182540506281,92.20343943771097,-46.86399419832757,2.044821969385449,5038.968287784127,yes
34,management,single,high.school,yes,unknown,unknown,cellular,sep,thu,1775,9,7,3,failure,-1.4739200914625559,92.91225856369242,-47.61987118426543,2.39775352202225,5217.337915257028,no
65,admin.,married,high.school,yes,yes,yes,telephone,mar,fri,1070,3,26,5,nonexistent,1.2191134764946445,94.08438724266492,-37.63304430129938,1.940274006572965,5068.625155480512,no
31,blue-collar,divorced,high.school,unknown,unknown,yes,cellular,dec,mon,2010,18,7,2,nonexistent,1.337016507147698,92.79949425267739,-48.28030178522352,1.93055054753452,5050.310053947121,yes
50,management,divorced,university.degree,yes,no,no,cellular,apr,tue,398,19,24,1,nonexistent,0.5691690469567763,94.44755064727885,-39.41233450213173,2.9468465655117684,5129.3320507851495,yes
28,blue-collar,married,university.degree,unknown,unknown,unknown,cellular,sep,fri,1733,16,29,1,nonexistent,-2.8008124901791267,93.80597366051093,-31.32842193531211,0.8642255023566664,5225.215242648134,yes
30,technician,divorced,university.degree,no,yes,no,telephone,apr,thu,1582,16,25,1,failure,-0.5947874648760888,93.31078652402421,-32.70726312069149,2.7178132041023266,5079.37623786359,yes
18,admin.,single,basic.6y,unknown,yes,no,telephone,jul,mon,2125,28,14,2,nonexistent,0.11321660122950515,93.51356436175335,-47.632965918416,2.026930776877664,4988.712188988613,yes
51,technician,married,basic.6y,yes,yes,yes,telephone,sep,thu,2171,3,6,3,success,-3.0281703177191024,92.92800123716363,-27.8302825465472,2.643262388546458,5153.361470119839,yes
26,blue-collar,married,basic.4y,no,yes,unknown,telephone,apr,mon,74,18,5,2,nonexistent,0.8894810068690052,94.72696387090265,-43.960539675173436,4.889929811227432,5200.969241252787,no
30,self-employed,divorced,basic.6y,no,unknown,no,cellular,sep,mon,3942,13,29,2,nonexistent,0.6886621862909516,92.49267677558157,-33.93399472839644,3.861543301660837,5143.558905578542,yes
54,self-employed,single,high.school,no,yes,no,telephone,jul,wed,2184,27,15,3,nonexistent,1.0825108087748376,94.4091110982118,-43.61813105029591,4.390515888373396,5095.128679333658,yes
47,management,married,high.school,yes,unknown,yes,telephone,apr,thu,601,20,7,5,nonexistent,-0.9313787640803903,93.8988219871535,-36.0435148321804,2.2345121069088054,5028.784928241256,no
58,self-employed,divorced,high.school,unknown,unknown,yes,telephone,mar,tue,3471,8,2,1,failure,-1.8433377898223757,93.99237259720253,-37.11752108065698,3.705647862664193,5081.564803272938,yes
62,technician,married,basic.4y,unknown,unknown,yes,cellular,jun,mon,836,7,9,4,nonexistent,-0.9695447955260954,94.34027035460021,-46.53824800573432,2.637857013945787,5075.282621047486,yes
54,self-employed,single,basic.4y,yes,yes,no,cellular,mar,tue,1528,26,25,2,failure,0.10090512382832943,92.38142491501114,-35.20384114468226,3.227243961850021,5218.228249595833,yes
64,services,divorced,basic.4y,yes,yes,unknown,cellular,jul,fri,499,25,9,2,nonexistent,-1.4022151299189574,93.94645023943613,-43.00845473044723,2.527092630795048,4973.372389915609,no
79,admin.,married,basic.4y,no,unknown,yes,cellular,jan,mon,1596,24,23,3,failure,-1.711538693525741,94.17355656369678,-36.19350316339335,1.1795204700257718,5060.052401593163,yes
24,blue-collar,divorced,university.degree,unknown,unknown,yes,telephone,jul,mon,137,29,18,5,nonexistent,-3.0301325389607663,94.75691823897975,-37.86108443811717,4.768314620376276,5045.873390927027,no
31,management,divorced,basic.4y,yes,unknown,unknown,cellular,mar,mon,2097,23,28,6,failure,-1.2532648352602858,94.093165165954,-30.660605772169305,3.7080031568011194,5223.374827856667,yes
79,technician,single,basic.4y,yes,no,no,telephone,sep,tue,1794,22,1,4,nonexistent,-1.5141290583072606,94.66490901429387,-45.695147494415096,3.2426701677555942,4965.3116803124085,yes
65,admin.,single,basic.6y,unknown,no,no,cellular,jun,wed,972,19,8,6,nonexistent,-0.2161977269509505,94.37925399288731,-47.18124516039491,3.067458189765185,5040.9575733393085,no
23,management,married,university.degree,no,yes,unknown,telephone,jul,thu,1642,26,999,2,nonexistent,-1.2940240644376486,94.45190767773752,-30.367935365895427,3.780702617792584,5221.179360453218,yes
51,technician,divorced,high.school,no,no,yes,cellular,sep,mon,3696,20,9,6,success,-3.3806139906148984,94.5673785807053,-40.17535957570997,2.9432102123664827,5005.715339788498,yes
33,self-employed,divorced,basic.6y,no,unknown,unknown,cellular,jun,thu,1885,24,25,0,nonexistent,-1.0751017000931422,93.48724506369678,-32.11395035156817,1.5500308035901254,5172.370729623762,yes
68,blue-collar,divorced,basic.4y,unknown,unknown,no,cellular,oct,thu,2301,12,17,4,nonexistent,0.31383090538198954,93.99085571309092,-27.86621302103664,0.632166841059265,5112.7072740098165,yes
54,services,married,high.school,yes,yes,no,cellular,nov,thu,3701,18,22,2,failure,1.1374623795390528,92.34708518166963,-37.7905809329558,2.285567738398103,5203.223637254706,yes
53,services,single,high.school,yes,yes,yes,telephone,feb,tue,2028,15,999,4,nonexistent,-2.473812188488592,92.99805505459138,-43.61375631696666,3.079891934301303,5194.535502679764,yes
63,self-employed,single,high.school,yes,no,yes,cellular,jun,thu,2757,12,11,5,nonexistent,-1.3718276792663064,94.4623326738048,-31.817918940460657,2.2357145263854985,5116.013959603592,yes
76,blue-collar,divorced,basic.6y,yes,unknown,unknown,telephone,jun,fri,3920,6,4,6,nonexistent,0.6678117587819448,94.73750889392852,-28.550454043356385,2.946578714564087,5110.202495387302,yes
23,admin.,married,university.degree,unknown,yes,no,telephone,feb,tue,1900,29,27,0,nonexistent,-3.1943378955132187,92.3126745470495,-44.94093544920825,3.5254596051768745,5003.565540261494,no
25,blue-collar,divorced,university.degree,no,yes,no,cellular,jul,tue,2610,17,24,0,success,-1.7205024321677511,93.64116067676913,-34.34856136332455,4.163378345294557,4979.580857484007,yes
41,self-employed,single,high.school,no,no,unknown,cellular,dec,fri,2804,23,24,4,failure,-0.5628119975244141,94.05687439331925,-32.14403982887198,1.9140283657347592,5157.239900001327,yes
20,technician,divorced,basic.4y,no,yes,yes,cellular,sep,wed,3986,4,10,1,nonexistent,-1.755922937046191,93.44502299705951,-50.165158817579645,3.3859930623596073,5125.622403049679,yes
21,admin.,divorced,university.degree,no,no,no,cellular,oct,wed,1449,12,19,4,success,-1.0509458114468349,92.6522937192193,-36.64479058119108,4.523816373967723,5173.975948273858,yes
49,services,divorced,university.degree,yes,unknown,no,telephone,apr,mon,546,17,25,3,nonexistent,1.107716966620051,92.11681326723408,-35.667347584639295,1.2706965860789101,4968.415617463,no
18,self-employed,single,basic.4y,yes,no,yes,telephone,nov,wed,3373,21,13,1,nonexistent,-3.2851527978277155,94.66419259546576,-35.586662033789096,3.6381773302128706,5210.559314709726,yes
51,technician,married,basic.6y,unknown,yes,no,cellular,may,mon,921,5,14,5,nonexistent,-3.026009664039104,92.66312225513828,-48.78984187527719,4.62360696861496,4982.916775921252,no
62,self-employed,divorced,basic.6y,no,no,yes,telephone,jun,thu,580,29,1,0,nonexistent,-2.4545775812410215,92.83749522225114,-50.28165372950272,3.5538949998514884,5202.875623994234,no
26,management,single,basic.4y,yes,no,unknown,cellular,jan,mon,1372,6,24,1,nonexistent,-1.5524843406905824,93.79979858697881,-43.78072349765652,1.0073876894999165,5014.180159479327,yes
29,management,divorced,basic.6y,yes,unknown,yes,telephone,aug,wed,3903,15,26,0,success,-1.1402086016612663,93.20016144304732,-42.24780440319428,1.8457934130843707,5032.366151631964,yes
27,management,married,high.school,yes,no,yes,cellular,dec,mon,1956,28,3,0,failure,-3.223976883463057,93.18571146308216,-47.343491041613014,1.4337131543943036,5194.190427851099,yes
27,services,divorced,university.degree,no,yes,unknown,telephone,sep,tue,2003,8,18,0,nonexistent,0.836315208730724,92.23128903347285,-38.62088398105077,4.614383425538714,5083.00560189749,yes
67,blue-collar,married,basic.6y,yes,yes,no,cellular,jan,wed,2096,20,12,3,nonexistent,0.2412313410293938,94.77725574167667,-45.361654500262176,4.965007343390906,5147.27315311283,yes
61,admin.,single,high.school,no,unknown,no,cellular,apr,mon,2964,16,18,3,failure,-2.113550526490737,92.79632942700776,-42.732997759812456,2.504495726163839,5201.645016183943,yes
71,services,married,high.school,no,unknown,yes,cellular,jun,wed,3145,13,12,2,success,-2.167512475700547,92.30805250322975,-43.8015128720619,4.543261386208438,5040.727016016631,yes
79,technician,married,high.school,unknown,unknown,yes,cellular,oct,fri,703,28,22,5,failure,-3.2771898352313706,93.90839736830225,-32.34844825760559,1.1943158459740952,4999.509462196367,no
65,technician,single,high.school,unknown,yes,unknown,telephone,jan,wed,2308,23,11,3,nonexistent,-1.4841660991540628,94.10617709354146,-29.83790415072857,0.6151226106997212,5106.55162854236,yes
40,management,married,high.school,no,no,unknown,cellular,mar,fri,2403,27,1,5,failure,-2.1784944778936204,92.0709940863401,-43.666505041760225,3.1008174380962825,5066.294123912574,yes
23,admin.,married,basic.4y,no,yes,no,cellular,jul,mon,3653,15,4,0,nonexistent,-0.43158412555942277,92.75389408338003,-41.79808215460372,4.944494010928493,5174.871263201268,yes
41,management,single,university.degree,no,yes,no,telephone,aug,fri,1625,20,17,5,nonexistent,-0.7701613021639988,92.54422431476479,-31.314967604529034,3.074352559973127,4964.935440524977,yes
74,technician,married,university.degree,yes,unknown,unknown,telephone,aug,wed,3331,13,22,4,nonexistent,1.1942393571604442,94.20851319113464,-32.657518660489,4.914247693940417,5117.112037217115,yes
41,technician,married,basic.4y,yes,unknown,yes,cellular,may,tue,637,15,22,5,nonexistent,0.41717109627290666,92.51450973030661,-33.85983138744901,2.5832911649002805,5100.064572492337,no
38,blue-collar,divorced,basic.4y,yes,no,unknown,telephone,jan,fri,2790,2,18,1,nonexistent,-3.0118494215617355,92.6586472973052,-33.88220714972273,2.280981375749695,5188.3514351471185,yes
73,blue-collar,married,high.school,unknown,no,no,telephone,jan,wed,3366,24,2,4,nonexistent,-0.01942242375661806,94.76313315516444,-43.69742369510174,4.690146349588314,5116.101870556155,yes
59,blue-collar,married,basic.6y,no,no,yes,cellular,aug,tue,1009,21,23,0,nonexistent,-2.8858474344554774,93.96591075952607,-28.416959966829705,0.8147589976669294,5226.957287326458,no
48,management,married,university.degree,yes,no,unknown,cellular,may,thu,2978,26,22,4,failure,-1.8491787040523442,93.08544688379128,-31.46026094533793,2.037866227986784,4970.618103943329,yes
64,self-employed,single,basic.6y,yes,yes,no,cellular,nov,fri,640,20,3,1,nonexistent,-0.7359145047501686,94.11080540060577,-45.73483142934321,2.551389545496935,5096.795149199612,no
75,admin.,married,university.degree,unknown,no,yes,cellular,sep,fri,2839,28,17,2,nonexistent,-1.0205555568914229,93.30612777077825,-34.97457921431215,0.9825155047766921,5221.753296303469,yes
58,blue-collar,single,high.school,unknown,yes,yes,cellular,jan,mon,3384,18,11,2,nonexistent,-0.07199318719679568,92.59546854803851,-47.09805241897613,2.8752203405051917,5213.711822266926,yes
47,services,single,basic.6y,no,yes,yes,telephone,feb,thu,2659,7,28,5,success,0.48813608151682053,93.36632319629581,-36.99451698747378,2.251328959285402,5021.418653562272,yes
73,blue-collar,married,university.degree,no,no,yes,telephone,apr,mon,1861,21,2,5,nonexistent,0.5810501190557832,94.16166820112441,-43.890568512735356,2.522707403291757,5182.399884451722,yes
51,management,married,university.degree,yes,no,yes,cellular,oct,mon,2856,9,26,3,nonexistent,-3.119997944236842,92.49934464327755,-48.284614497953044,3.619852267119681,5176.620983802351,yes
35,admin.,married,high.school,yes,yes,unknown,cellular,nov,wed,1205,7,10,4,nonexistent,-0.32005285735857625,93.35949048911112,-36.384098441193544,0.909547382791781,5218.177888670337,no
29,blue-collar,married,basic.6y,yes,unknown,yes,cellular,jul,mon,685,9,13,3,failure,1.214614142884355,92.33409903035438,-29.665291256895145,4.83189090499099,5098.328495563301,yes
52,admin.,married,high.school,yes,no,unknown,cellular,apr,fri,1851,29,26,3,success,0.2241005791599681,94.3595080122214,-47.43701329760114,2.898716951722338,5103.583274617145,yes
24,services,married,basic.6y,yes,unknown,yes,telephone,aug,mon,3435,12,2,4,nonexistent,-0.9044654996435595,94.29265518414114,-29.312358275701033,4.290768011239228,5171.619254167514,yes
58,technician,married,basic.6y,unknown,yes,no,telephone,jul,tue,187,10,4,4,nonexistent,1.3929903979607055,93.88567618503617,-47.74525636762596,2.0013796130219195,5227.832422464682,no
57,admin.,single,university.degree,no,unknown,yes,cellular,may,fri,3640,10,28,1,success,-3.188886138239297,94.57606266419124,-33.069121855581024,1.979481092715798,5045.366289028998,yes
42,self-employed,divorced,basic.4y,unknown,yes,unknown,telephone,jul,wed,3614,13,6,4,nonexistent,-2.9768661869061006,93.11985933926356,-27.148602783066572,4.576781010662474,5144.333184491807,yes
23,blue-collar,single,basic.6y,no,unknown,no,telephone,aug,mon,1619,5,19,4,nonexistent,0.2870819950438045,92.36953508647464,-48.561047928982454,1.1168964896650775,5141.119213949067,yes
18,management,married,basic.6y,no,unknown,no,cellular,mar,tue,1687,27,16,5,nonexistent,-0.7612104355460574,94.73177042011856,-45.7171551781332,1.0566237340563835,5190.362303619091,yes
63,self-employed,divorced,high.school,no,unknown,unknown,cellular,mar,tue,984,22,18,3,nonexistent,-2.802762668023805,93.43661131649289,-39.72102457789457,3.6671727996056402,5135.389067313536,no
33,self-employed,divorced,basic.6y,unknown,yes,no,telephone,feb,fri,547,8,2,2,nonexistent,-1.5984997359276998,93.33144221114325,-33.17143059747845,2.650520329689518,5084.793958810468,no
77,management,married,basic.6y,yes,yes,unknown,telephone,apr,mon,2772,10,999,0,nonexistent,-3.091414568637614,92.178425960991,-29.339999918921805,3.7561875000124303,5045.81182624722,yes
65,management,married,basic.6y,no,yes,yes,telephone,nov,tue,2973,6,7,2,nonexistent,-0.8731826556174918,93.59705517530222,-33.37428218880811,2.504765637534726,5219.947390104246,yes
21,management,single,basic.6y,no,no,yes,telephone,apr,mon,1431,11,19,4,success,-2.9004668750815976,93.80527503384332,-32.367821252718905,1.5316700770159062,5052.402214038403,yes
46,self-employed,divorced,basic.6y,unknown,yes,unknown,cellular,apr,fri,875,4,4,0,nonexistent,-3.3668867416398442,93.3249266504387,-39.993944532844985,3.747080392864533,5031.085757561238,no
55,admin.,divorced,basic.4y,unknown,no,yes,telephone,feb,thu,617,2,2,4,failure,-1.8523641906083192,94.54914481714412,-42.29600964750558,0.7718435498684978,5173.257634939201,no
64,management,married,university.degree,yes,yes,no,cellular,jul,tue,2461,6,19,5,nonexistent,-2.2774352791014265,94.07865677478449,-38.66443740495334,2.5710331070070196,5095.228686677287,yes
45,technician,married,basic.6y,yes,no,yes,telephone,oct,wed,1365,13,16,1,nonexistent,-1.6619306717726203,92.10813826749542,-35.27633221183219,2.618067536857422,5012.068694390562,yes
39,self-employed,divorced,high.school,no,unknown,yes,telephone,mar,mon,1243,29,12,4,nonexistent,-1.717808166657077,93.5191942440144,-38.794021992995866,0.9428832851431461,5058.572455006607,no
25,self-employed,divorced,high.school,unknown,unknown,no,cellular,dec,fri,902,12,12,0,success,-0.37593814869743025,94.78228484901764,-31.911141425145185,1.6631786491393528,5017.417331792723,yes
49,self-employed,married,basic.6y,yes,yes,no,cellular,oct,fri,162,14,3,5,failure,-0.1359289800431148,92.55929354520998,-47.04592340086327,1.743874269390914,5018.88733663478,no
50,services,married,basic.6y,yes,no,yes,telephone,jan,wed,1974,25,17,1,nonexistent,-2.7886767319241392,93.72808938494818,-41.33111091452658,4.529157750932298,4983.647443529341,yes
30,admin.,married,basic.6y,yes,unknown,yes,telephone,feb,thu,3291,8,25,6,failure,-1.0544244789575445,92.7657862629574,-49.21042415491982,2.8556160989256063,5134.252298439836,yes
44,admin.,single,basic.4y,unknown,unknown,yes,cellular,may,mon,269,3,29,5,nonexistent,0.8679265359103846,93.0401536323871,-34.75263983792183,3.5513602109791322,5061.800640701696,no
35,management,single,university.degree,unknown,no,unknown,telephone,sep,thu,631,5,5,0,success,-2.68762941547977,92.09417655689612,-32.70693563687267,0.8416007975564582,4979.340861523699,yes
35,self-employed,married,high.school,unknown,yes,unknown,cellular,apr,fri,905,22,1,1,failure,1.2409977011325783,93.92616774970188,-34.849491919586484,1.0553124447125677,5135.7871574317105,no
30,self-employed,single,basic.4y,unknown,unknown,yes,cellular,jun,tue,3919,7,14,3,success,-3.3071431821666537,94.14403058223519,-27.971790897226608,3.078828930895359,5042.1155690534215,yes
39,management,divorced,basic.4y,unknown,yes,yes,telephone,mar,thu,3471,18,24,6,nonexistent,-2.9213615167547,94.16416687707495,-28.5217817919145,4.274513043568601,5006.463313801858,yes
79,admin.,divorced,basic.6y,no,yes,no,telephone,sep,tue,3253,6,1,6,nonexistent,-2.5476278001157406,94.71751958825747,-44.33706104392576,0.8331152028607131,5217.604868362662,yes
31,management,married,university.degree,no,no,yes,cellular,feb,wed,2014,18,19,0,nonexistent,-1.1449924961358549,94.34605747713053,-44.988168467803256,4.927282167387129,4983.378634486132,yes
28,management,divorced,basic.6y,unknown,no,yes,cellular,aug,fri,1641,8,28,3,nonexistent,-1.9640678008163557,92.58129677706872,-50.194776859379,4.495945917394474,5065.872938277657,no
56,management,divorced,high.school,no,unknown,unknown,cellular,nov,tue,3800,7,19,5,nonexistent,-1.392783785939542,92.64555806592287,-38.788620397377436,4.441842756908083,5126.410527747894,yes
67,management,divorced,university.degree,unknown,no,unknown,cellular,mar,mon,204,2,15,6,nonexistent,1.1158964129667117,94.15037164806719,-30.21923453860286,0.6381657910164039,5226.358124824011,no
70,management,divorced,basic.6y,no,unknown,unknown,cellular,aug,fri,581,4,27,6,nonexistent,-1.761370066003302,94.1753378458686,-47.03558838657125,2.388126483309266,4985.410744634492,no
39,blue-collar,divorced,high.school,no,unknown,no,cellular,mar,wed,1579,23,10,6,nonexistent,0.6709568516341133,92.34451828023359,-36.6182065437132,4.101364299482926,5209.986175325724,yes
53,blue-collar,single,basic.4y,yes,unknown,yes,telephone,nov,mon,840,9,16,3,nonexistent,-3.0505251397200346,92.01857051258905,-33.58325414551117,3.93786001873505,5196.591936721649,yes
34,self-employed,single,high.school,unknown,yes,unknown,telephone,dec,fri,1836,16,28,4,nonexistent,0.49733760045128944,93.12386516428542,-42.012286479206,2.1208202223142103,5169.690515813002,yes
68,self-employed,married,high.school,no,yes,no,cellular,dec,thu,1251,19,26,2,success,0.9274838273443684,93.94508693527965,-33.99962513155244,4.461614959776718,4990.750651738847,yes
49,blue-collar,divorced,high.school,no,no,yes,telephone,apr,fri,1719,10,22,1,nonexistent,-2.032003572766298,94.42666040060821,-30.788132276937546,3.3986624729935877,5040.533231906568,yes
31,admin.,single,university.degree,yes,no,yes,cellular,aug,mon,1642,26,999,0,nonexistent,-0.7739251379688497,92.46292435675628,-50.54881750716965,4.973380149196134,5035.310321128282,no
59,services,single,basic.4y,no,unknown,no,cellular,oct,tue,2643,8,12,5,failure,-2.5016272162235227,94.28281504999539,-33.228048979223225,2.0727899536293566,5104.911862190585,yes
74,admin.,single,university.degree,yes,unknown,yes,cellular,apr,tue,3921,29,7,3,nonexistent,-2.9638896170283866,93.91647243807026,-36.463846310228945,3.43160966044935,4995.3308372371,yes
46,self-employed,divorced,basic.4y,no,yes,no,telephone,nov,fri,2297,16,2,5,nonexistent,0.2979267571945131,92.46467477666704,-30.608414893027096,2.4677595367502687,5179.501732028259,yes
23,blue-collar,single,basic.6y,yes,yes,no,telephone,sep,fri,874,25,13,6,nonexistent,-0.3768164157864421,94.44519208960193,-47.48732284829287,3.449239778913088,5144.034911966544,no
67,admin.,married,basic.6y,yes,unknown,unknown,cellular,sep,wed,1464,29,23,4,nonexistent,0.21076779076684987,94.61236812848139,-31.510301706086736,1.7429842480614293,5191.351649554944,no
74,services,married,high.school,unknown,unknown,no,cellular,jun,thu,3604,8,23,0,success,-1.2895075143993422,92.74425914785893,-47.425791678600135,2.282896593107158,5022.484279496116,yes
21,management,divorced,high.school,unknown,no,unknown,telephone,jan,wed,2243,20,25,5,nonexistent,-2.201890270358418,92.41633536598866,-36.82132327951055,4.701810638195962,5127.715066985688,yes
28,technician,married,university.degree,no,unknown,yes,telephone,sep,wed,689,4,27,4,nonexistent,-1.3511201908435955,94.70935346773044,-44.32585855220783,1.8718628701061637,5188.677858185302,yes
62,blue-collar,single,basic.4y,unknown,unknown,unknown,cellular,sep,tue,2010,27,13,0,nonexistent,-3.0890068442298206,92.06407621557001,-45.06382615783831,3.3310959937196762,4976.94391045715,yes
57,blue-collar,divorced,basic.4y,unknown,unknown,no,cellular,jul,tue,3590,23,25,4,nonexistent,-2.0390705077040825,94.65551887674266,-38.88010684794323,4.641790408727493,5109.231470568641,yes
27,services,married,basic.4y,unknown,yes,unknown,telephone,sep,mon,3141,20,20,4,failure,-1.9718907622060828,92.6054295607635,-32.69981256338052,2.716490698592262,5155.950359558329,no
72,management,divorced,high.school,no,yes,yes,telephone,aug,wed,2686,27,29,2,nonexistent,0.02971832385742093,93.22676475037451,-35.37917635492305,3.658410893985951,5061.881490687571,yes
45,management,single,high.school,no,no,unknown,cellular,sep,mon,1422,13,13,3,nonexistent,-3.1449514886836516,92.8633850991771,-27.17336352620179,3.8914116779283865,5057.111349051129,no
28,technician,married,basic.4y,unknown,no,yes,cellular,sep,fri,2001,26,18,1,nonexistent,-2.222695303801664,92.43038268199108,-47.95444376355809,2.99408337396769,4972.142918080725,yes
52,management,single,high.school,unknown,no,no,cellular,jul,mon,671,10,10,1,nonexistent,-2.072270246374412,92.98693552904062,-33.54995211579216,2.2672004172828473,5093.127449912772,no
32,services,married,basic.4y,no,unknown,unknown,cellular,jun,tue,3831,23,26,0,nonexistent,-0.7534692554634465,93.5098939163029,-49.47426094299271,4.157074595680338,5121.323325511257,yes
25,self-employed,divorced,university.degree,unknown,unknown,yes,cellular,feb,wed,3274,25,11,0,failure,-2.2254665384272543,92.26271514618995,-42.2568806894728,3.0381153334058513,5159.434366363531,yes
37,management,married,basic.6y,yes,yes,yes,cellular,jul,tue,1171,28,26,5,failure,-2.76434043181669,94.26569658686523,-42.590313053483094,1.11100405772415,4986.435261684284,no
67,self-employed,married,basic.4y,no,unknown,unknown,telephone,jan,fri,1495,9,24,5,success,-2.1616923332315308,94.24106828843354,-44.67650005351816,4.4479964071656495,5073.807237477661,yes
76,self-employed,married,high.school,no,unknown,unknown,telephone,jun,thu,3726,25,999,2,failure,-1.3749617173965496,94.23294866484432,-38.07557612183947,1.9087573094142551,5031.719644422639,yes
38,services,divorced,university.degree,yes,yes,unknown,telephone,jun,wed,943,26,999,0,nonexistent,-0.877711704158967,93.9220565305809,-44.97716328340365,2.771144071883474,5018.319321430242,yes
18,blue-collar,married,high.school,unknown,no,unknown,cellular,dec,tue,2246,12,13,1,nonexistent,-3.2244678635453625,93.27473464466541,-42.01502818446846,1.5407485499648277,5028.576177114234,yes
46,blue-collar,single,high.school,yes,unknown,unknown,cellular,jul,thu,3988,26,17,3,failure,-1.912907912597254,94.33442776581434,-30.25805642337889,2.7676994752621233,5058.970321736081,yes
41,blue-collar,divorced,high.school,unknown,yes,yes,telephone,feb,fri,1449,15,28,2,failure,0.2680075516903498,94.38517716982223,-43.06317108162493,1.1687115717941376,5157.421569485691,no
47,admin.,divorced,basic.4y,unknown,yes,no,telephone,dec,thu,3737,22,25,6,failure,-0.531437395916693,92.79927959056903,-27.235571464535536,3.0915570174241185,5078.840159841224,yes
57,blue-collar,single,university.degree,no,no,yes,cellular,apr,tue,2539,1,21,0,nonexistent,-1.2110109821812347,93.34666070266636,-44.202560525623184,2.900233587015953,4980.309450525574,yes
52,services,divorced,basic.4y,no,yes,unknown,telephone,feb,tue,3959,12,1,6,nonexistent,-1.2257363814844786,92.56829603749274,-29.21820769878909,4.201021270208876,5055.4851134185255,yes
50,technician,married,basic.6y,unknown,no,unknown,telephone,apr,fri,895,24,3,6,failure,-1.6292829639064126,92.71621318726314,-40.49251267127377,3.063557865605032,4992.614775706627,no
37,management,divorced,basic.4y,yes,no,no,cellular,mar,fri,2189,14,21,2,failure,-1.7581889224297031,92.66907047429939,-29.11007064403471,2.3984730608105007,5019.643790810939,yes
74,blue-collar,single,basic.6y,no,no,unknown,telephone,feb,thu,1336,22,17,2,success,-1.4769472308506906,94.31545212763251,-40.599649822092964,2.651877478873963,4997.804513587276,yes
33,admin.,divorced,university.degree,unknown,no,no,telephone,feb,thu,164,23,3,2,nonexistent,0.7721943715055167,92.70228330578715,-32.38838442389657,3.2608305411571057,5220.693193382297,no
26,self-employed,single,university.degree,no,no,unknown,telephone,mar,tue,2361,2,22,0,nonexistent,-1.1496096899293788,93.52967873772772,-41.240057258251554,4.2941442010487965,5196.383033745057,yes
48,admin.,divorced,basic.4y,no,yes,yes,cellular,oct,fri,2068,3,16,4,nonexistent,-0.18749728842672514,93.75908931416755,-35.960402287262234,0.7836174107400705,5128.898598111729,yes
34,services,single,basic.4y,no,unknown,no,cellular,dec,mon,1105,6,15,0,failure,0.4776735869262605,94.08511157050404,-49.569432960752074,4.6770159325610665,5029.872912388524,yes
76,technician,divorced,high.school,yes,no,yes,telephone,apr,fri,3652,19,15,0,nonexistent,-1.3265602811670418,92.08122037096564,-36.48389771050745,0.9690821456773789,5009.698648073397,yes
48,blue-collar,married,basic.6y,yes,no,unknown,telephone,jul,wed,3202,21,8,5,nonexistent,0.6279923978417187,93.33209285728802,-43.248801126125436,2.116680308417641,5186.297706597202,yes
65,blue-collar,single,high.school,unknown,unknown,yes,cellular,apr,wed,3670,13,25,0,success,1.364878599767895,92.81930436620067,-26.988734115696833,2.0791888736822774,4982.832940086053,yes
40,admin.,single,high.school,yes,unknown,yes,cellular,nov,fri,1753,20,9,0,nonexistent,-0.9800261718992255,94.33512697136312,-31.426131886896542,2.9396919602772322,5146.9566092798395,yes
23,services,divorced,university.degree,unknown,no,yes,cellular,jul,thu,3031,21,6,0,failure,-1.4668167645365293,92.10289728638077,-48.89818572087081,2.160510053606922,5041.58794717876,yes
47,admin.,divorced,basic.4y,unknown,unknown,no,cellular,apr,wed,2352,8,8,2,nonexistent,0.4678218223194662,92.57958348982116,-46.06135869463657,1.5647887258764035,5093.102692588165,yes
72,admin.,divorced,university.degree,no,no,no,cellular,mar,tue,1938,4,22,6,failure,-0.2839844073134842,92.88412446817784,-36.07583256218654,1.6710658956603408,5156.343523555678,yes
24,technician,married,basic.4y,no,yes,no,telephone,aug,tue,370,25,15,2,nonexistent,-0.456662265469407,92.21795596380265,-43.61977159875654,4.935297847126913,4973.211859812788,no
73,services,divorced,university.degree,yes,unknown,yes,cellular,mar,tue,1880,19,26,0,success,0.8533997877249632,93.10716992808042,-45.71160737540807,4.281226806846139,5010.034183621186,yes
65,technician,single,university.degree,unknown,unknown,yes,telephone,nov,fri,852,28,16,5,success,-0.2826197331159236,94.08255152985966,-42.29890582361289,4.144079700987251,5134.770902610829,no
57,services,divorced,university.degree,unknown,yes,unknown,telephone,aug,wed,383,7,22,3,nonexistent,-0.32042839264820827,92.5944795375748,-48.261674614609134,2.4447924329577027,5206.869486567857,yes
59,blue-collar,married,basic.6y,no,unknown,no,cellular,feb,thu,1931,7,26,5,nonexistent,-2.4068669274662966,94.1125123832741,-37.54811047911211,4.719204378160657,5031.868800207787,yes
63,management,divorced,university.degree,no,yes,unknown,cellular,mar,tue,2492,1,24,3,nonexistent,-0.09650542073526708,93.4812397859904,-44.03612542260341,0.8759526335021341,5003.189833038906,yes
28,self-employed,divorced,basic.6y,no,no,yes,cellular,apr,thu,424,19,28,4,nonexistent,0.9823897495555713,92.96522681472497,-30.078463765757366,1.15137731210094,5208.215874003826,no
51,management,single,university.degree,yes,unknown,no,telephone,mar,tue,2208,26,23,3,failure,-0.633558062823794,93.0326569768475,-50.017212636674735,1.6855733539527833,5192.480238733816,yes
29,services,divorced,basic.4y,unknown,unknown,unknown,cellular,jun,fri,3249,17,15,1,nonexistent,0.9361897638236253,92.32565434755374,-42.412488157846916,3.4234567055275376,5204.239314595076,yes
77,management,married,basic.6y,unknown,yes,yes,telephone,sep,tue,628,8,15,1,nonexistent,-1.7700607486747033,92.69938682195063,-37.66455048456916,1.3341641836160933,4996.588059614856,no
77,admin.,divorced,basic.4y,unknown,no,yes,cellular,oct,fri,3779,26,27,3,nonexistent,-3.19561011803126,94.04742829965203,-45.1795872632998,2.078395845518176,5207.879364308124,yes
69,blue-collar,divorced,basic.4y,no,no,yes,telephone,aug,wed,894,21,19,0,failure,-1.2633834673938387,94.41568774046593,-49.42927962029637,1.3797546079614853,5117.356256951694,yes
69,self-employed,single,basic.4y,yes,yes,no,telephone,apr,wed,2537,15,20,3,success,-3.381006734962955,92.74367492238319,-49.06830800088984,4.118527564540631,5140.007481298565,yes
62,self-employed,divorced,basic.6y,yes,unknown,no,cellular,feb,thu,3064,20,18,6,nonexistent,-2.6568781916329898,93.64827399500764,-46.99217345058717,4.600413807945824,5083.714405485961,yes
64,self-employed,single,high.school,no,unknown,unknown,cellular,oct,tue,2374,19,9,1,nonexistent,-2.485158409237252,92.09723478643038,-44.301806965563046,4.341806074871785,5057.60276849125,yes
44,blue-collar,single,basic.6y,yes,yes,yes,telephone,jan,wed,597,7,25,3,nonexistent,-0.837590481352108,92.21673747487489,-33.93294297305306,0.7202101413637202,4993.449830726671,no
75,management,divorced,high.school,yes,yes,no,telephone,nov,mon,3062,24,27,2,nonexistent,1.159662548849747,94.70022836337525,-39.45598590884167,1.9956987303211884,5022.746358721244,yes
29,self-employed,single,basic.6y,unknown,yes,no,cellular,apr,mon,2336,24,1,4,nonexistent,-3.3048724406103207,94.51021707171755,-50.013101441640764,3.4053626606481697,5119.028711438769,no
30,self-employed,single,university.degree,no,unknown,yes,telephone,may,thu,592,13,2,2,nonexistent,-2.2638901113521843,92.22759054244938,-47.09470581900654,0.603052781354093,5047.41046334082,no
25,services,divorced,high.school,no,yes,yes,telephone,feb,wed,1687,1,6,5,nonexistent,1.2533789968393225,94.3025183152243,-42.006591333014825,3.883979868696503,4995.260073646303,no
33,admin.,divorced,university.degree,no,no,unknown,cellular,mar,fri,3644,7,23,2,nonexistent,0.8319331792735569,92.28700898643436,-40.76741926758205,4.4226461099180705,5151.298798244486,yes
79,services,married,high.school,no,yes,unknown,cellular,apr,mon,572,5,1,6,nonexistent,0.6072798046506056,94.3198121238636,-49.29081204121755,0.9413563428584578,5103.397649735152,no
78,management,married,basic.6y,unknown,no,unknown,telephone,mar,wed,3425,18,24,6,nonexistent,-2.9593592375958893,94.55780198277952,-47.90668526784921,2.4973758486589666,4974.4666970517565,yes
46,blue-collar,single,basic.6y,yes,no,no,telephone,aug,fri,2075,8,12,4,nonexistent,-0.3083282490003857,92.42863961588172,-44.53362107509019,1.9324153878480985,5141.483457007406,yes
52,blue-collar,single,high.school,yes,yes,no,cellular,nov,tue,3001,15,3,0,failure,-2.4249505601709243,92.41225212420792,-30.803955022493668,4.766533137765906,5191.467280222048,yes
77,services,divorced,university.degree,unknown,no,no,cellular,dec,wed,2090,18,14,4,failure,-0.27508239212589647,94.59440225425408,-45.800142702392925,2.0288327183628834,5168.778454593524,yes
46,technician,married,basic.4y,yes,unknown,no,cellular,feb,tue,1704,6,17,0,nonexistent,-1.3478506302688609,92.8440090588178,-45.379607783107254,3.1561212059815777,5208.178703905824,no
48,services,married,high.school,no,yes,no,telephone,sep,mon,2470,28,6,6,nonexistent,-0.34878603350142723,93.32343537975278,-38.98085615832426,0.6398659573379278,5052.973185473546,yes
30,technician,divorced,high.school,unknown,unknown,yes,cellular,nov,tue,3669,5,26,1,failure,-1.3414678583916828,92.85243087779963,-29.493877754845002,4.2810517086407645,4986.897383458424,yes
29,services,divorced,university.degree,unknown,unknown,unknown,telephone,jun,mon,176,22,17,6,success,0.9569801030648978,94.09814081390509,-38.17631810556554,0.7288601798110887,5152.4865823293185,no
68,technician,divorced,basic.4y,no,no,unknown,cellular,jan,thu,528,11,6,3,nonexistent,-3.2785198512860294,92.59104229615711,-48.90334412478555,3.1046201915797873,5202.17031123403,no
78,technician,divorced,high.school,no,unknown,unknown,cellular,aug,thu,1633,26,23,6,nonexistent,-2.4804829246340043,93.38353626413644,-46.34410442746546,3.8591379517123916,5047.974691669881,yes
19,self-employed,married,basic.4y,no,unknown,unknown,telephone,oct,mon,965,8,28,6,nonexistent,0.5983856326511153,94.38129812039017,-30.346364567969367,2.345145873164411,5033.787419196306,no
50,self-employed,divorced,basic.4y,yes,yes,yes,cellular,jun,fri,1517,9,8,1,nonexistent,0.13639491010109234,94.63941447139815,-29.845487445652353,0.7393358151958415,5152.680321625339,yes
25,technician,divorced,basic.6y,no,yes,no,telephone,apr,thu,197,13,29,1,nonexistent,-2.5057961464337857,92.98765990234547,-31.788661835962635,4.563171459953953,5156.209914113595,no
79,technician,married,university.degree,unknown,unknown,no,cellular,jun,fri,2657,3,27,1,nonexistent,-2.817104929541415,92.31911682924547,-37.85014466400425,2.210726481601809,5183.016285092886,yes
58,admin.,divorced,high.school,yes,no,no,cellular,feb,fri,3648,3,11,6,nonexistent,-1.9059464905992298,94.2671223180197,-40.304295609140965,2.651108176010165,5160.883855927441,yes
74,technician,married,high.school,yes,no,unknown,cellular,jan,fri,2889,7,26,3,nonexistent,-1.0870311454430202,92.31010077305118,-44.38947011082098,4.177553740127003,5069.51478468076,yes
76,self-employed,married,basic.4y,unknown,yes,unknown,cellular,dec,wed,852,3,999,0,nonexistent,-3.1746942685568564,94.18200482767622,-37.70771825932783,3.506942701519418,5075.485110547825,yes
57,technician,divorced,high.school,yes,yes,yes,cellular,jun,wed,3588,11,1,4,nonexistent,0.6588267980479173,93.92916539731414,-34.48058578019144,2.031627563559046,5176.426044545185,yes
70,blue-collar,divorced,basic.4y,no,yes,yes,telephone,aug,fri,1537,14,17,6,nonexistent,-0.899427353472564,93.61716683475632,-36.47782187934754,2.9788193565558294,5034.261379733648,yes
66,admin.,single,high.school,no,no,no,telephone,may,mon,2069,26,13,0,nonexistent,1.013519506543529,94.63057056756308,-45.409187136466784,1.0134410272020185,4992.3674805289065,yes
58,technician,single,university.degree,no,yes,no,telephone,aug,thu,3183,28,22,0,nonexistent,-1.8366142753136248,92.90270097028589,-29.215801223251137,2.717147068306944,5021.247328742661,yes
49,self-employed,married,high.school,no,unknown,no,cellular,mar,tue,1080,21,5,6,failure,-3.1656156328577625,92.26132209260817,-41.46863070881965,2.4844338244184874,5097.262466096245,yes
55,self-employed,married,basic.4y,yes,no,no,cellular,jun,wed,3137,10,29,2,nonexistent,0.7825293064999765,94.74849161133774,-29.65106984931491,3.9437641863046937,5114.4926337646175,yes
45,management,single,basic.4y,unknown,unknown,no,cellular,jan,wed,2889,20,10,3,failure,-2.681835217340068,93.23521394430269,-41.30098274520807,4.119992324799446,4982.274863956907,yes
32,self-employed,married,high.school,yes,yes,no,cellular,mar,tue,97,27,24,0,success,-1.7889183573178744,93.21349488361166,-49.8809356205066,4.43791029519306,5043.839636369485,no
40,admin.,single,high.school,unknown,no,unknown,telephone,apr,fri,3215,9,18,6,nonexistent,-1.1711669631820087,92.25068328189889,-33.16289721203687,4.371848153792857,5161.787854095597,yes
41,self-employed,divorced,basic.4y,unknown,yes,yes,telephone,may,tue,1903,27,7,0,nonexistent,-1.038657173554384,94.08194680474533,-28.808673321337174,4.99272609998691,5191.723976937303,yes
30,blue-collar,divorced,basic.6y,no,no,yes,cellular,mar,fri,434,12,20,1,nonexistent,-3.287290584593177,94.0163292588029,-44.71123278795358,3.712807813082726,4997.96692973957,no
38,services,divorced,basic.6y,yes,yes,unknown,telephone,aug,wed,636,8,4,5,failure,-0.8716382043157715,92.40682970039646,-37.83465301529534,3.331210460023804,5100.800488800483,yes
71,blue-collar,married,high.school,no,no,no,cellular,may,tue,3750,12,25,2,success,-3.030245931612393,92.65465874656594,-31.49791405627726,1.2475762330421754,5003.206404262766,yes
29,blue-collar,divorced,university.degree,yes,no,no,cellular,jul,mon,3157,9,28,4,failure,-1.8311635006064728,92.0459605045358,-43.12606136072152,2.6599047230184287,5154.582946808813,yes
30,admin.,married,high.school,yes,no,no,cellular,may,thu,587,22,26,5,nonexistent,1.2822654678938041,94.49124086420838,-43.960420707673,2.494000998010134,5005.125197346473,no
56,admin.,divorced,university.degree,no,unknown,yes,telephone,aug,thu,343,18,27,2,nonexistent,-2.054220236125124,92.68467865877652,-40.97554164164746,3.8322366460205344,4989.169089598754,no
40,management,married,high.school,yes,yes,yes,cellular,jan,thu,1317,24,20,1,nonexistent,0.5017854802525802,94.59571451624564,-37.6412607941888,1.8085852921546344,5080.171143724846,no
67,self-employed,married,basic.4y,no,yes,no,telephone,mar,tue,1979,17,23,1,nonexistent,-0.9504703653658121,93.59927493732515,-37.594454623843376,4.431727411245731,4988.654780938323,yes
63,management,single,high.school,unknown,no,no,telephone,mar,fri,570,11,6,6,nonexistent,-2.428410204538146,93.19114138558724,-39.17610651727896,1.5671856320356252,5179.452617997988,yes
60,admin.,single,university.degree,no,unknown,unknown,cellular,oct,wed,3721,21,26,1,nonexistent,0.0652946495096042,92.02192537340811,-31.193907526391794,2.7277302983459157,5182.299808098372,yes
45,self-employed,single,university.degree,yes,no,no,telephone,oct,thu,610,2,27,6,failure,-0.7353308283385832,92.25836239412752,-47.14523876960357,4.755128726239462,5098.951838933515,no
31,admin.,married,high.school,yes,yes,unknown,cellular,mar,tue,1727,29,22,3,nonexistent,-0.8414394922962318,92.44431541168801,-48.764642314752244,2.1135162692996583,5115.016720889955,yes
34,admin.,single,high.school,unknown,yes,no,telephone,jun,thu,2290,23,3,6,nonexistent,-3.256468511675005,92.29594952107308,-46.771372949943064,3.8030121369120526,4998.671255125404,no
41,services,single,basic.6y,unknown,no,no,cellular,sep,fri,1854,21,29,5,nonexistent,-1.7975427110646829,92.7173693814711,-33.97428542595789,2.0767251113079497,5036.772473110739,yes
70,blue-collar,single,high.school,unknown,no,no,cellular,dec,mon,2608,26,14,1,failure,0.12659116725035022,92.43283794743223,-47.328653250163484,2.863354015112289,4995.605099245241,yes
75,management,married,high.school,no,no,unknown,cellular,jun,mon,959,19,21,0,failure,0.4212155788852992,93.8587344787318,-43.084460660846794,4.012799648143558,5020.301525960911,no
51,management,married,basic.4y,no,yes,unknown,cellular,may,wed,2079,14,28,3,nonexistent,0.5110729102540972,92.83168808253345,-29.775630893209446,4.1841357027777,5067.95271766898,yes
68,technician,single,university.degree,yes,no,unknown,cellular,dec,mon,2438,23,999,1,nonexistent,-3.2205123453013154,94.01121653007867,-47.44852783418729,4.306956926360869,5143.947976768774,yes
65,services,single,basic.6y,unknown,no,yes,telephone,jan,mon,2324,28,21,3,nonexistent,-2.6189860902449564,92.37937968555889,-38.17664150772367,1.0380148184420364,5156.146208647113,yes
39,admin.,married,basic.4y,unknown,yes,yes,cellular,feb,tue,531,3,4,0,success,1.3307680987873909,92.5855010334787,-38.705622393866875,4.36148522916379,5081.162753799895,yes
27,admin.,married,high.school,no,no,no,cellular,nov,tue,1177,6,28,6,nonexistent,-2.653857851848616,94.2048589507516,-49.98629621642352,1.244058085414255,5041.109297695476,no
71,services,single,university.degree,yes,unknown,unknown,telephone,jan,wed,2430,4,16,1,nonexistent,-2.3775265308498565,93.77541532773898,-48.04158426622761,1.8003746959146414,5177.750526015661,yes
25,self-employed,single,high.school,unknown,yes,unknown,cellular,dec,wed,1091,12,12,5,nonexistent,0.45259685224809243,92.2700517399771,-28.08562105768402,4.872798245087011,5079.336356347228,no
38,management,single,high.school,no,no,no,cellular,jun,tue,1901,26,26,6,nonexistent,-1.5114992143292545,94.68636754749738,-27.831488929419308,1.2345642673173833,5111.857164134579,no
54,admin.,married,high.school,no,no,no,telephone,mar,mon,883,2,16,1,failure,-2.8416815370273305,94.13509670510088,-29.895664743055328,1.7047676251857358,5034.153949391412,no
24,technician,single,high.school,unknown,yes,no,cellular,dec,fri,2261,25,18,0,nonexistent,-2.7995468165880095,93.5474071442825,-40.478535202080025,2.077438162388387,4981.193521866053,yes
43,management,married,university.degree,unknown,yes,no,telephone,may,mon,1678,6,3,1,nonexistent,-2.997869522748579,92.96015011831366,-36.628700069743594,4.147263839673104,5007.114035997114,no
30,blue-collar,divorced,basic.4y,yes,unknown,unknown,telephone,jun,mon,2423,5,16,0,nonexistent,-2.532792117104016,92.26303533780957,-31.102774524284932,2.0118681312482987,5152.2194183749025,yes
33,services,single,high.school,unknown,no,yes,telephone,may,fri,2791,29,11,1,nonexistent,-1.0144838294017542,93.00296509428641,-34.64014483378078,4.234300659914047,5036.749637600574,yes
47,management,divorced,high.school,no,no,unknown,cellular,mar,wed,2260,5,29,1,success,-3.3276454943445324,92.90446401323756,-29.40632987678749,1.5046106117303197,4997.02925717436,yes
48,blue-collar,married,basic.6y,unknown,no,yes,telephone,feb,tue,2126,8,25,2,nonexistent,-2.8377702817893495,92.21944048270757,-43.253793293537264,3.244481582137527,5133.416403178848,yes
22,technician,divorced,basic.6y,unknown,yes,no,cellular,feb,wed,1749,5,22,3,failure,0.954191645536378,94.19452348654865,-35.88280817138864,4.822803464576706,5090.03133288167,no
49,self-employed,single,university.degree,yes,yes,yes,telephone,dec,wed,2675,24,17,4,failure,0.8075905815616701,93.16293959796678,-37.24777297370422,0.7804943168625053,4969.744408525855,yes
33,services,divorced,high.school,no,yes,unknown,telephone,feb,wed,2651,8,10,2,nonexistent,0.5987858092246907,94.4906435580154,-27.268181784529652,4.597662433728317,5225.674582022132,yes
64,self-employed,divorced,high.school,unknown,no,unknown,telephone,oct,tue,781,1,3,2,nonexistent,-0.00984820997832209,92.44229731664525,-29.813956053559686,1.3252929499820385,5064.699322253977,no
26,admin.,divorced,high.school,no,no,unknown,cellular,apr,wed,3994,20,11,3,nonexistent,-0.22469604690764788,92.88920282805203,-46.85193606947982,3.1562569005095673,5136.900805056967,yes
39,self-employed,married,university.degree,yes,yes,unknown,telephone,apr,wed,3452,9,8,2,failure,-2.0775241064210475,92.78130241672692,-49.39246101067111,0.8147355867748076,5223.757192076273,yes
72,admin.,single,university.degree,no,unknown,unknown,cellular,dec,thu,3048,14,23,0,nonexistent,-1.7920262438915497,94.42245224857434,-40.13097198239971,3.1137090697032144,5131.447781034628,yes
61,blue-collar,married,high.school,unknown,no,unknown,telephone,mar,mon,2727,2,17,2,nonexistent,-2.2681495379381964,93.42165391304356,-37.76216960608596,3.3060428744305375,5046.031956496539,yes
57,management,divorced,high.school,unknown,unknown,no,telephone,aug,thu,2105,11,26,4,nonexistent,1.3055054338655085,92.39710120810571,-31.92219855656954,4.153732292058671,5092.762281806121,no
62,technician,divorced,university.degree,yes,yes,yes,cellular,apr,tue,3867,4,26,0,failure,-0.35533703052316706,93.00085112778912,-46.98252278485741,2.430799796212712,4990.788905787389,yes
54,blue-collar,married,high.school,yes,no,no,telephone,aug,fri,3097,4,8,5,nonexistent,1.2356833726966978,94.64091108495042,-28.813732489295006,4.629297591585142,5008.363817815421,yes
31,technician,married,basic.4y,yes,unknown,yes,telephone,nov,fri,880,17,999,3,nonexistent,-2.0954250464210666,93.54416445719508,-37.139088830310314,2.2297686635201326,5046.030619974218,yes
33,self-employed,divorced,basic.4y,no,no,yes,cellular,mar,thu,446,26,5,3,nonexistent,-0.418196263927775,92.10285395231854,-30.658332203002928,1.00299335716599,4986.016613454901,yes
60,technician,single,university.degree,no,unknown,yes,cellular,nov,thu,2113,26,18,3,nonexistent,0.2429636187788382,92.16196595990998,-30.80820318721743,2.3017322881588966,4993.622246792147,yes
37,self-employed,married,basic.4y,no,no,unknown,telephone,dec,thu,3992,16,999,0,failure,-2.9452523816263554,92.65990601514436,-28.050438782825395,1.9475692179747544,5185.657051761564,yes
61,technician,divorced,basic.6y,no,unknown,unknown,telephone,feb,mon,1783,7,7,3,nonexistent,-0.19858742230794796,93.7397083186349,-35.056224273892454,2.564305800551532,5029.61906970065,yes
32,services,divorced,high.school,yes,unknown,unknown,telephone,aug,tue,1277,12,5,3,failure,-2.5884516756328426,92.68672996856601,-32.06658016351218,1.478123023417801,5048.915781384855,no
73,blue-collar,single,basic.6y,no,yes,yes,cellular,jun,wed,3970,17,3,4,nonexistent,-1.8252042610776542,94.38032074583339,-31.189398897853476,2.229501009660446,5009.513164483624,yes
61,services,divorced,basic.6y,no,yes,yes,cellular,feb,thu,1991,5,2,1,nonexistent,0.03753441846369899,93.76238122332379,-39.61199691651883,4.499461931118356,5070.514613165316,yes
43,management,married,basic.6y,no,unknown,yes,telephone,jul,mon,1067,8,12,6,nonexistent,-1.2876892704936318,92.84204566613215,-40.468510788594436,3.470803865035285,5148.165852336308,no
26,management,divorced,basic.4y,no,no,no,cellular,dec,fri,3168,20,25,5,nonexistent,1.0215768959056104,93.10301713846748,-28.175892668854075,1.4717257260213406,5213.638494656617,yes
18,admin.,divorced,high.school,yes,unknown,unknown,cellular,oct,fri,1577,5,1,1,nonexistent,-2.2422294286247975,93.05072162178071,-49.19937767055033,0.8326495408190796,5106.108707327475,no
52,admin.,divorced,high.school,yes,no,unknown,telephone,jul,fri,1011,11,12,1,nonexistent,-2.661850196367866,92.87971459681197,-28.02463369474181,1.5532928268211919,5043.009812255989,no
61,admin.,divorced,university.degree,unknown,no,unknown,cellular,apr,thu,2274,26,20,3,nonexistent,-1.7815745412676411,93.76368159990747,-36.97425231983937,2.400336832902708,5098.458766512838,yes
37,management,single,basic.6y,unknown,no,no,cellular,aug,fri,773,28,14,0,nonexistent,0.6892314733007016,92.56468789488596,-43.7571127401856,2.2153794237094724,4997.366466378191,no
62,technician,married,basic.4y,no,no,no,cellular,mar,fri,2726,19,7,3,nonexistent,0.6676378656311134,92.81790821794586,-37.4828541572369,4.333341296959192,5142.702657486558,yes
72,self-employed,divorced,basic.6y,no,yes,no,cellular,sep,fri,3507,21,11,1,success,-1.6273332161670875,92.23866199456943,-35.55678503453286,3.1782860104118007,5050.479982724898,yes
23,technician,married,basic.6y,yes,unknown,yes,cellular,dec,wed,1814,28,7,4,nonexistent,0.4872431265357759,93.05290249298639,-48.15220337483947,4.306946566099386,5213.514869056653,yes
59,blue-collar,single,high.school,unknown,no,no,telephone,nov,fri,2648,19,18,3,nonexistent,-3.026616386797305,92.18027659548594,-34.788803509698226,4.995059292251594,5137.784184845405,yes
27,management,married,university.degree,no,yes,yes,cellular,may,mon,2426,4,8,3,nonexistent,-3.3635123209455995,92.05013536461463,-29.228364152599703,1.8775089600282542,5089.538203354879,yes
65,self-employed,single,basic.4y,unknown,no,yes,cellular,mar,thu,1201,11,9,3,failure,0.751062804380481,93.80874317954031,-27.586053665322826,2.7008038556372456,5024.588063721633,no
76,self-employed,married,high.school,unknown,no,unknown,cellular,sep,wed,1450,19,20,0,failure,0.7955440937671706,92.45487373241545,-36.46505115491678,3.7044354892344784,4987.917731787722,no
50,self-employed,married,basic.6y,unknown,yes,unknown,cellular,feb,wed,3986,5,22,4,nonexistent,-2.7116853599769457,92.09855354029382,-42.98362803418349,2.851716492475783,5013.372104689519,yes
33,admin.,divorced,high.school,yes,yes,no,telephone,feb,thu,2756,2,26,4,failure,-1.9709711941639074,92.19133329862711,-37.33300768115156,2.038019464606891,5114.373543425951,yes
53,self-employed,married,basic.6y,no,no,yes,telephone,mar,fri,306,25,24,6,nonexistent,0.6828619654458871,92.55778904688083,-50.73194265418054,4.191305648534139,5101.032828760809,no
23,self-employed,divorced,basic.4y,no,unknown,yes,cellular,sep,fri,778,19,6,4,nonexistent,-2.997918642680336,94.01846687857554,-28.83018609809911,4.526684589988349,4966.102195167284,yes
36,management,divorced,high.school,yes,yes,yes,telephone,nov,tue,2551,26,9,4,failure,0.7428453743692282,92.03321447203045,-32.047128063523274,1.8242265985358221,5160.404502348974,yes
48,technician,married,high.school,yes,unknown,unknown,cellular,oct,fri,2315,17,2,1,failure,-0.6415236525232167,94.03425593127047,-46.82209606446745,1.8384100600841327,4974.218499920432,yes
19,technician,divorced,high.school,yes,no,unknown,telephone,mar,mon,3657,21,1,3,nonexistent,-0.2450694445474014,93.67176282180539,-36.236132702977166,3.096765547085043,4984.235697376167,yes
35,services,married,high.school,unknown,no,unknown,cellular,may,fri,7,20,27,5,failure,-0.5448690611505173,93.4389459021755,-50.30763259844999,4.19210811440114,5151.896065921586,no
59,services,divorced,high.school,unknown,no,unknown,cellular,sep,thu,3991,18,6,4,nonexistent,-0.6038448150725343,94.54599352651154,-45.636600836688935,2.887668308739583,5134.494823721179,yes
45,blue-collar,divorced,basic.4y,no,no,unknown,telephone,oct,fri,2555,15,9,2,failure,-2.5117067790733576,94.32284568220236,-46.736712500997506,0.8642181842735266,5020.579827593128,yes
77,management,single,university.degree,no,no,unknown,cellular,jun,thu,475,16,7,2,nonexistent,-2.2669212824033362,93.17255744425519,-47.06801768698361,1.8980202563827158,5138.9178549671315,yes
21,services,single,basic.4y,unknown,no,no,telephone,jun,wed,1320,28,11,5,nonexistent,-0.6157424363005086,92.0187607965911,-37.604772183366926,2.812537074199811,4968.6176773023835,yes
78,services,married,high.school,unknown,unknown,no,cellular,nov,tue,2211,12,27,6,nonexistent,-1.4732540120230424,93.98961405108123,-27.750206205859605,3.8414096995868765,5037.1538053404265,no
18,management,divorced,basic.6y,yes,yes,no,telephone,jan,wed,484,8,19,1,nonexistent,-0.8018121309320645,92.13363320048265,-47.68494297536963,4.009760858280783,5164.500049919547,no
64,technician,single,basic.6y,unknown,no,no,telephone,nov,thu,3668,25,16,2,nonexistent,-2.183843174211232,92.77855098609491,-29.939704117660366,3.910146705456101,5089.1592906580545,yes
59,blue-collar,single,high.school,no,yes,yes,telephone,feb,tue,3143,6,21,2,nonexistent,-1.1736512667406518,93.38049668340217,-48.83405031151466,1.017222121990782,5189.901464947561,no
67,blue-collar,single,university.degree,no,unknown,unknown,telephone,sep,wed,2614,24,8,2,nonexistent,-2.7116575994961236,92.27815547198155,-48.82007861344726,3.3103971143916398,5001.593408624054,yes
33,blue-collar,divorced,high.school,yes,no,unknown,cellular,aug,fri,904,18,19,1,nonexistent,-3.215702178010749,93.90196046585295,-35.788948298849206,2.4719056929774132,5191.767301233658,yes
62,services,married,basic.4y,yes,no,no,cellular,feb,fri,558,11,2,3,nonexistent,1.1653585989774398,92.89983328877555,-37.06930976874981,1.9795055639914307,5092.189487833448,no
75,technician,divorced,university.degree,no,yes,yes,telephone,may,tue,3982,6,21,1,nonexistent,0.07066469913240368,93.0126500026667,-42.572945523984046,4.241478271799281,4990.441301452479,no
64,blue-collar,divorced,university.degree,unknown,yes,no,cellular,may,wed,1967,17,21,0,nonexistent,-1.0092934912788536,93.81530949638578,-38.052015122674796,2.1768513180889277,4975.932002096536,yes
19,management,single,basic.4y,unknown,yes,unknown,cellular,jun,mon,2285,10,3,0,failure,-0.755143442636846,93.11507732053933,-32.757502391481104,1.4030652564586008,4963.943022217067,yes
69,blue-collar,divorced,university.degree,no,no,no,cellular,apr,mon,1127,19,6,2,failure,-0.9463659248601681,92.62879525365175,-32.31825637963948,3.6612489102303862,5132.099007579535,no
53,admin.,divorced,high.school,unknown,yes,yes,telephone,sep,mon,1233,15,26,2,failure,0.9142854673452399,92.49492272646945,-50.51356113016909,1.1962351373128144,5022.33609223506,yes
18,technician,single,high.school,unknown,yes,unknown,telephone,may,wed,2601,16,17,3,nonexistent,0.3134651171379351,94.02731741014843,-48.93381085510499,1.8930804564457924,5002.204145684675,yes
56,admin.,single,basic.6y,no,unknown,yes,cellular,apr,wed,2875,23,16,6,failure,-1.8393150027674368,94.10163776317572,-50.71801026950726,2.555579183734709,5122.674913286104,yes
40,technician,divorced,basic.4y,no,no,no,cellular,sep,wed,467,28,26,5,nonexistent,-2.352703317109201,92.54796062061465,-50.426166377592175,1.2233613311370573,5071.819532644069,no
43,self-employed,single,university.degree,yes,no,unknown,telephone,feb,thu,3525,29,21,2,nonexistent,-3.0806594099963553,92.89321830513505,-30.73263640822085,1.864233131158232,5082.494392928632,yes
28,management,married,university.degree,no,no,yes,cellular,nov,mon,3339,29,2,0,nonexistent,-2.690612209939453,94.67850274313244,-48.80308632951286,3.4230864178711777,4999.0471476207795,yes
75,self-employed,married,university.degree,yes,yes,yes,cellular,nov,mon,2433,17,2,2,failure,-1.047706555398145,94.75584217709626,-33.80695146514509,3.0525845701488863,5030.574880676581,yes
59,services,married,high.school,yes,unknown,yes,cellular,feb,mon,2822,22,12,3,nonexistent,-2.427662584330091,93.63886206511513,-27.377215409839607,4.31483227901085,4989.78878139614,yes
18,services,married,basic.4y,unknown,yes,unknown,telephone,mar,thu,847,7,16,0,nonexistent,-1.900509193690157,94.1194475543239,-31.180263237860395,1.2199187473298143,5052.198710076764,no
28,self-employed,married,high.school,no,no,unknown,telephone,oct,thu,2434,19,28,2,nonexistent,-2.7600202588781237,94.09510904439365,-49.21314047072899,4.400992673975179,5045.226671124527,yes
41,technician,single,university.degree,unknown,yes,no,telephone,apr,wed,2924,27,17,3,failure,1.0295079213492566,93.10757212571842,-29.43628546324703,0.9327240061433838,5169.283897985132,yes
27,blue-collar,single,high.school,no,no,no,cellular,dec,mon,258,8,18,6,nonexistent,-3.2381198151197985,92.13560076237292,-27.899783147076345,3.8710470157326697,5224.59174195883,no
31,admin.,married,university.degree,no,yes,unknown,cellular,oct,mon,282,8,16,6,nonexistent,-1.7113085447389618,94.07397086509708,-33.91768625691283,1.5103417121810094,5227.884161064456,no
31,management,married,university.degree,unknown,yes,yes,cellular,sep,fri,1649,5,23,3,nonexistent,-2.1608575751707946,92.3801654707814,-36.070172535799664,4.573616594336397,5065.682045613935,yes
24,blue-collar,married,high.school,yes,no,unknown,telephone,may,fri,1898,11,15,0,nonexistent,-3.3601470933327264,92.81339561157897,-36.41708284962474,0.7828619308264493,5173.374610507627,yes
40,services,single,university.degree,no,yes,unknown,telephone,feb,fri,39,2,15,0,nonexistent,1.0572705429454017,92.88352192357891,-31.195969670041094,3.153064041537253,5037.428556994732,no
60,blue-collar,single,high.school,yes,no,unknown,telephone,mar,thu,2533,18,21,5,nonexistent,-1.894684173644061,92.97745791516844,-37.57249703242846,0.6564308488084187,5001.427922874657,yes
39,self-employed,divorced,basic.6y,unknown,yes,unknown,cellular,aug,wed,2976,21,24,0,failure,-0.9890795925814988,93.30390926502034,-42.82269218280095,3.8385741989244253,5132.867800585084,yes
77,self-employed,divorced,high.school,unknown,yes,no,telephone,jun,tue,2267,4,999,6,nonexistent,-0.6034888123419758,93.40450994458122,-27.606610481759652,0.7484574705648365,5089.739723890423,yes
53,admin.,divorced,basic.6y,no,yes,no,cellular,may,mon,3200,12,26,3,nonexistent,-0.46969716564490316,93.353867047059,-49.641850172201025,3.799479910916871,5120.630032340722,yes
44,services,divorced,basic.6y,unknown,no,yes,cellular,apr,fri,1014,4,13,0,nonexistent,-1.1907485051558564,92.45598229083663,-34.89817716106477,4.157505661243117,5060.486214388827,no
73,technician,single,high.school,no,yes,unknown,telephone,apr,mon,3071,5,27,6,nonexistent,-0.5496189096604972,93.8166482462976,-36.80352131781001,4.540317677980687,5043.4925933852055,yes
19,management,single,basic.4y,no,yes,unknown,cellular,aug,mon,3591,17,14,6,nonexistent,0.2084528200592572,94.2126315042156,-35.52432260560194,2.1814334998215683,5209.000533941835,yes
56,self-employed,single,basic.4y,no,unknown,no,cellular,dec,mon,612,23,3,0,nonexistent,1.1700273362580063,93.29287412922599,-35.45125869596954,2.9871040908729154,5197.288358217251,no
68,management,single,high.school,no,unknown,no,telephone,jun,wed,2975,19,19,3,nonexistent,-0.24622110240467132,94.34729522441374,-47.84765421339817,3.8275254443590043,4996.340602447926,yes
63,services,married,high.school,no,no,unknown,cellular,may,mon,1915,10,20,5,failure,-1.181298290208523,93.2439191695775,-47.609077371704785,4.21122948085309,5136.1366569170395,yes
36,technician,divorced,university.degree,unknown,no,no,telephone,may,wed,687,14,10,3,nonexistent,-1.2658983717097816,93.59129304592518,-49.18980363706227,4.044511366651067,5058.25308819026,no
79,self-employed,single,university.degree,no,no,unknown,telephone,jun,tue,3690,15,17,0,nonexistent,0.007315347053715333,92.19473933541968,-28.37265217073761,4.330327553910736,5113.711597525868,yes
24,admin.,single,high.school,yes,no,yes,telephone,nov,tue,612,26,28,0,failure,-0.39023097608302104,92.41116796269093,-36.2233029147463,4.549631519198016,5018.403589077991,no
29,management,divorced,basic.4y,no,yes,yes,cellular,nov,thu,2307,14,16,6,nonexistent,-1.3821443670352693,94.14853306118118,-48.95708726040035,3.4614024228605182,5155.005949633201,yes
20,services,single,university.degree,no,yes,yes,telephone,mar,mon,3037,16,27,0,failure,-1.787743300097196,92.69769965628718,-40.43558746384461,1.3655001984161361,5045.542845139437,yes
64,management,married,university.degree,no,no,unknown,telephone,jul,fri,3013,8,8,5,nonexistent,1.3671134881496139,92.26257425704013,-42.2121819115748,4.267316270605582,5145.71978226875,yes
22,technician,single,basic.4y,unknown,no,no,telephone,jan,thu,2413,9,20,6,nonexistent,0.28062554069231027,93.59109275311008,-47.25793319151393,2.638463445554543,5001.4785837274285,no
25,admin.,divorced,high.school,yes,unknown,yes,cellular,may,thu,1781,8,23,3,failure,-2.4074766488900714,92.26429749905972,-31.15376942744503,0.8228380239751593,4998.9621641883905,no
31,technician,married,basic.4y,yes,no,unknown,cellular,jun,tue,1810,11,13,4,nonexistent,-1.9975759748441286,93.91540720379481,-32.26301314569939,3.354759613253919,5055.562465028844,yes
78,self-employed,married,basic.6y,yes,unknown,yes,cellular,feb,fri,2591,12,27,1,nonexistent,0.8897056150998366,93.92968874298185,-39.70861926275805,3.80087337330347,5227.355265496,yes
53,blue-collar,divorced,university.degree,unknown,no,yes,telephone,feb,mon,2696,14,2,2,failure,-0.22801989395403752,93.26856224498324,-38.313020228525986,2.6145731774799144,5191.346048563774,yes
24,technician,divorced,university.degree,unknown,no,no,telephone,sep,mon,1547,18,19,1,nonexistent,-1.9083863812778736,93.92014763148883,-40.36930405318788,2.8293431238092785,5127.793538021205,yes
24,technician,married,university.degree,no,yes,unknown,telephone,feb,tue,1930,23,19,5,nonexistent,-1.6517905436637332,94.23824654656688,-37.63062268931172,3.0199034748897495,5045.289570419344,yes
67,management,single,basic.4y,unknown,no,no,cellular,mar,wed,2861,12,21,3,nonexistent,-1.5812432097191809,92.55349087190653,-33.29173452383486,1.7109952578668948,5006.989400147775,yes
63,technician,divorced,basic.4y,yes,unknown,no,telephone,jan,tue,3958,4,3,6,failure,-2.505783056109673,93.81869297012784,-29.86430880130027,2.245528794168604,5160.364535240225,yes
49,services,married,high.school,yes,yes,no,telephone,sep,fri,3087,13,15,4,success,-0.9463901035044255,93.9385723960871,-36.64355421007759,4.150298328681906,5017.5947486833265,yes
25,self-employed,divorced,university.degree,unknown,unknown,yes,cellular,jan,wed,1152,21,20,5,nonexistent,0.2747390900785619,92.54446372927764,-47.793446072194264,0.7316129355060902,5072.422637656762,no
75,management,single,basic.6y,unknown,no,yes,cellular,apr,fri,574,27,11,6,nonexistent,-0.6925122471720135,94.03525452968634,-32.34787557978599,3.0503544759789616,5103.571870358483,no
29,management,single,high.school,yes,yes,yes,telephone,jul,mon,3180,16,29,3,success,-0.25147864166616485,94.01473012213553,-41.90253473833662,0.7398400098790034,4988.078515566341,yes
27,blue-collar,married,basic.4y,yes,unknown,unknown,telephone,feb,wed,1910,10,20,0,nonexistent,-0.5421453373570051,92.44030736347125,-35.74591909390633,1.4872071277139762,5169.745392578709,no
31,self-employed,single,basic.6y,yes,no,no,telephone,aug,fri,1012,21,7,5,nonexistent,-3.11730193887185,92.88879737267533,-46.05372180572622,2.2407339762716654,5212.567955342239,yes
26,services,single,high.school,yes,unknown,yes,cellular,aug,mon,3604,11,8,2,failure,-2.4973117085631973,94.63522668393487,-46.89451872941743,1.420325458934841,5002.395065655724,yes
55,self-employed,single,basic.4y,yes,no,no,cellular,dec,fri,669,25,10,1,failure,-1.7183275031641383,92.19920180743911,-49.541088343617815,4.333454155290942,5193.069995757162,no
47,technician,divorced,basic.6y,unknown,unknown,no,telephone,mar,wed,268,12,23,3,failure,0.8683280141365489,92.64105091502105,-43.28451031717377,4.428902094415551,5091.806244601148,no
22,blue-collar,married,high.school,unknown,no,no,cellular,apr,mon,3233,18,27,4,nonexistent,-1.726276795547176,93.6206419475973,-36.52826223361684,1.2732498195768218,4999.514696687511,yes
18,services,married,basic.6y,no,unknown,no,cellular,nov,fri,1283,2,4,0,nonexistent,-1.8298385359467968,94.7123622439061,-43.18126803280996,4.526278526977356,5124.365957598008,yes
18,blue-collar,married,basic.4y,no,yes,no,telephone,jul,thu,923,19,11,4,nonexistent,-3.01318409941894,92.72000559086742,-45.04298049294063,1.6119578185869536,5209.652256905182,no
74,self-employed,single,high.school,no,no,yes,telephone,may,wed,1125,5,27,2,nonexistent,1.2659805333278642,94.28698672983214,-27.0227114168559,0.65340015683017,5216.8291519063805,yes
79,admin.,divorced,basic.4y,unknown,no,unknown,cellular,may,wed,1529,28,21,4,nonexistent,0.33703841545196994,93.02859181072142,-26.92768320040103,3.842096316328385,5153.97940428411,yes
37,self-employed,married,university.degree,no,unknown,unknown,cellular,feb,wed,1758,20,19,4,failure,0.27645068612238144,92.98696078124934,-36.3417492336545,2.8802330676782835,5094.150188448166,yes
66,technician,divorced,university.degree,no,no,unknown,cellular,jun,mon,1594,10,1,6,nonexistent,-1.5582135301204283,94.78895944828638,-43.06617140274254,2.7929198269971454,5012.97785180398,no
28,blue-collar,married,basic.6y,unknown,yes,unknown,cellular,apr,wed,246,26,10,0,failure,-3.0238266211569544,94.28820774758775,-30.207070188985767,0.6118941020554718,5122.283150757277,no
43,admin.,single,university.degree,yes,unknown,no,telephone,may,fri,3711,16,10,4,nonexistent,-2.135102711569962,92.695880485217,-33.190718154204774,4.905569458950671,5125.841758141268,yes
61,technician,married,basic.4y,unknown,unknown,yes,cellular,nov,thu,3866,12,20,0,nonexistent,0.6939182938395129,92.51982597459688,-36.07907520507115,4.263316190957651,4992.98260346255,yes
20,blue-collar,married,basic.6y,unknown,unknown,yes,telephone,may,fri,3908,9,999,2,nonexistent,-2.5345700297019103,92.23542662878872,-29.09271971369005,4.856738962818028,5030.724416227093,yes
23,blue-collar,single,high.school,yes,yes,no,cellular,feb,fri,1560,3,16,3,nonexistent,0.8923980285671648,93.35156429033451,-40.15703425427528,1.6721637772129994,5044.890164989897,yes
79,self-employed,single,basic.4y,no,yes,no,telephone,aug,wed,2178,1,16,0,nonexistent,-0.8283783262074251,92.93662533185412,-44.69459404646168,3.256174131465622,5190.972332125474,yes
60,blue-collar,married,high.school,unknown,no,yes,cellular,nov,thu,2400,5,3,5,success,0.02977533974654985,93.06630041400956,-27.687624762664953,3.885668556875393,5117.921898106575,yes
78,blue-collar,divorced,high.school,unknown,unknown,yes,telephone,jan,thu,2243,8,13,6,failure,-1.222521303912674,93.20794613677722,-30.240159558668076,4.134677833581266,5028.116020655788,yes
62,management,single,high.school,yes,yes,unknown,telephone,feb,thu,3864,17,4,5,nonexistent,1.0750849834764078,94.77492188641217,-29.00164266745156,4.039612101745285,5045.608757424636,yes
28,blue-collar,married,high.school,unknown,no,unknown,telephone,jul,thu,1939,1,3,3,nonexistent,-2.249640007361745,92.00804317745578,-28.85487096338393,3.1182398336798443,5002.189740271589,yes
25,self-employed,single,basic.4y,no,yes,unknown,cellular,jul,tue,929,13,5,6,success,-0.6523195347683931,93.19298057412841,-41.65555097153574,0.7390397099520486,4975.308009242419,yes
46,management,divorced,university.degree,yes,yes,yes,cellular,feb,thu,3737,6,17,6,nonexistent,-3.0682431376169084,92.18192433647617,-30.226689351334915,4.973499423637317,5098.42750227323,yes
27,management,married,basic.4y,unknown,yes,unknown,cellular,jan,wed,3453,15,20,6,nonexistent,-1.0939492374972413,93.8844445494525,-29.54622190673923,1.1054403991621102,4972.022214464748,yes
51,admin.,married,university.degree,no,no,yes,cellular,oct,thu,3069,7,12,1,nonexistent,1.2690288894056465,92.14120063703412,-37.712687553773755,1.3956181057173918,5225.995525418338,yes
41,technician,divorced,high.school,no,yes,yes,telephone,jan,fri,2692,24,5,4,success,-2.9769686818753565,94.14712746580008,-35.85634059505044,4.227512388860126,5167.883245021126,yes
63,management,divorced,university.degree,unknown,yes,no,cellular,jan,tue,226,8,14,3,nonexistent,-0.9677294575932649,94.42979818163634,-36.9978388093093,1.0425340288522955,5169.347115866018,no
78,services,married,high.school,no,yes,yes,telephone,jun,fri,2748,3,4,4,nonexistent,-0.5089297048633397,94.71824441627525,-50.41694376023711,1.5387510284904242,5163.169422712586,yes
65,management,divorced,basic.6y,yes,unknown,no,telephone,oct,wed,3547,15,5,0,success,1.072380114045133,92.33843788728683,-38.00076476353378,0.6893283163999233,5133.173761997902,yes
34,services,divorced,high.school,no,yes,no,cellular,dec,wed,3548,4,23,4,nonexistent,-1.9724118310738332,94.74089613746838,-49.895702115630975,1.2893517264381202,4982.107416727805,yes
49,admin.,married,university.degree,yes,unknown,yes,telephone,jul,thu,264,9,17,6,nonexistent,-0.9858849464966871,93.15454013997133,-40.01933558729372,3.499424050217101,5084.20801092463,no
28,services,single,basic.6y,yes,yes,yes,telephone,feb,wed,1395,11,28,2,nonexistent,1.3385400906697411,93.77122069292997,-49.70810289253911,2.1863581971567636,5037.385047085494,yes
51,admin.,divorced,basic.6y,yes,unknown,unknown,cellular,jun,tue,3557,21,6,5,failure,0.2912912064781103,92.00013310905848,-39.9169537326213,1.194590724548245,5042.481014845278,yes
41,admin.,single,high.school,unknown,yes,yes,cellular,apr,fri,1457,14,29,3,nonexistent,0.4899899733346854,93.0367246944974,-43.51650020373238,1.7615855601743746,5061.652587117064,no
72,admin.,single,basic.4y,no,unknown,unknown,telephone,sep,wed,645,27,5,4,success,0.3464541223635672,92.98811051119193,-32.30318935839511,3.916178962081021,5048.415401370094,yes
22,services,single,university.degree,unknown,unknown,unknown,cellular,nov,wed,2258,9,25,3,nonexistent,-0.9269150868325621,93.41065634919784,-39.34948364439483,3.050125043157103,5138.753617816832,yes
46,services,divorced,basic.6y,unknown,unknown,yes,telephone,aug,tue,3643,12,7,3,nonexistent,-1.3151004761333724,92.37125872184296,-38.560932188331314,2.6945920154326255,4965.570843554815,yes
65,admin.,married,basic.4y,yes,yes,unknown,cellular,aug,mon,3448,5,24,2,success,-2.17689674786007,93.93252041934538,-29.201906093046553,0.8052955474431597,5060.479042045068,yes
65,admin.,married,high.school,unknown,no,no,cellular,feb,mon,1418,21,29,0,nonexistent,-1.1633591650310533,93.6679671004914,-39.27306395935913,2.8515937789818118,5213.406538147149,yes
75,technician,married,high.school,no,unknown,no,telephone,nov,tue,1473,25,23,4,nonexistent,-3.301588644745357,92.59496591694283,-47.062717749368666,2.7187239456692134,5031.809840165238,yes
51,admin.,married,high.school,unknown,unknown,yes,cellular,may,wed,2990,6,29,1,nonexistent,-2.933867250206632,94.75418111923484,-48.10939943378746,2.548622550413628,5127.940893776176,yes
33,blue-collar,married,high.school,unknown,unknown,yes,cellular,feb,tue,1387,19,4,6,nonexistent,-2.021163507001366,92.01566044634708,-43.490851215692466,2.7449672839711705,5111.831378421506,no
42,technician,married,university.degree,yes,unknown,yes,cellular,mar,tue,1899,28,3,3,nonexistent,-1.7985780386588386,92.94057059582502,-44.457489564026126,0.926905011813067,5093.013304782505,yes
54,technician,single,basic.6y,yes,unknown,no,telephone,aug,mon,2504,5,18,0,nonexistent,-0.003916776915666135,92.73282959093609,-31.237962831331625,4.705247210114134,4995.917951672408,yes
25,technician,single,university.degree,unknown,no,unknown,telephone,may,thu,2772,1,9,1,nonexistent,-2.5763083977415113,93.56811002021178,-32.662677125550005,1.9469846866497842,5184.679169294594,yes
46,blue-collar,single,basic.6y,yes,yes,no,cellular,apr,wed,3799,25,8,3,failure,0.41970956727838965,94.48751899798158,-49.39889128063115,3.4710707136900885,5113.644049077858,yes
69,technician,divorced,basic.4y,unknown,no,unknown,telephone,may,fri,1249,10,22,1,nonexistent,0.44384749085872505,93.8417704279453,-45.99611343707322,2.1795374022430405,5106.06554306961,no
63,technician,divorced,basic.4y,no,yes,unknown,telephone,aug,tue,981,14,999,4,success,-0.5822203726593914,92.13326411093703,-40.07307096329959,2.0429186218747497,5214.667862216952,no
42,services,divorced,basic.6y,no,no,yes,telephone,oct,mon,1154,26,18,4,nonexistent,-1.0408167089489544,94.41751513030509,-48.7159603078054,3.7899900409689504,4985.500696919214,no
59,self-employed,married,high.school,yes,yes,yes,cellular,jul,thu,587,27,28,5,nonexistent,-1.156485392259691,92.74222415365134,-46.82739525093903,2.4426067862813454,5093.61359264358,no
40,services,single,basic.4y,no,unknown,yes,cellular,jun,wed,475,23,11,3,nonexistent,-1.3814121034933764,92.30890804770314,-29.088158222529717,3.309846934580391,5150.34065863747,yes
51,admin.,divorced,university.degree,no,yes,no,cellular,feb,tue,1821,17,18,3,nonexistent,-2.974840307988493,93.21115112024351,-37.86540219955783,1.806589193042436,5174.446903969093,yes
20,admin.,single,basic.6y,unknown,yes,no,telephone,oct,mon,985,27,12,5,nonexistent,-0.2538709743283871,94.51639189172539,-31.760170430137777,1.768043577025544,4963.830975066947,yes
47,management,married,basic.4y,yes,unknown,no,telephone,may,tue,3348,11,21,4,failure,-0.6289759893144409,92.0968345423415,-42.89988575145145,1.4758751963717986,5144.040110084207,yes
67,self-employed,single,basic.6y,no,unknown,yes,cellular,oct,fri,2203,4,14,0,success,-3.324315977684996,93.75185160605473,-41.84252552908678,1.9240187334179875,5216.384189944348,yes
70,blue-collar,married,high.school,yes,yes,yes,cellular,sep,wed,3831,18,28,1,success,-2.4270603257051713,92.93099091602262,-30.28537655711414,0.8855720611402834,5156.7481662002865,yes
51,services,divorced,basic.6y,yes,yes,unknown,cellular,sep,wed,1241,19,1,3,nonexistent,-1.3056434031732367,93.74320395517984,-35.0933772943678,0.9423303887067882,5074.434232641798,yes
49,admin.,married,basic.4y,yes,unknown,unknown,cellular,sep,wed,189,4,19,3,failure,0.9262772093301098,92.74576876734506,-34.58668501469441,4.352802509153435,5195.303926891061,yes
70,blue-collar,married,basic.6y,no,no,yes,telephone,mar,wed,1440,12,11,2,nonexistent,1.3533381002764298,94.7078691917448,-35.52931680828082,1.831423474689854,5195.996613426169,yes
46,technician,single,basic.4y,yes,unknown,no,cellular,sep,mon,980,14,17,1,nonexistent,0.20636626322779777,92.31872479904158,-37.86689470769818,2.968661927543212,5145.632923563591,yes
26,blue-collar,married,basic.4y,yes,yes,yes,telephone,sep,fri,1698,18,20,5,failure,0.1968404743267278,92.44238314227859,-27.11201008449517,2.7842823745958802,5139.780265865854,yes
19,services,divorced,basic.4y,unknown,yes,no,cellular,may,tue,1715,26,28,6,nonexistent,-1.406681862087186,92.12786952418541,-29.42840544866861,3.39043857467458,5054.688732336318,yes
74,self-employed,divorced,university.degree,unknown,yes,yes,cellular,jun,mon,2593,1,3,4,nonexistent,-0.6594388529416714,94.22599395052298,-33.80941114227076,3.4509427561354653,5027.7414390866525,yes
56,management,married,high.school,unknown,unknown,yes,telephone,jul,thu,40,27,19,5,nonexistent,-2.2824778730079927,92.26307906374988,-34.59203686881,2.213853683737003,5130.185309648696,no
24,services,single,high.school,unknown,unknown,unknown,cellular,oct,wed,2354,20,11,3,nonexistent,0.14312955102228223,92.77454584489406,-48.786071164715175,1.1870962305738453,4965.684884249762,yes
63,self-employed,divorced,basic.6y,yes,no,no,cellular,oct,wed,942,25,19,3,failure,-3.1130336654679933,92.57568371433538,-39.20410633384681,1.3806178865280412,5186.572960968176,yes
22,admin.,divorced,basic.6y,unknown,yes,no,telephone,oct,tue,337,11,12,4,nonexistent,-1.3972178998779916,92.9898944267902,-38.94543481372126,2.181028434212107,5202.363544100317,no
25,admin.,married,basic.4y,unknown,yes,yes,telephone,jun,wed,1337,27,3,6,success,0.5905354235621126,94.14418862593274,-49.55865251864144,3.0644826265810434,5006.984507610974,no
49,blue-collar,married,high.school,no,unknown,unknown,cellular,may,wed,1098,25,13,1,nonexistent,1.3033260510726734,94.6605376782434,-32.7411257755153,3.302685531804191,5115.0276472829055,no
72,services,divorced,basic.6y,unknown,yes,yes,telephone,jan,tue,3000,28,20,0,nonexistent,-0.056518657052222775,94.46083604377739,-50.75300345516369,4.702364504908247,5010.751804574948,yes
71,admin.,married,basic.6y,unknown,no,yes,telephone,apr,fri,2326,25,17,4,nonexistent,-2.4531249256351257,94.35526407905121,-40.637505712458356,1.9429700632541078,5094.400374987176,yes
35,technician,married,high.school,no,unknown,no,cellular,aug,mon,3247,19,5,0,nonexistent,-0.6588470025773149,93.1689179084488,-29.21229702326374,1.0808976299470943,5132.463573377544,yes
55,technician,divorced,basic.4y,yes,yes,yes,cellular,aug,fri,895,1,999,3,nonexistent,-0.709537965374045,94.24509236448185,-42.66542487333617,2.9656957902471883,5066.896977491551,no
63,management,single,basic.6y,yes,unknown,unknown,cellular,dec,tue,3733,1,9,0,failure,1.2356718027090738,94.17602262624168,-36.87473685445646,0.893025457796539,5200.282203779827,yes
35,blue-collar,single,basic.4y,no,unknown,yes,telephone,jun,wed,2320,3,17,0,failure,0.6328962082323394,92.69308594210668,-43.439883780315526,1.3287236163690832,5199.318572096728,yes
66,admin.,divorced,high.school,no,no,unknown,telephone,mar,wed,2884,26,18,4,success,-3.1647449465859965,92.73470730563179,-46.52234089199018,3.038194962551602,5103.979420832746,yes
58,management,married,high.school,yes,unknown,no,cellular,dec,fri,2667,14,1,5,failure,-2.343552666545902,93.39718266156024,-33.35254838347211,4.667677031358436,5117.13452671178,yes
62,technician,divorced,basic.6y,unknown,yes,no,cellular,aug,thu,1674,8,14,3,failure,0.6412348152119095,94.69773736050625,-45.91077217983634,1.4604132536388994,4964.317914501344,yes
33,management,divorced,basic.6y,no,no,yes,cellular,jul,mon,2909,15,2,1,nonexistent,1.2678657199094316,92.30212484106659,-49.074555148110996,2.1949919809653693,5052.984327489466,yes
38,management,married,high.school,no,unknown,unknown,cellular,nov,wed,3854,4,7,2,failure,-1.9855734167986665,94.76751941525251,-40.4003907843698,2.548559610388909,5164.824548080563,yes
27,admin.,single,basic.4y,no,yes,no,telephone,sep,tue,3930,11,18,0,nonexistent,-0.08450167839683086,92.44500274336654,-33.8578514474308,4.79539762823981,5226.529418362137,yes
59,admin.,single,basic.4y,yes,unknown,unknown,cellular,mar,fri,930,8,10,3,nonexistent,-1.9225511411209635,93.35970924106984,-36.937834423636936,3.8367059411528324,5213.6276773160935,no
21,admin.,married,university.degree,yes,unknown,no,telephone,nov,mon,288,7,13,2,nonexistent,-3.202735339971002,92.85112115657898,-44.95872507875402,2.0614697597513745,4988.618573111655,no
61,blue-collar,divorced,high.school,yes,no,no,telephone,jun,thu,723,24,15,1,nonexistent,0.5815060024272708,93.17531043992058,-31.255676093459147,1.7940125024171052,5073.948190375392,no
76,management,married,basic.6y,yes,no,unknown,cellular,jan,wed,2940,2,9,2,nonexistent,0.14647800803875605,94.68193388406088,-48.47949647686445,2.881420683829749,4978.053403198127,yes
25,management,divorced,high.school,yes,no,unknown,telephone,dec,fri,2319,8,16,1,success,-3.1441443894261627,93.7690462627049,-34.779420442558475,2.278062532576666,5185.098988846832,yes
64,blue-collar,married,basic.6y,unknown,no,unknown,telephone,aug,wed,1953,25,14,5,nonexistent,-2.7017816381618283,92.83303330947055,-36.300396302633416,3.313912255509086,5156.7007667075795,yes
70,technician,married,basic.4y,unknown,yes,no,telephone,feb,fri,1089,26,29,2,nonexistent,1.397757540807826,93.7595956791966,-29.315763227351937,2.952923585005729,5207.402217643481,yes
79,services,single,basic.6y,yes,unknown,unknown,cellular,may,thu,482,27,10,1,nonexistent,-0.2763457968017276,93.26603166531821,-38.206453146978355,0.7485672509498,5096.30147583146,no
72,technician,single,university.degree,yes,no,yes,cellular,jun,tue,935,22,7,5,nonexistent,0.4420678759130714,94.64140783746947,-31.22627776281626,0.9276910656156394,4990.915585090249,yes
36,blue-collar,married,basic.4y,yes,yes,unknown,cellular,apr,tue,2295,19,7,6,nonexistent,-1.5345987924980284,92.98796592111002,-45.65443612296937,1.1898185420066858,5118.064153314268,yes
64,management,married,university.degree,no,no,no,cellular,sep,mon,155,23,6,6,nonexistent,-0.9124159707980739,93.63652893877314,-37.766964890007266,3.4632967779560646,5192.962008334406,no
57,management,single,high.school,no,unknown,unknown,cellular,mar,wed,1070,9,19,0,nonexistent,-0.42456810676314505,94.37838087026351,-38.070161740136435,4.899902216529036,4976.838939536667,no
57,admin.,divorced,basic.6y,yes,no,unknown,cellular,feb,wed,1958,16,11,2,nonexistent,0.46889880814256407,94.68475910900855,-43.7415669657116,2.591530500181222,5179.123435228761,no
68,admin.,single,basic.4y,yes,unknown,unknown,telephone,mar,wed,2501,8,20,1,failure,-1.773249248133851,94.23767052762993,-50.678432175027915,1.2573418673808772,5128.543327737174,yes
26,management,divorced,basic.6y,no,unknown,yes,telephone,may,tue,2248,8,27,3,failure,-0.17313859160155903,94.61949694289436,-33.012436265895495,3.2841982271714443,4998.5739278515575,yes
47,management,single,university.degree,no,yes,no,telephone,jan,mon,1683,11,27,4,nonexistent,0.32315750166981727,93.29857097236129,-41.319503802898986,3.3518008519232776,5137.947632356218,yes
73,self-employed,single,basic.4y,no,no,yes,telephone,oct,tue,123,7,26,5,nonexistent,0.4646363116705652,94.14060165640845,-43.62777123768007,3.925324254072128,4980.023188371744,yes
34,admin.,divorced,university.degree,no,no,yes,telephone,dec,fri,2048,21,29,2,nonexistent,-1.0036424677256264,92.26501896555338,-46.16122928578576,3.7232513226403,5009.742480415964,yes
57,admin.,married,basic.4y,no,unknown,no,telephone,apr,wed,967,2,15,5,failure,-1.127853690843287,93.66267757354485,-30.443948429580225,3.6265067750561943,4979.032191528423,no
61,technician,single,high.school,yes,no,no,telephone,jan,fri,3830,21,15,2,nonexistent,-2.8982424123952066,92.03780827111814,-42.82036716670397,3.789294421044035,5118.155183912214,yes
76,management,single,high.school,yes,unknown,unknown,telephone,sep,thu,854,5,9,2,nonexistent,-1.0109197080847594,92.72813026951737,-45.92554679535753,4.2045903813589245,5039.704792411852,yes
32,management,single,basic.6y,no,yes,no,cellular,mar,fri,639,18,21,2,failure,-0.03071952164543358,93.86356715224656,-38.28939718171837,4.540015174785677,5039.893761621443,yes
21,blue-collar,married,university.degree,yes,no,unknown,cellular,feb,fri,2238,11,21,4,nonexistent,1.0188223382868173,92.48037395528156,-32.11378870835594,0.6149871457095885,5134.589292609449,yes
23,technician,single,university.degree,no,unknown,yes,telephone,may,fri,1602,26,6,2,nonexistent,-2.799041991051632,92.56039869682006,-36.40110902057581,3.5313677057511406,4992.6942293017155,yes
79,services,married,basic.4y,no,no,unknown,telephone,jan,tue,2563,17,3,5,nonexistent,1.250649447835734,92.17281157673577,-27.851383339966763,4.741338245660308,5131.0823128612565,yes
78,services,single,high.school,no,no,no,cellular,oct,fri,441,21,23,0,success,-2.276452546615034,94.09268637203695,-27.933219590291092,3.934629561391403,5148.19322040478,yes
33,services,divorced,basic.6y,yes,yes,unknown,cellular,jul,wed,1944,6,1,0,failure,-2.555843563998867,93.2542460708884,-29.23330088686931,0.9580195521758523,5190.393996260754,yes
43,self-employed,single,high.school,yes,unknown,yes,cellular,sep,mon,1838,13,8,3,failure,-2.8503151412752126,94.48625909422697,-37.29281088946889,3.8397881970514365,5141.1973101286285,yes
74,admin.,single,university.degree,yes,yes,no,telephone,jan,thu,1829,7,14,4,nonexistent,1.3526549123612326,93.014325784576,-32.43832836115397,1.711423853871737,5136.432715932999,no
54,services,married,basic.6y,yes,yes,no,telephone,dec,wed,2190,11,21,5,nonexistent,-0.7071111391899887,93.2187195862052,-43.90479281779819,1.4098469171013963,5137.263561938229,yes
40,blue-collar,married,high.school,unknown,yes,unknown,cellular,aug,mon,3262,18,13,6,success,-2.101120103999069,93.38577866903081,-37.04887355056891,1.494084615986832,4974.485669894755,yes
30,admin.,married,high.school,no,unknown,unknown,telephone,aug,wed,532,6,11,3,success,-1.8758358950468135,94.41054833433003,-49.21078978066333,4.877391952660748,5080.43898394759,no
64,admin.,divorced,basic.4y,no,unknown,unknown,telephone,jul,fri,2274,12,16,0,nonexistent,1.1613016495016737,92.81812193080621,-44.50397350861749,3.5000991080594375,5109.386091966271,yes
34,services,divorced,basic.4y,yes,no,yes,cellular,oct,thu,1336,24,16,2,failure,0.9198486291941262,92.14442278995756,-43.02434116756933,4.902563063743128,5139.516947948729,yes
74,admin.,married,university.degree,yes,unknown,yes,cellular,apr,wed,3700,22,12,2,nonexistent,-1.7200788065773438,93.75613589601294,-42.16632461767601,4.3276588939245,5040.62494547222,yes
79,technician,divorced,high.school,unknown,yes,no,cellular,dec,thu,948,3,7,1,nonexistent,-3.0947898200871546,94.3119625030317,-46.95170846473759,4.669542650620207,5142.907925536843,no
71,technician,married,basic.4y,no,unknown,no,telephone,jul,tue,3373,19,9,4,nonexistent,0.6009075540410052,93.55752068964522,-48.80998912354167,3.0417311004168535,5068.303595899416,yes
44,services,divorced,high.school,no,no,yes,cellular,feb,tue,3725,11,25,1,nonexistent,0.9892261984646514,92.89733868970863,-36.97693981080835,2.134457334396838,5152.803652389732,yes
69,blue-collar,married,basic.6y,yes,yes,unknown,cellular,jun,fri,2019,23,12,4,success,0.6201599293775354,93.76531422920505,-39.05738699807056,3.8495500897683956,5012.543943401176,yes
39,admin.,married,high.school,yes,no,unknown,cellular,dec,fri,459,2,6,4,nonexistent,0.98230053549855,94.77480903953362,-36.829673781189555,0.6794888907578576,5044.188828210751,no
54,management,divorced,high.school,unknown,unknown,yes,telephone,nov,tue,3472,3,2,2,nonexistent,-0.6356702512830561,93.60731695037461,-47.70960329534566,3.4324998622278544,5214.768997804948,yes
36,services,single,university.degree,no,no,unknown,telephone,may,wed,550,23,23,2,success,0.6303625092439366,92.88260596791791,-28.150174241247615,4.808532107362889,5164.069065881423,no
56,self-employed,married,basic.6y,unknown,no,yes,telephone,may,mon,392,25,14,3,success,1.1307771207131363,92.68212353151148,-40.920840815207576,4.321799211923395,5201.286103750781,no
52,admin.,married,basic.6y,no,unknown,unknown,cellular,nov,mon,3938,17,23,0,nonexistent,0.8715355312622609,94.79503474008766,-40.05760075181283,1.4336421798668055,5016.55076898025,yes
30,services,single,basic.4y,yes,no,unknown,telephone,aug,tue,1787,5,28,0,nonexistent,-0.5815544684318781,94.38118135820586,-37.727508136419644,1.1633838100258007,5212.992228013072,yes
31,services,married,basic.6y,unknown,unknown,no,telephone,jan,mon,844,29,6,2,nonexistent,0.1833488959736687,92.78255948598984,-34.30597679080023,4.236515220961648,5160.437444378971,no
65,blue-collar,married,university.degree,yes,yes,unknown,cellular,aug,wed,3278,2,29,0,nonexistent,0.06225417794948772,92.73484905687732,-41.60188347568168,0.8349185721948613,5119.8048760143765,yes
48,management,divorced,basic.4y,no,no,unknown,telephone,apr,mon,2257,12,4,4,success,0.4542302478127787,94.25027654231418,-47.37871273852827,4.979345285733604,4966.972613526114,yes
62,admin.,single,high.school,no,yes,yes,telephone,oct,mon,1138,5,7,0,success,-2.301521236681198,94.77839897537108,-32.08340957821255,2.6565573062812664,4977.329723169146,yes
19,services,married,basic.6y,unknown,unknown,yes,telephone,jun,tue,3808,29,20,5,nonexistent,-3.3895450821252258,93.30368898784381,-44.57267558680285,4.681407249107795,5167.912493406325,yes
63,services,married,high.school,yes,unknown,yes,telephone,jun,thu,645,13,16,3,nonexistent,-0.9524819423427943,92.63634360263327,-40.215492943158345,4.169619589707474,5140.543555337912,no
69,admin.,single,basic.4y,no,no,yes,telephone,jan,thu,3322,22,7,0,nonexistent,0.2746441110479844,92.64496206305718,-35.68734255125252,3.668436354926539,5020.115412653196,yes
56,services,single,basic.6y,no,no,unknown,telephone,aug,wed,2266,24,6,0,success,-2.799412373099748,94.23258468440233,-27.727747362421677,1.5053301849898733,5080.322626733038,no
54,services,divorced,basic.4y,unknown,unknown,yes,telephone,apr,thu,2454,7,6,6,nonexistent,-0.8426212716769916,93.6940474077821,-49.99731849952533,0.9768703980634195,5137.103662243891,yes
31,services,divorced,basic.4y,unknown,unknown,no,telephone,dec,fri,1466,21,1,3,nonexistent,-1.8908368763010304,93.77450351522792,-38.3990562782778,3.484932403341061,4967.63763792768,no
26,technician,divorced,basic.6y,yes,yes,yes,cellular,sep,tue,3674,11,10,3,nonexistent,0.6235531405805691,92.54411141318774,-28.426632851319674,1.4348599197886756,5142.7059506156265,yes
27,technician,married,basic.6y,unknown,yes,unknown,cellular,jul,thu,1377,5,11,2,nonexistent,-2.918780706358164,92.36532575534711,-44.701992596420936,4.2463385322444145,5069.809900369994,yes
24,management,single,basic.4y,no,no,no,cellular,nov,mon,2935,18,27,3,nonexistent,0.6698914028645722,92.02979435487231,-48.116049907909904,0.8952019759653578,4988.6928152873825,no
45,blue-collar,divorced,university.degree,yes,no,unknown,cellular,apr,thu,2605,6,11,5,nonexistent,-0.46831742309562846,94.5625663255626,-36.53553672424173,2.904959493814043,5006.857998328616,yes
63,admin.,single,basic.6y,yes,no,no,cellular,dec,tue,2597,3,18,2,success,1.0133344765589736,92.99397130062036,-47.16258857308491,2.457013521771483,5076.445990283336,yes
42,blue-collar,married,basic.4y,yes,no,no,cellular,jan,mon,141,6,27,4,success,1.091008061500247,94.12233288889739,-29.794969588628007,4.6693987370139585,5129.2724682123635,no
63,blue-collar,married,high.school,no,no,no,cellular,sep,mon,2659,16,2,1,failure,0.4826114317320495,94.47648250064664,-33.516188611336915,4.553414749300021,5054.6785609719755,yes
74,technician,single,high.school,unknown,no,unknown,telephone,oct,tue,500,3,11,0,nonexistent,-0.8554712572228638,93.67598290155946,-47.907531299793995,3.7693185467617383,4992.719239602997,no
45,management,single,basic.6y,yes,no,no,telephone,jun,wed,839,18,27,3,nonexistent,-2.7157168254982444,93.18791980238741,-36.99899488304705,3.9233958206838913,5182.16120025995,yes
19,blue-collar,divorced,basic.6y,no,no,unknown,telephone,jun,wed,2749,24,26,0,nonexistent,-2.3179653898569508,92.10827022073792,-50.1519503271819,3.70874131998964,5095.920135901724,yes
34,blue-collar,single,high.school,unknown,yes,no,telephone,jan,tue,3618,4,25,4,nonexistent,-1.39479103103554,92.943958909186,-30.600439031483358,3.5691165617467315,5038.427494416927,yes
76,services,divorced,basic.4y,yes,unknown,yes,telephone,may,tue,1682,5,5,1,success,0.09930279604779062,92.90055694854351,-45.89003775186592,4.986558734482751,5144.335819308152,yes
69,admin.,single,basic.4y,unknown,unknown,yes,cellular,apr,tue,1565,9,5,3,nonexistent,-0.7846996653872956,93.58577029473527,-33.30958608083696,3.8386970538069325,5052.544995954207,no
21,management,single,basic.4y,unknown,no,no,cellular,nov,mon,2046,4,18,6,nonexistent,-1.2961499249821595,94.13938792093957,-48.25889840898301,4.76055823197393,5059.273591969,no
30,admin.,single,university.degree,unknown,unknown,no,telephone,jan,mon,3917,29,26,2,success,-1.1078350653796625,93.99108295276797,-39.5090568815384,2.5237944710467914,5037.028063347977,yes
35,technician,married,basic.6y,no,no,yes,telephone,jul,tue,1530,1,20,2,success,0.15913552825518376,94.43577547899154,-28.591376532401323,4.9917478837225,5059.070600812388,yes
20,blue-collar,married,university.degree,yes,yes,yes,telephone,apr,mon,595,27,8,3,nonexistent,-3.2350891135737525,92.13116935011136,-49.019977652987684,3.303646728594933,5032.999403735727,no
68,blue-collar,married,university.degree,yes,no,unknown,cellular,mar,fri,1904,22,22,3,nonexistent,-1.27537150228684,93.6940095732287,-43.74062325143571,4.581689477171737,5223.446307970312,no
54,self-employed,divorced,university.degree,yes,yes,yes,cellular,feb,tue,280,27,8,4,nonexistent,-0.6510248523079639,92.52922036966118,-32.09524011098575,1.0000650215681914,5031.716826521143,no
50,admin.,divorced,university.degree,no,yes,unknown,telephone,aug,mon,423,11,17,1,nonexistent,-0.5741758649810441,94.72310817331712,-39.72561255985178,3.2864155719826473,5134.747287522033,yes
58,technician,married,basic.4y,unknown,yes,no,cellular,may,wed,2903,5,9,3,nonexistent,-0.4303018972910717,93.14551269344562,-35.25777813020293,4.968306873252463,5014.425517342462,yes
41,self-employed,married,basic.6y,no,no,unknown,telephone,oct,tue,269,10,9,2,nonexistent,-3.143442902245405,93.74679504023085,-31.393005525436486,0.8928735493145293,5110.873448726317,no
25,self-employed,single,basic.6y,yes,yes,no,telephone,sep,tue,153,3,999,1,success,-0.7218500356940025,92.9844308610011,-32.06118991294641,4.767018573100704,5098.212190069007,no
52,services,single,university.degree,unknown,no,unknown,cellular,may,tue,2661,15,17,3,nonexistent,-0.757362868998926,92.6164936565296,-41.3505715327049,1.2419604885496998,5110.055474257906,no
19,self-employed,divorced,basic.6y,no,yes,unknown,telephone,oct,thu,1750,27,21,1,nonexistent,0.7032984904766665,93.92605191073385,-40.50809918635194,4.98292313012111,5057.870652951559,yes
50,self-employed,divorced,high.school,no,yes,unknown,cellular,dec,tue,661,27,9,4,nonexistent,0.24837002506249345,94.62992577934365,-37.15024645933817,1.8713348662053846,5193.9236650056155,no
29,services,single,basic.4y,no,unknown,no,telephone,jan,wed,1967,14,6,5,nonexistent,-3.250111999537894,92.1665437146513,-47.86604788379156,4.092031658425063,5042.389459990747,yes
39,blue-collar,divorced,basic.6y,no,no,no,telephone,oct,mon,82,5,7,6,failure,-0.7316062527234688,94.31067327254836,-30.018401049908977,0.7219278861921237,5194.079966994894,no
30,blue-collar,married,basic.4y,unknown,unknown,unknown,cellular,may,tue,3693,8,10,3,nonexistent,-0.08346831079663473,92.95645980739157,-48.56570971965471,1.861898288596346,5071.076477985033,yes
27,management,single,high.school,no,yes,no,cellular,may,fri,2994,17,21,3,nonexistent,-0.615312503179416,92.3385856396937,-46.382930939809036,3.254066246312777,5136.127023026203,yes
34,self-employed,single,basic.4y,unknown,unknown,unknown,cellular,aug,mon,2946,20,5,6,nonexistent,-0.15342775554931998,93.99716751987293,-28.219274073751535,1.5999188384630523,4966.263041920435,yes
79,admin.,divorced,high.school,no,yes,no,telephone,jun,wed,1449,19,18,1,failure,-2.8400512728690557,92.23091458125671,-44.064051885128556,3.94728330213377,5080.238154845273,no
60,blue-collar,single,university.degree,yes,unknown,unknown,telephone,nov,thu,1298,4,8,3,nonexistent,-2.5876390175455777,94.03766243213146,-44.96325396384338,3.5729166553175284,5135.434258036766,no
22,technician,single,basic.6y,no,unknown,yes,telephone,may,wed,3784,2,10,1,failure,-0.6028612736858666,93.22023295281039,-40.634197787155635,4.959878408712159,5042.317781017959,yes
74,admin.,married,university.degree,no,no,yes,telephone,aug,thu,2331,2,1,5,nonexistent,0.4432907873306978,92.4612663424361,-33.48956873879337,3.1710181547546212,5048.621145885666,yes
76,management,single,basic.6y,yes,no,unknown,telephone,jan,mon,979,2,10,1,nonexistent,-3.2752530967213374,92.4401382266078,-42.047274853571466,3.979717992151896,5068.6047311391485,yes
26,self-employed,single,university.degree,unknown,unknown,no,cellular,may,thu,2220,3,29,3,nonexistent,-1.3060468478070315,94.09496665234059,-29.8940786029548,0.9279097530974814,5034.775519859213,yes
30,services,single,high.school,no,unknown,unknown,cellular,mar,mon,3398,28,4,2,success,1.3618579780293216,94.31917157833206,-47.23027723458645,0.7891659073427999,5123.112618690741,yes
77,management,single,basic.6y,no,no,yes,telephone,may,wed,3789,9,18,6,success,0.275579664745539,93.91975056942114,-47.98116151908818,3.159247848989182,4976.604331273704,yes
69,admin.,married,university.degree,yes,yes,yes,cellular,mar,wed,3134,5,16,4,nonexistent,-1.2391047823951153,94.01836658015029,-48.95013537683094,4.935547671000914,5183.436758212205,yes
40,services,single,basic.4y,unknown,yes,unknown,cellular,apr,thu,3144,20,17,1,nonexistent,-2.9294059485676565,94.37480668205383,-43.66923219311751,1.7826832181192862,5217.516617426009,yes
47,technician,married,basic.4y,yes,yes,yes,telephone,nov,fri,2810,29,21,2,nonexistent,-1.6759236678162066,93.19994971529472,-46.03059148095004,0.6075370380612638,5007.413712045284,yes
60,services,married,university.degree,no,yes,unknown,cellular,sep,wed,1659,15,13,1,nonexistent,-2.658741921420876,92.46951262007215,-39.77420771068894,2.100030704654007,5023.14297884009,yes
72,services,married,high.school,unknown,unknown,yes,telephone,feb,thu,1398,4,9,2,nonexistent,1.0197388936373522,93.0563561650148,-27.002768273769046,3.851972648131181,5214.572993070466,no
21,technician,divorced,university.degree,no,yes,no,telephone,oct,tue,632,3,16,3,success,-0.10890695878109082,94.74200069194154,-30.04186731658598,4.129994905807783,5007.01640619394,yes
38,blue-collar,divorced,basic.4y,yes,unknown,no,cellular,dec,mon,1531,9,10,4,success,0.7073480853673446,93.25576901203173,-29.4103517768643,4.036699003144844,4991.726448600669,yes
60,blue-collar,single,basic.6y,no,unknown,no,cellular,jan,tue,786,27,1,6,nonexistent,0.9078297126272434,94.58689225983562,-30.945341730062264,0.9560631464225461,5173.417605470893,no
26,services,married,basic.6y,yes,yes,unknown,telephone,dec,tue,2990,10,9,2,nonexistent,-0.48692879214325213,93.96765573998745,-44.306127957017885,3.9916482281097805,5142.841290205408,yes
24,services,divorced,university.degree,yes,yes,unknown,telephone,apr,tue,3059,17,20,0,failure,-3.3683277926954007,94.06568474227647,-45.390846145683405,0.9592788219582173,5143.424932098364,yes
33,management,single,basic.6y,unknown,yes,no,telephone,aug,thu,397,22,999,1,failure,-0.7308540716762237,92.53259475072237,-33.30255452727229,4.943521825869279,5023.547771196529,yes
40,blue-collar,divorced,basic.4y,yes,no,no,cellular,may,wed,1143,20,29,2,nonexistent,0.451976006302644,93.03244612838805,-36.48471188014785,2.230117181658804,5063.030451971185,no
75,technician,married,basic.6y,unknown,unknown,no,telephone,sep,tue,933,8,13,4,nonexistent,-1.8904493453413165,94.05067990965273,-45.87364776489414,3.6513506182647126,5005.7427824084125,no
40,self-employed,single,university.degree,unknown,yes,yes,telephone,oct,thu,1460,23,10,4,nonexistent,1.0532073150676176,93.83558084238112,-27.68061218215235,2.731874701351454,5006.3443251059725,yes
48,self-employed,married,university.degree,unknown,no,no,telephone,mar,wed,1852,19,10,4,nonexistent,1.384732134079538,94.41529989832908,-40.661341633498424,1.6588466019010626,5094.707989137313,yes
74,services,married,university.degree,unknown,unknown,yes,telephone,sep,mon,2723,5,9,6,nonexistent,-0.7635380783427241,92.58797570930957,-31.3352412119239,3.2877654248788915,5141.532018066293,no
22,services,divorced,basic.4y,unknown,unknown,no,cellular,jan,wed,2983,27,19,5,nonexistent,-0.8500426626481976,94.09526519450402,-49.03602589684979,0.6700548538022336,5048.43089638517,yes
23,self-employed,single,high.school,yes,unknown,unknown,telephone,feb,wed,2512,11,20,2,nonexistent,-0.25509128865707603,92.11044032573125,-49.959525923193674,2.8226885494941074,5089.333117413348,yes
68,management,single,basic.6y,yes,yes,no,cellular,sep,tue,285,4,4,2,nonexistent,-0.681573770454094,92.839441263414,-39.90624820937445,0.7717738313086082,5055.74052351574,no
18,management,single,university.degree,unknown,yes,yes,telephone,sep,thu,264,4,4,3,nonexistent,-2.6298114438502282,93.7653822675671,-47.946547248809814,3.098333981189257,5205.559715544361,no
76,management,divorced,high.school,yes,unknown,no,telephone,oct,fri,2367,26,13,6,nonexistent,-2.0986773893196244,94.74412508251999,-27.395592000925,2.6120779880453404,5149.651773744915,yes
65,admin.,single,university.degree,unknown,unknown,yes,telephone,may,mon,2720,15,25,0,failure,-2.431413851061177,94.77024565239851,-31.392701562326135,4.536797943241782,5128.952959033031,yes
45,technician,divorced,university.degree,yes,no,no,telephone,oct,thu,3447,8,24,5,failure,-3.0537979239137223,93.22961543859024,-39.947623558416545,4.850414656689038,5156.769601960089,yes
35,admin.,single,basic.4y,unknown,no,yes,cellular,dec,tue,2867,25,24,2,nonexistent,-2.7261321068030244,94.14109369303453,-27.389582965039995,3.464844471520506,5034.474325608356,yes
41,services,divorced,basic.4y,no,unknown,yes,cellular,apr,thu,2136,27,4,5,nonexistent,1.2671706722380314,93.68139325938881,-45.105255431147505,1.4148257894994507,5209.530401940405,no
30,management,single,high.school,no,no,no,cellular,sep,fri,1677,13,5,3,success,-0.736094678843713,93.98546895963996,-34.572492070484444,2.9036823871817687,5016.36487868206,yes
50,management,divorced,university.degree,unknown,unknown,no,telephone,dec,mon,1226,20,23,6,nonexistent,-2.7956635076346648,94.04945357855499,-50.381046360851016,0.6071613088373777,5000.1236225435905,yes
27,self-employed,married,basic.6y,yes,no,unknown,telephone,oct,wed,820,12,15,1,nonexistent,0.022857202148270656,93.53249153262718,-41.90286547229263,3.9794970706279846,5203.237154773737,no
24,self-employed,married,basic.6y,unknown,unknown,unknown,cellular,feb,mon,1762,2,27,0,nonexistent,-1.111418023680486,94.27902580057916,-48.90412210208687,0.7811239850056708,5032.346796827795,no
54,management,married,basic.6y,yes,yes,unknown,cellular,mar,fri,3048,1,22,5,nonexistent,-2.3215782456275598,93.63658153697112,-42.019767355947565,4.153301119624856,5187.992183569027,no
49,blue-collar,single,high.school,unknown,unknown,yes,cellular,aug,mon,2381,14,14,4,nonexistent,1.1291377823176267,92.28172375814181,-41.70369986347616,1.764583154855769,5042.330541157666,yes
62,self-employed,divorced,basic.4y,unknown,yes,yes,telephone,jan,mon,2269,26,5,0,success,-2.3221928405058505,94.76977102038312,-41.83341871679287,1.7001366633817572,5041.488168293372,no
39,technician,married,high.school,yes,unknown,unknown,telephone,feb,tue,40,20,19,1,nonexistent,-2.9315690768424285,92.85078702389909,-40.89508321142406,0.9945913547487454,5216.93237362175,no
33,admin.,single,basic.4y,yes,yes,unknown,cellular,may,wed,1731,8,15,6,nonexistent,-2.4122906624072624,94.69972571599624,-36.05720513567498,3.617361123887958,5218.921791972545,no
41,technician,divorced,basic.6y,unknown,no,no,cellular,jul,fri,67,16,18,6,success,0.9772559925253481,92.8193337350829,-46.27271075388423,2.2103636647732743,5217.99385715451,no
69,self-employed,married,basic.6y,no,yes,unknown,cellular,oct,tue,987,5,19,2,nonexistent,0.7174198678333633,94.38882573317274,-45.197922829604046,0.9955852692512268,4999.889807559605,yes
71,management,married,basic.4y,no,no,yes,telephone,sep,mon,1799,2,12,2,nonexistent,0.8927581914461281,93.93084066302218,-35.37419505774495,2.0124395515284226,5114.812728113434,yes
31,services,single,basic.6y,no,unknown,no,telephone,mar,mon,2561,15,18,5,nonexistent,0.997658853252471,92.99923627985092,-39.65692997337581,4.6572870420232295,4973.240640475894,no
28,blue-collar,divorced,high.school,no,no,unknown,telephone,nov,thu,3944,27,12,3,nonexistent,-3.028006372203231,94.6264113316081,-46.93012401470678,0.7537580344010398,5145.169941176975,yes
36,self-employed,single,basic.4y,no,no,unknown,telephone,apr,tue,3708,4,7,2,nonexistent,0.014394011880795395,93.6328100159889,-31.98487002263204,3.5438372308704866,5141.111946633679,yes
40,technician,married,basic.6y,yes,no,unknown,telephone,oct,fri,3693,4,5,2,nonexistent,-0.2102981167744549,94.32333548148034,-28.55193895533175,2.804425676750058,5226.070128340562,yes
51,services,single,university.degree,no,unknown,no,cellular,jan,fri,1621,10,21,0,nonexistent,1.3659602191097555,94.23143329676017,-39.67848700389395,3.2296360477285626,5195.783309915588,yes
77,self-employed,single,basic.6y,yes,yes,no,cellular,dec,fri,1655,21,16,1,nonexistent,0.0304362605065355,92.12987559644553,-36.12468289477128,2.3232359869599075,5021.310083618034,yes
57,management,married,university.degree,no,no,no,telephone,jan,fri,3198,18,4,4,nonexistent,0.4017507763758887,92.75281126342983,-31.313266228622332,2.718783517222097,5080.984501770277,yes
30,management,married,basic.6y,yes,unknown,unknown,cellular,jan,mon,1278,7,7,4,nonexistent,0.031935098464828074,93.32220387736356,-27.766325902263844,3.9409128808728666,5031.653587781801,no
56,management,divorced,university.degree,no,no,no,telephone,apr,mon,694,5,26,3,nonexistent,-0.4212074181535025,94.61245689851623,-27.637346529657595,2.7259848956686676,4976.228763328607,no
61,management,divorced,basic.6y,no,yes,no,cellular,sep,tue,3087,4,28,6,nonexistent,-0.7454875829111385,92.17489147052588,-28.744183233051604,2.255672063179555,5064.762808534218,yes
45,self-employed,married,university.degree,yes,no,no,cellular,aug,wed,2524,24,17,6,nonexistent,1.2524500525294318,92.51980229564866,-31.29733261207036,1.8133181412378074,4992.087394202752,yes
57,blue-collar,married,basic.4y,yes,no,no,cellular,apr,fri,1085,15,29,1,success,1.0944418661047846,93.74866565242239,-40.62389791668102,2.582203502864082,5165.914294523138,yes
33,blue-collar,divorced,basic.4y,unknown,no,yes,telephone,aug,mon,2928,18,18,0,nonexistent,-1.298319213347554,93.82755907271078,-34.79554399307872,3.133164673028678,5066.603070676967,yes
67,technician,single,university.degree,no,yes,unknown,cellular,jul,tue,2479,17,11,6,nonexistent,-2.036061400039925,92.45914849118766,-32.55424024347222,2.2477216610580806,4971.862896671179,yes
68,self-employed,married,basic.6y,no,yes,no,telephone,jun,fri,1693,6,24,4,failure,-0.9564670734710716,94.65524082104527,-48.60354296152087,4.564344782493523,5035.200120189311,yes
45,management,married,high.school,yes,unknown,yes,cellular,oct,wed,2315,26,11,6,nonexistent,0.1813500266164009,92.49513929889315,-48.01888619530263,4.982159321072136,5051.61049764659,yes
21,blue-collar,single,high.school,yes,no,yes,cellular,dec,fri,1058,26,12,3,nonexistent,-1.4754509458999086,92.51056246768843,-33.94095192948729,1.498121405368934,5083.4689302572815,no
45,self-employed,divorced,high.school,no,no,unknown,cellular,feb,thu,778,24,3,2,failure,-0.8212914396031501,93.77953335369271,-34.860754736718896,3.434764209362805,5143.776228965258,yes
74,services,divorced,high.school,no,no,unknown,cellular,mar,fri,3647,23,26,2,failure,-1.9662116311099407,93.1800982868078,-31.58780071085913,1.5070657802231264,5171.99589573713,yes
77,blue-collar,single,university.degree,yes,no,no,cellular,apr,thu,493,25,9,6,nonexistent,-1.347019031708011,92.07283264412061,-46.38856682958339,2.980624022795434,5224.345691653064,no
29,blue-collar,married,basic.4y,yes,yes,unknown,cellular,jul,wed,1585,1,15,5,nonexistent,1.1950179147472044,94.57742484021118,-28.413349081490917,2.3304865320264585,5189.542795037016,no
33,technician,single,basic.4y,no,yes,unknown,telephone,aug,thu,1492,3,27,0,nonexistent,-2.3686798279676506,92.21039720349093,-45.10329272790649,1.6798187681374692,5084.63889769518,no
70,blue-collar,married,high.school,yes,no,unknown,telephone,nov,wed,1790,9,4,4,failure,1.3459252738520628,92.43768834364307,-47.57111813367818,2.105142326896884,4991.501987619548,no
71,services,divorced,basic.4y,yes,no,unknown,telephone,aug,tue,660,5,27,5,nonexistent,-2.3654085599194326,94.51189122317003,-43.04838727653414,1.142699702518013,5139.22683190048,no
66,management,married,university.degree,no,no,no,telephone,apr,thu,1348,6,11,5,nonexistent,-1.8676672868907087,92.77087282948783,-31.47532020103376,0.9497527874362773,5075.3202101089855,yes
53,admin.,married,high.school,unknown,no,yes,telephone,sep,fri,1327,27,15,5,failure,-2.9816080849176023,94.28950107912847,-50.12508995918075,2.5805534998830137,5070.879669952762,no
79,technician,married,university.degree,yes,unknown,unknown,telephone,aug,fri,1299,13,26,2,nonexistent,0.21005834680914676,92.4780001746358,-45.37874179395363,4.187146942431079,5052.934637420369,no
37,services,married,university.degree,unknown,unknown,yes,cellular,nov,tue,3940,23,22,3,failure,-3.3153544681642044,92.13491576296482,-27.961139015088495,3.6047611211227193,5008.261242535403,yes
43,technician,married,basic.6y,yes,no,yes,cellular,may,mon,1986,3,28,6,nonexistent,0.3816363351611601,92.6572459727488,-50.393466995490776,3.219461783372275,4987.086029304621,yes
73,self-employed,divorced,university.degree,unknown,no,yes,cellular,mar,wed,3755,23,14,3,nonexistent,-0.6297602550180411,94.0776443319079,-44.14964050792069,2.4502208544686743,5180.19648352058,yes
73,management,single,basic.6y,yes,no,unknown,telephone,feb,mon,3060,3,20,4,nonexistent,0.19408221081742733,93.85526113783,-43.01404514602181,2.661628977998336,5012.523130575632,yes
43,blue-collar,divorced,high.school,unknown,unknown,unknown,telephone,dec,mon,2044,22,1,5,failure,0.3589782275871485,92.86973438150244,-28.718516422563674,0.6945843403400365,5148.7068321558545,no
39,self-employed,married,university.degree,unknown,yes,no,cellular,sep,tue,3272,24,22,0,nonexistent,-2.802965212187064,93.77374372527558,-30.45611566023771,4.736618900214743,5155.828506655592,yes
73,blue-collar,single,basic.4y,yes,unknown,unknown,cellular,jan,tue,3516,23,15,3,nonexistent,-3.297321503475385,93.86195168300831,-39.80388021397057,1.9677938241956066,5044.893643857838,yes
26,services,married,high.school,unknown,unknown,unknown,cellular,jul,thu,1928,5,10,1,nonexistent,-2.589920887065404,93.58111121799831,-43.21039095151972,4.623606195592217,5110.722390466693,no
22,management,divorced,university.degree,no,no,unknown,cellular,nov,thu,1347,12,21,3,failure,-1.5564757773840119,94.61946782091948,-28.228176268181628,3.7515010994322306,5151.752920920495,yes
34,admin.,divorced,university.degree,no,no,yes,telephone,jul,thu,1058,22,26,0,success,-3.0480810786860766,94.22213824516264,-46.29961635756635,3.0715718072355824,4999.160857306012,no
66,admin.,married,basic.4y,no,yes,no,cellular,jan,thu,976,20,8,5,nonexistent,-1.2076500602541937,94.28472789001779,-39.403981812634655,2.5589409353558685,5008.3939051278685,no
51,blue-collar,married,basic.6y,unknown,no,yes,telephone,jul,thu,481,18,1,3,nonexistent,-2.031571008707136,93.19250417201563,-40.799324162881554,2.0210600108505483,5153.394275278305,no
19,self-employed,single,university.degree,yes,no,no,telephone,jan,fri,727,7,17,5,success,-1.6535921161179583,93.91491839829439,-28.448603920972598,3.408544184987238,5037.624162614393,yes
70,management,single,university.degree,unknown,yes,unknown,cellular,feb,tue,2527,20,12,2,nonexistent,1.1137635955943945,92.51338355483472,-32.7361291249489,4.868995196161312,4991.952834187019,yes
72,management,married,basic.4y,yes,no,unknown,telephone,sep,wed,3136,22,12,0,nonexistent,0.07649946628677529,92.82867373372504,-39.725299967561334,4.139033732658838,5101.204257693812,yes
24,services,single,high.school,unknown,no,yes,telephone,aug,wed,1031,26,7,2,nonexistent,-0.24083206043633346,93.40677469677365,-36.29143577984873,2.3209675163161627,5176.882818045654,no
53,self-employed,married,university.degree,yes,no,yes,cellular,sep,wed,3372,12,9,2,failure,-0.262887028296781,94.28549936586293,-29.11023134110039,2.721568752246592,5044.580253966178,yes
30,admin.,married,basic.6y,unknown,unknown,yes,telephone,dec,wed,342,2,26,4,nonexistent,-0.7341712424808433,92.94340996785388,-30.93363741592709,2.6612070081711092,5032.510757568908,yes
37,services,married,basic.6y,unknown,no,no,telephone,sep,wed,3502,16,16,6,nonexistent,-0.9376939095990032,93.23148272348585,-36.09066169268562,1.7419929725478773,5018.554588413423,yes
47,technician,divorced,basic.4y,no,unknown,yes,cellular,apr,fri,1447,2,23,5,nonexistent,0.8343322540710228,94.6805558928158,-28.92388822594999,4.328067719483229,5089.683719279588,no
47,management,married,basic.6y,unknown,no,unknown,cellular,may,tue,2379,22,20,5,nonexistent,-3.039990747406448,92.79547435193567,-41.711141533629544,3.6484676301547725,5115.095320475533,yes
28,admin.,married,university.degree,no,no,no,cellular,oct,thu,2485,8,999,5,nonexistent,-2.0151039491259968,93.73058278634643,-33.27698722047171,3.2291505609031956,4999.192630308787,yes
48,services,married,basic.6y,yes,unknown,no,cellular,jul,thu,3659,1,15,5,nonexistent,-2.900189739319295,92.28152231234345,-50.41484874618523,2.506524953805326,5175.579168612211,yes
75,blue-collar,single,university.degree,yes,unknown,unknown,cellular,jun,thu,2221,14,25,6,nonexistent,-3.346946305332748,93.15269295483684,-36.86692676295306,1.651601185048745,5103.804514127502,yes
20,technician,married,basic.4y,no,no,yes,telephone,sep,tue,2606,10,10,0,nonexistent,-3.333438057063461,92.92425189404454,-47.5262041209101,3.415138404720271,5112.450472464351,yes
76,services,divorced,basic.6y,unknown,yes,yes,cellular,feb,tue,526,23,999,2,nonexistent,-3.284753050229704,92.03660196491514,-38.26921144864023,1.6417688481652712,4994.694286967067,no
19,blue-collar,divorced,university.degree,yes,no,unknown,cellular,aug,fri,1896,22,5,4,failure,-0.12765987638529172,93.63858973988768,-44.90837960175174,0.6387431198663416,5128.448395890996,yes
65,admin.,married,high.school,unknown,unknown,unknown,telephone,feb,fri,658,21,11,4,failure,-2.8652562843572555,92.92798207285922,-41.701675294076736,0.8932088824878159,5143.015450634249,no
20,admin.,married,university.degree,unknown,no,unknown,telephone,feb,thu,2073,13,15,2,failure,-2.428436403043642,92.70468709816566,-31.867266171636757,3.6536477482624923,5070.409077116185,yes
73,technician,married,university.degree,unknown,no,unknown,telephone,mar,tue,819,10,25,2,nonexistent,-1.3888764793454533,94.49927144564545,-49.3993450038621,2.261211926240848,5122.091915772991,yes
32,blue-collar,divorced,basic.4y,yes,unknown,no,cellular,apr,thu,2652,13,10,1,nonexistent,-2.1075987789602464,92.64293695853166,-37.95610546041302,1.508193924971253,5025.339095488403,yes
34,management,single,university.degree,yes,yes,no,cellular,jun,fri,405,28,17,0,nonexistent,0.5201486508329478,93.13535969265793,-47.33752128032023,1.6466150883251318,5132.690053239466,yes
65,admin.,single,basic.4y,unknown,yes,yes,cellular,jun,thu,2279,13,1,4,success,-0.40742038339184106,94.65840112205849,-37.09953834852844,2.7756652888262447,5104.583746482061,yes
69,self-employed,married,university.degree,no,unknown,no,telephone,feb,fri,2580,24,16,0,failure,-1.8001186986742808,92.22485960043386,-35.6571231013944,4.583964325171714,5117.750675789965,yes
24,management,single,university.degree,no,unknown,no,cellular,jun,mon,3890,1,16,5,failure,-1.8746418483204386,94.62761714158457,-46.448146091344086,1.7827018165709285,5030.17498982062,yes
65,management,divorced,university.degree,no,no,no,telephone,aug,wed,1573,5,19,4,nonexistent,-0.11827013435500668,93.09260136169341,-50.65739568811103,3.483996769339799,5172.318390041614,yes
22,services,married,basic.4y,unknown,unknown,unknown,telephone,may,mon,1811,28,20,3,nonexistent,-2.5807841504492295,94.21459720840717,-48.75766583123174,4.232594583902587,5182.066822567153,yes
51,services,single,university.degree,no,unknown,no,telephone,jan,thu,504,16,3,3,nonexistent,-2.053380681034311,92.9965114245006,-34.31825220018891,2.750208614573267,4991.306876350523,yes
50,admin.,married,basic.4y,yes,no,yes,telephone,aug,thu,3740,6,5,4,nonexistent,-1.7035179766437765,93.16354108011154,-41.71563804212843,0.7189444393794256,5193.087173404546,yes
71,management,married,high.school,no,no,no,telephone,jun,tue,178,4,23,1,nonexistent,-1.217700674659707,93.2257800759899,-41.887809571305795,4.103149107110289,5168.823729807918,no
78,services,divorced,basic.4y,no,no,unknown,telephone,feb,wed,131,10,26,3,success,-2.4854472527074933,94.65106361410784,-34.26381837512152,4.469215151068332,5109.932562602337,yes
62,blue-collar,divorced,high.school,unknown,yes,no,cellular,jul,fri,1846,11,14,6,nonexistent,-2.645281601054555,93.54071233887323,-38.91853568412006,0.7365850843857293,4978.173916989134,yes
33,blue-collar,single,basic.4y,yes,yes,yes,telephone,aug,thu,1478,28,10,5,nonexistent,1.3518083960787592,92.6072531352102,-35.5736634943773,1.1112865232738436,5102.004254917646,no
54,blue-collar,divorced,basic.4y,yes,unknown,no,cellular,feb,fri,2395,26,17,5,nonexistent,0.9833505185226735,93.71223084872588,-28.82804011322154,0.9829323481131045,5087.540889188363,yes
20,blue-collar,married,university.degree,no,no,yes,telephone,jan,fri,2587,2,16,6,success,-0.8866325123443628,94.4905192709072,-38.68594734219421,1.5731938652307607,5022.705806433516,yes
76,management,divorced,basic.6y,unknown,unknown,unknown,telephone,jun,fri,771,29,1,0,nonexistent,0.2746415048348357,92.60026670872823,-35.55095974814782,2.782419183269829,5184.069919815613,yes
76,blue-collar,single,basic.6y,unknown,unknown,yes,telephone,jun,mon,1429,24,12,2,nonexistent,-0.16478187717659998,92.94515394542722,-35.51085032985995,0.7467079891185467,5048.382840653146,no
64,management,single,university.degree,no,yes,yes,telephone,aug,fri,2123,21,25,0,success,-3.039451231263366,93.60009630683928,-38.02070574709531,1.3437340375412683,5117.07734273909,yes
65,admin.,single,high.school,yes,yes,unknown,telephone,jul,tue,578,26,29,5,nonexistent,-0.9140922858475898,94.76432230948102,-34.920041001903044,2.391905904782111,5082.7723106198455,no
60,admin.,divorced,university.degree,yes,unknown,yes,telephone,aug,mon,2901,22,26,0,nonexistent,-2.517186810151138,93.30300513479243,-30.85914695438791,3.385508479564434,5195.955110911958,yes
74,blue-collar,divorced,basic.6y,yes,no,no,telephone,oct,mon,1515,9,5,5,nonexistent,-0.5965200904642861,93.63617726867436,-31.49283571980458,4.602169789391607,5096.106057774811,no
68,blue-collar,divorced,basic.4y,unknown,yes,no,cellular,oct,thu,193,14,10,0,nonexistent,-3.1034009110526775,92.37886380455078,-49.431257498491775,4.251420451008634,5037.130390191213,yes
67,blue-collar,divorced,university.degree,no,yes,yes,telephone,may,wed,2007,2,29,5,failure,-2.618037984128664,94.12283428401626,-28.052283066811455,0.8372104341851685,5154.607280713567,yes
38,admin.,divorced,high.school,unknown,yes,no,cellular,feb,wed,1185,5,19,4,failure,0.35224568208145784,92.61563825928211,-30.551901447861198,4.854472641673909,5166.576144596911,no
58,services,single,university.degree,yes,unknown,no,telephone,may,thu,2394,12,6,4,nonexistent,0.6475875067306686,92.91818040059543,-27.60260130185112,1.7749044338800029,5210.815549215847,yes
25,admin.,single,basic.6y,unknown,yes,unknown,telephone,feb,wed,2998,1,29,0,nonexistent,0.9558109161874874,93.98678201947243,-46.16150269813136,2.199568389230011,5160.974900715689,yes
39,blue-collar,divorced,basic.4y,yes,no,yes,cellular,sep,fri,1384,19,17,2,nonexistent,0.9042874268447817,93.99546110526869,-37.97984135605872,0.9278722342721084,4976.716655880231,yes
68,services,married,basic.6y,no,yes,no,cellular,may,tue,1792,22,16,1,nonexistent,0.953738951536623,92.8926397788773,-40.28654369756726,4.718613029936622,5182.891256847945,no
71,services,single,basic.6y,yes,unknown,yes,telephone,jan,fri,3655,24,12,5,nonexistent,-2.9453968509596846,94.38088679854228,-41.79071666167276,3.002031780828653,5091.174844561947,yes
22,technician,married,basic.6y,no,unknown,yes,cellular,sep,wed,1110,12,20,1,nonexistent,-0.23445450313139224,94.22517471307573,-41.08426958112741,2.871759571066108,5002.273010769824,no
34,management,married,basic.6y,unknown,unknown,no,telephone,oct,wed,3333,21,13,3,nonexistent,-0.03494198750164127,93.72418119909098,-29.203465859077536,0.6668662412984604,5222.406659812848,yes
54,blue-collar,single,basic.4y,unknown,unknown,unknown,cellular,may,tue,2261,12,8,6,failure,-2.1126638303227407,92.50035286553536,-34.107142496672466,0.6151261018756922,5135.535473572907,yes
31,management,married,basic.6y,unknown,no,unknown,cellular,nov,mon,3736,20,12,3,nonexistent,1.3660676251883226,94.533663913308,-43.03847757582617,3.601740588145022,5199.614184425021,yes
56,technician,married,high.school,yes,unknown,yes,cellular,jan,mon,3793,5,5,2,nonexistent,-2.0280230047518417,93.47678016377566,-41.7448081711685,2.7220305404081793,5010.592712449798,yes
58,management,single,high.school,no,yes,unknown,cellular,sep,tue,1936,20,21,6,nonexistent,-0.6405380382455569,93.05393146496776,-39.602342047265914,2.8333198978312133,5168.967253087835,yes
45,blue-collar,single,basic.6y,unknown,no,no,cellular,sep,mon,2620,2,999,6,failure,0.787306027200254,94.59638530337511,-42.03037296815362,3.461012709287586,5121.3766216845725,yes
48,technician,divorced,high.school,unknown,unknown,no,telephone,oct,wed,779,14,999,0,nonexistent,-2.0119066529104757,94.72059023211736,-45.77925027504126,1.242144077540044,5065.7831879137775,yes
34,management,single,basic.6y,no,unknown,unknown,cellular,oct,mon,261,17,3,5,nonexistent,-0.48877446608539954,94.00813977631532,-40.395206250648386,4.992723350612389,5020.11661629664,no
52,admin.,married,basic.4y,yes,no,unknown,cellular,sep,wed,729,24,13,4,nonexistent,0.0560704351348663,94.21585217269505,-48.89932053779229,0.955383436389484,5053.727865323453,yes
57,services,single,basic.4y,unknown,yes,yes,cellular,jun,thu,282,15,17,3,failure,-0.39178898647992444,92.69094133416736,-30.37935324296483,1.778667115901111,5104.866352623112,yes
39,technician,divorced,high.school,yes,no,unknown,telephone,oct,fri,3719,29,15,6,nonexistent,-1.4513684243089446,92.72462739328269,-31.085609073921056,3.6529358350535652,5157.488300205227,yes
62,admin.,single,high.school,yes,yes,yes,telephone,oct,mon,1490,17,2,6,failure,1.134823440289369,93.59375911444624,-29.483091254991592,2.8700422245007626,5078.90732585305,yes
65,blue-collar,married,basic.6y,yes,yes,no,cellular,feb,thu,3451,2,26,0,success,-0.4609121936156797,94.75296877592496,-40.14273796912261,1.0249267243428377,5067.426155307537,yes
70,services,single,university.degree,unknown,unknown,unknown,telephone,dec,mon,361,21,5,1,failure,-2.323070812766994,94.08102829047424,-35.235620797689194,4.009331346967099,4965.864357380868,no
46,technician,married,basic.6y,unknown,no,yes,telephone,jul,thu,3520,8,25,2,nonexistent,0.4694203801249667,94.08877334320401,-31.441154545291496,4.8699041808397,5214.690518074137,yes
27,services,single,basic.6y,no,no,yes,telephone,feb,tue,440,10,28,4,nonexistent,-0.2517838357545161,92.72127293896388,-43.27491615020783,2.681535128479662,5167.4556927814765,yes
35,self-employed,divorced,basic.4y,no,unknown,yes,cellular,apr,thu,2140,3,999,4,nonexistent,-2.874327031674875,93.17538958766681,-35.6621069481788,1.7137128848419698,5227.012781885339,yes
52,self-employed,divorced,university.degree,yes,unknown,yes,cellular,apr,wed,1644,11,10,3,success,-2.0649178537301425,92.95908290135256,-40.3262497356878,1.0700406110891043,5207.027997865308,yes
61,technician,single,university.degree,unknown,yes,no,telephone,oct,tue,2800,27,27,0,nonexistent,-2.6409376752130194,92.84632157556094,-41.868315332121036,1.503003319203855,5191.859537949572,yes
33,technician,married,basic.6y,yes,unknown,unknown,telephone,jul,tue,866,9,28,4,nonexistent,-3.0511694145863117,94.04708396334422,-30.25858335568907,1.9694051631700806,4978.962875740553,yes
67,management,divorced,basic.4y,no,no,yes,cellular,jun,wed,1447,15,27,1,nonexistent,-2.295041188278923,92.27959151573242,-35.884534901720116,1.4270552396698943,5126.429170915284,yes
66,services,married,high.school,yes,unknown,unknown,cellular,dec,mon,141,22,26,1,nonexistent,-2.064936128551321,92.46323816580048,-35.90084711942343,3.6117147831198033,5023.2064300804805,no
24,self-employed,single,basic.4y,yes,unknown,unknown,telephone,nov,tue,1314,11,9,2,nonexistent,-1.1606792028410784,93.15442812516227,-47.0509556049752,0.7009438621000683,5196.768311947559,no
47,self-employed,divorced,high.school,unknown,unknown,no,cellular,dec,mon,1455,3,17,2,nonexistent,1.252462404916944,92.84763816406902,-42.50865491350247,2.400079489487241,5180.428743010529,yes
36,services,divorced,basic.4y,yes,unknown,unknown,telephone,dec,fri,2796,26,3,1,nonexistent,1.1276901607047423,94.5294391315454,-30.693927630781598,2.246234290497965,5008.669259435127,yes
72,self-employed,married,university.degree,yes,unknown,no,cellular,oct,thu,1875,7,5,1,failure,0.2176793070955751,92.56124147308623,-45.697537910755855,4.4631928642550385,5171.621335970099,yes
77,admin.,divorced,basic.4y,unknown,yes,no,cellular,jul,thu,1847,28,28,0,nonexistent,-0.29674510309157365,92.696760702499,-27.605919234582036,1.8002347411353319,5224.63940730745,yes
40,self-employed,married,basic.6y,unknown,unknown,yes,cellular,jun,wed,1712,23,18,4,nonexistent,1.146908812345647,92.49863751835946,-30.918158413090485,3.1625821894910526,5058.162114245552,no
25,self-employed,married,high.school,no,unknown,no,cellular,jan,wed,2700,7,8,0,nonexistent,-2.71625342707798,94.40338051744646,-44.404012001868125,0.6205891912161154,5060.207000992795,yes
34,blue-collar,single,basic.4y,unknown,no,yes,telephone,nov,thu,700,4,9,2,nonexistent,-1.8144134638903362,92.56576508709163,-48.213566642655714,4.634576743044252,4970.247166427644,yes
38,admin.,married,basic.4y,yes,unknown,no,cellular,apr,fri,997,6,19,2,failure,-0.7440294448783888,92.9858187751967,-46.7476190305662,3.4013162755658732,5155.897042283546,no
43,management,divorced,high.school,no,no,no,cellular,mar,wed,2096,19,22,2,nonexistent,0.5068840104863678,93.87407174439937,-45.011371555096666,4.091980459573822,5182.3148266343205,yes
74,technician,married,basic.4y,no,no,unknown,cellular,jul,fri,1325,14,26,6,nonexistent,-0.4058241512937869,92.2173691096685,-45.11784027831576,3.1051441940560824,4975.929687561519,no
45,self-employed,divorced,high.school,no,no,yes,cellular,jul,wed,880,4,4,4,nonexistent,0.48257210221166347,94.28661755979753,-50.410924445878564,4.188317003439782,5213.627872269248,no
76,management,married,university.degree,no,no,unknown,cellular,dec,tue,1213,19,21,3,success,-2.665239745506562,93.97750182036125,-33.70429130399768,0.9713123302822236,4983.032583340025,yes
56,management,single,high.school,yes,yes,no,telephone,dec,mon,1159,19,24,2,nonexistent,-2.474872732493823,92.73090538540312,-27.448104550855657,3.7261695869430222,5114.063505016915,yes
50,admin.,single,high.school,yes,yes,yes,telephone,nov,thu,554,17,15,2,failure,0.15471309254024504,93.09702477774661,-43.954221832612866,1.2547453496661036,5208.882878166802,no
57,technician,married,university.degree,yes,no,no,cellular,apr,mon,403,21,24,0,nonexistent,-1.7280853492336403,93.73619692438393,-50.41093683892901,3.136529716019893,5209.152553550961,no
36,blue-collar,married,basic.4y,yes,yes,no,telephone,jul,thu,891,28,21,0,nonexistent,-1.3067469178484934,94.65008087717493,-28.85238843311256,4.937180970131753,4998.847258645113,no
46,management,married,basic.4y,no,yes,unknown,cellular,apr,wed,2912,19,1,3,nonexistent,0.39998977622385035,93.76192929856792,-45.8718240505405,1.3942536433069788,5220.5148532991425,yes
37,blue-collar,single,university.degree,yes,unknown,yes,telephone,sep,mon,601,12,8,5,failure,-3.063826142361802,92.70851129640748,-50.629016558408665,1.7271430313413991,5035.128134810435,no
37,technician,married,basic.6y,no,yes,yes,cellular,mar,fri,1830,17,10,3,nonexistent,-2.5936984260081974,93.35099091915482,-45.44347313929624,1.5297737157804303,5053.964538633318,yes
27,technician,married,high.school,unknown,no,yes,cellular,oct,wed,340,15,1,3,success,-1.9801080978835885,93.25892130628421,-48.31401961845303,2.4137149836478184,5142.168343558781,no
79,admin.,divorced,basic.4y,yes,no,no,telephone,feb,tue,3828,9,17,3,nonexistent,0.8407686544779162,93.49130071220543,-33.447480518284905,2.7495676853874977,4993.248735896683,yes
29,services,single,basic.4y,unknown,no,yes,cellular,may,mon,1968,27,1,0,nonexistent,-1.4565718074809886,93.45333680615018,-50.76076627792865,1.3042421626371425,5104.921459553022,yes
73,self-employed,single,high.school,unknown,no,no,cellular,sep,mon,703,28,13,2,nonexistent,-2.1898775231912015,93.01934660314059,-40.251698915097535,0.7224492538885796,5179.425701012925,no
50,admin.,married,high.school,yes,unknown,no,cellular,nov,tue,317,20,22,0,failure,-0.14354863154572473,94.44111433022499,-39.04234456064985,2.103137017552569,5094.843179105792,no
73,blue-collar,married,high.school,no,yes,no,cellular,mar,thu,2665,28,26,6,nonexistent,-3.2546073494953673,92.92431137505382,-32.05755511402145,2.2809213033264024,4979.750341732708,yes
42,admin.,divorced,basic.6y,unknown,no,yes,cellular,jan,wed,1386,25,3,1,failure,0.3205124696057124,93.48386655745419,-38.315491115124836,2.2845572319080736,5176.535961333479,yes
42,technician,married,university.degree,yes,unknown,unknown,telephone,sep,tue,3893,16,7,1,success,-0.050114987909552725,92.7304167327473,-47.818772893719704,3.5259221321612446,5027.157901832956,yes
70,management,single,basic.6y,unknown,no,no,telephone,may,fri,2429,18,7,5,success,-3.1356002470212636,93.2174446556059,-40.60712302982727,2.574475514478535,5176.690262882543,yes
21,self-employed,divorced,basic.6y,unknown,yes,unknown,telephone,feb,wed,2280,18,999,2,nonexistent,-1.0094615323520428,93.90789464202092,-28.463277113322945,1.0745821233407207,5211.743860006598,yes
21,self-employed,single,high.school,yes,unknown,yes,telephone,jun,tue,1800,4,999,3,nonexistent,-1.460078005599293,94.1219971057624,-45.14037701699255,4.702347442816204,5163.248221226911,yes
26,services,married,university.degree,unknown,yes,yes,cellular,mar,tue,1367,4,3,2,failure,-2.6409317816321987,94.2574222175986,-43.642706950196484,3.6828945833692472,4972.368678464349,no
32,technician,divorced,basic.4y,no,unknown,yes,cellular,sep,mon,1572,21,17,1,nonexistent,-2.6605851324592202,94.06310881475852,-29.92911434796892,1.5365788196152683,5138.049622507017,no
73,self-employed,single,high.school,no,no,yes,telephone,mar,mon,816,27,28,5,nonexistent,-2.631048580383992,93.30691497390362,-32.015441910795836,4.714459185825962,5035.583717317658,no
43,self-employed,single,university.degree,unknown,no,yes,cellular,feb,mon,552,1,18,2,nonexistent,-0.5216205545682362,92.10491148814857,-43.7371502765892,4.962943896501461,5016.2274009063,no
32,management,single,basic.4y,unknown,yes,unknown,telephone,mar,wed,3600,5,9,3,nonexistent,-2.5786880737080664,93.46857778902375,-33.8698863382902,1.4686538015357684,5164.840349459841,yes
43,blue-collar,married,basic.6y,yes,yes,yes,cellular,jun,thu,855,12,17,6,nonexistent,-3.1139394882162326,92.15442187762945,-48.76573775231857,2.2742900797999157,5040.183886833002,no
45,blue-collar,married,university.degree,no,unknown,yes,cellular,mar,wed,1812,14,9,6,nonexistent,1.196369546361839,94.70605961054646,-37.82244286641042,0.9033071151979877,5001.579418253493,yes
24,blue-collar,married,basic.6y,unknown,yes,yes,telephone,sep,mon,2866,10,8,6,nonexistent,-3.211975576592241,93.05827817577429,-29.983675235453905,2.722802087574678,5008.803249542358,yes
49,admin.,married,basic.6y,no,yes,yes,telephone,sep,mon,3642,18,29,5,nonexistent,-0.21329896824670647,93.41027971249865,-30.663835799186444,4.065873226639052,5142.7363287146445,yes
29,blue-collar,single,university.degree,unknown,no,yes,telephone,sep,wed,182,21,21,5,nonexistent,1.0929580336954334,92.36273155330522,-45.95199634410828,4.577665324264147,5084.596845176954,no
52,blue-collar,divorced,basic.4y,yes,no,no,telephone,feb,tue,3112,10,6,0,nonexistent,-3.2179104011407116,94.78802406899686,-38.05734584649261,2.9991058293630655,5018.7824755499905,yes
69,admin.,married,university.degree,yes,no,no,telephone,jul,tue,1574,26,5,3,nonexistent,1.235513033692256,93.3781651194568,-41.27678193683673,2.0344695759032985,4984.678903021729,yes
49,management,divorced,basic.4y,no,no,unknown,telephone,dec,mon,396,16,999,0,nonexistent,-0.9887722826382237,92.83521191051427,-37.39555097508984,3.1290869212985206,5211.506179910829,no
26,technician,single,high.school,no,no,yes,telephone,feb,mon,1727,6,29,6,nonexistent,0.3684090427991485,92.54053626877113,-49.00575891342378,1.1082572445948307,5227.446631154805,yes
31,self-employed,married,high.school,unknown,no,unknown,cellular,jan,thu,2826,3,4,1,nonexistent,-0.3994147744401911,93.81980609296907,-27.345600113087396,4.275270514888038,5067.85851457531,yes
30,services,single,high.school,unknown,no,unknown,telephone,may,tue,1517,20,18,6,nonexistent,-0.43913448962086954,93.22163787617143,-37.332004911014124,2.89104992521272,5029.379365815785,yes
73,self-employed,married,basic.6y,unknown,unknown,yes,telephone,nov,thu,3730,15,14,4,failure,0.3860409162243406,92.888523987298,-47.94897730977049,4.922701539306547,4974.649848849559,yes
77,blue-collar,married,high.school,no,no,yes,telephone,nov,mon,906,5,25,2,nonexistent,-3.085887890593112,92.0269992676926,-35.44978471551548,2.364286204773743,5044.874697242444,no
61,blue-collar,divorced,basic.6y,yes,no,no,cellular,aug,mon,1356,6,23,4,failure,-1.516528580071645,92.10191166759654,-50.61564759495508,3.4755854118739022,5117.73559430803,no
50,self-employed,single,basic.4y,yes,no,yes,cellular,mar,thu,2174,25,13,3,nonexistent,1.2539268568972757,93.94211676528185,-50.645436973974704,2.095694444042692,5102.305204077457,yes
49,self-employed,single,university.degree,no,no,no,cellular,jul,thu,3629,25,6,0,nonexistent,-3.1379810531234362,93.34551330564157,-46.51839701013416,1.2496843135758875,5072.38698152925,yes
36,blue-collar,single,university.degree,yes,no,unknown,telephone,jun,mon,3628,22,8,3,nonexistent,-2.138580136554904,94.37689316048734,-44.32480110152458,3.9208041198720855,5059.371905963206,yes
47,admin.,divorced,basic.6y,no,yes,unknown,cellular,nov,fri,0,12,11,3,nonexistent,-0.17388667339094613,94.1098797143573,-44.51046527718898,3.5587954174125005,5222.341844820306,no
33,admin.,divorced,basic.6y,unknown,yes,no,telephone,jan,mon,3239,1,16,1,nonexistent,-2.917909016209517,93.60563327820964,-40.20819719728185,4.033835493172284,5095.921841450906,yes
29,admin.,single,basic.6y,no,no,no,telephone,dec,tue,3691,22,17,3,nonexistent,-0.8239668660168211,93.57077445683002,-38.53464709707095,4.912495172390049,4965.944385850532,yes
27,services,single,basic.4y,yes,no,yes,cellular,jul,mon,18,10,1,2,nonexistent,0.024178012609805462,94.0869658489888,-40.710572744237105,4.971003119043252,5148.550283088018,no
19,technician,married,basic.4y,no,no,no,telephone,mar,wed,3403,3,16,1,nonexistent,0.2356178233041369,94.0752544932795,-41.86405987558973,4.687576080245338,5117.865067470597,yes
35,blue-collar,married,high.school,no,unknown,no,cellular,apr,mon,583,21,23,4,nonexistent,-0.7062899530089728,92.93664892640993,-34.78365700309823,4.537297235549954,5005.441407576527,no
30,management,divorced,high.school,no,no,yes,cellular,oct,fri,455,5,27,3,success,-0.9969745163044916,92.29489447164516,-44.86474504717511,1.926624367497861,5150.956430763061,yes
46,self-employed,married,university.degree,no,unknown,unknown,cellular,feb,tue,3004,26,19,4,nonexistent,0.02666590191127703,94.16111903408853,-35.79542403578525,2.6612127477993233,4968.861773948138,yes
41,self-employed,single,high.school,yes,unknown,no,cellular,nov,mon,2036,15,6,2,nonexistent,-2.7037138445447875,92.62469662722661,-27.93564579594883,0.8059048025378407,5155.47407488157,no
55,blue-collar,single,basic.4y,unknown,no,yes,telephone,jan,thu,1132,4,9,2,nonexistent,-0.13351398425169098,94.21554223061804,-39.52462065465098,3.610490434430731,5003.126750729033,no
29,blue-collar,married,basic.4y,yes,yes,yes,cellular,may,tue,3339,19,14,2,nonexistent,1.0123775752919666,93.73065682554554,-38.58237688104337,3.002598434007887,5224.015431409724,yes
77,blue-collar,married,basic.4y,yes,no,no,cellular,jun,tue,2492,17,999,6,failure,-0.12278526449858379,93.00228826928495,-33.394138604054646,3.7106480695790816,5098.867264078776,yes
77,self-employed,divorced,basic.4y,unknown,no,unknown,telephone,nov,fri,3311,23,23,4,nonexistent,-3.176782549225291,94.38636700237731,-38.6732406078116,3.595606748740897,4966.429550761631,yes
46,blue-collar,married,university.degree,yes,yes,yes,telephone,feb,thu,1952,29,10,4,nonexistent,-0.9712663257315448,93.9352719353963,-47.36061060920636,1.796445394879117,5185.267889279965,yes
39,self-employed,divorced,university.degree,unknown,yes,no,cellular,oct,wed,3372,8,7,0,failure,0.0861213823226915,93.52630315336579,-36.20419009222795,2.6286745541763077,5181.764766725865,yes
53,technician,married,basic.4y,unknown,no,unknown,cellular,jun,mon,2649,5,26,1,nonexistent,-3.1924277641630474,92.84251986222884,-38.64031420519464,1.062391464001855,5165.5079824144805,yes
18,management,married,basic.6y,no,no,no,cellular,jun,wed,2150,24,25,5,nonexistent,0.25855169752026474,94.76158569442165,-28.05971041172496,0.9718805267159497,5105.885773011261,yes
60,admin.,married,high.school,yes,unknown,yes,cellular,aug,thu,987,4,11,3,success,-2.0483065296334626,94.34791343772419,-48.57721774579233,2.624192088057385,5021.38010692619,no
72,management,married,university.degree,unknown,yes,yes,telephone,aug,tue,3321,24,2,1,nonexistent,-0.5738886844657112,92.38241206516585,-37.97840664917184,3.0455582450259695,5132.876889745602,yes
57,blue-collar,single,basic.6y,yes,unknown,yes,cellular,jun,fri,3524,19,24,2,nonexistent,1.238448989115323,94.25744054106934,-36.05535072134882,2.0026135514282037,5187.89074930666,yes
51,management,single,high.school,yes,unknown,no,telephone,jul,fri,519,24,14,3,nonexistent,1.3756615277122013,92.33652808250734,-35.98452753490842,0.8709664563454207,5094.004740094734,no
51,blue-collar,single,basic.6y,unknown,unknown,yes,telephone,apr,tue,3224,22,20,0,nonexistent,-0.3548430531391782,92.69369364494453,-49.37315273512369,3.5109079283556643,4981.360775969252,yes
65,management,married,basic.4y,no,unknown,no,telephone,may,fri,858,9,4,1,nonexistent,-1.0408781170403758,94.68113933806464,-42.964845813326164,3.5804890836673327,5221.5570937104985,yes
50,services,divorced,high.school,unknown,yes,unknown,cellular,jun,wed,173,13,27,2,failure,-2.547076935102757,94.43573322779318,-44.52522264223393,2.011170416744705,5142.59416147745,no
21,management,married,basic.6y,no,yes,unknown,cellular,jun,tue,1366,21,29,3,nonexistent,-2.399998027058817,93.69680961142808,-34.54831160867791,0.6035659671823758,5223.30897456486,yes
55,admin.,single,university.degree,unknown,yes,unknown,telephone,mar,mon,3741,17,4,6,failure,-1.339839940051721,93.95755886990617,-33.22364890346053,3.3976042992575355,5013.059768019424,yes
47,admin.,divorced,university.degree,unknown,no,unknown,cellular,sep,mon,3052,8,16,3,success,-0.029025582672568752,92.25090651539576,-45.7984614640359,0.9102903562583737,5017.396822523351,yes
70,management,divorced,university.degree,no,unknown,yes,telephone,apr,thu,2478,27,29,2,nonexistent,0.2926549594771726,92.93064679919286,-31.056678524563683,1.5830668632735918,4990.176067260832,yes
69,self-employed,single,high.school,no,no,yes,telephone,aug,tue,726,19,25,4,nonexistent,-2.334839782892268,92.90278892844627,-39.20769079083916,1.6905507687492398,5019.266966703179,no
63,self-employed,married,basic.4y,yes,yes,no,cellular,apr,wed,3760,11,1,6,nonexistent,-0.8299994816518991,92.09147284775833,-44.515236212246926,1.7595194267166883,4992.256227817697,no
37,self-employed,divorced,basic.4y,unknown,yes,unknown,cellular,jun,tue,1710,21,999,1,success,-0.5602956907129387,93.97148533869203,-43.635902374868934,3.313335647039182,5035.818009080096,yes
43,management,divorced,high.school,yes,no,unknown,telephone,jan,tue,1875,14,17,6,failure,0.8867744958422062,92.86115187007339,-44.50145938015661,0.9483689111766891,5117.11837519856,yes
32,self-employed,single,high.school,yes,unknown,no,telephone,feb,wed,2897,18,24,3,nonexistent,0.8068234964672745,93.77265945958048,-36.35384116965693,3.4391835560535777,5180.422313052729,yes
24,technician,divorced,basic.4y,no,yes,no,telephone,jun,fri,1681,23,8,4,nonexistent,0.5234489664305255,92.0762273626595,-38.20312622789201,2.73310574724676,4989.0816499671855,no
24,management,divorced,university.degree,no,unknown,no,cellular,mar,wed,1347,5,28,0,nonexistent,-0.9200248477002176,92.00460175898012,-28.364353932869196,2.134543474007018,5005.269127035655,no
67,admin.,divorced,basic.4y,yes,unknown,no,cellular,nov,tue,989,28,29,3,success,-3.0876008621713043,92.47601922019324,-44.25883258185792,3.2584283055749537,5040.257055989654,yes
46,self-employed,married,basic.4y,no,yes,unknown,cellular,jul,tue,3744,23,4,3,nonexistent,-1.794527284057872,93.96808251521601,-43.17166137803512,4.443300439360897,5054.41157162022,yes
40,services,married,basic.6y,unknown,no,yes,telephone,jan,tue,2686,12,19,6,nonexistent,-0.41574169055058197,93.69168007106896,-50.645191585094935,2.9934250292929447,5198.7911480281045,yes
51,self-employed,single,university.degree,no,unknown,unknown,cellular,mar,tue,419,16,12,0,failure,-0.33948544498054595,92.5625376352446,-43.669705340738886,1.2869309644883336,5023.581481361423,no
37,admin.,married,high.school,no,no,no,telephone,mar,thu,593,16,1,0,nonexistent,0.6755503366430785,93.46544697056225,-44.803967247075136,3.0541678946349493,4997.435719082306,no
32,technician,divorced,basic.4y,unknown,unknown,yes,telephone,dec,fri,2532,14,21,5,nonexistent,-1.57890896289507,93.73381751659204,-41.192301817220084,2.5961164920146484,5194.706836057979,yes
50,management,married,university.degree,no,unknown,unknown,cellular,jan,tue,3730,7,12,5,nonexistent,1.095786252742447,94.62904564355007,-38.9541903282309,4.73851073483824,5197.07290263587,yes
70,self-employed,divorced,high.school,yes,yes,no,telephone,apr,thu,1774,21,24,3,nonexistent,-2.6164707136595773,94.13479210248227,-34.780996420193006,3.2108530960370087,5171.293184786603,no
34,services,divorced,basic.6y,yes,no,yes,telephone,aug,tue,2459,21,28,2,nonexistent,-3.1606440074517472,92.38033347015676,-46.213864508777945,0.7549624923414404,5064.465275672506,yes
37,admin.,married,basic.6y,yes,unknown,yes,telephone,nov,fri,935,9,7,0,success,-2.551882662016418,92.75664414028685,-37.501589574584074,1.131198126426806,5205.0416696814655,yes
78,services,married,university.degree,no,no,no,cellular,jul,fri,1107,3,9,4,nonexistent,-1.180848875544152,93.12976147361104,-33.38543552087825,2.9426023725543398,5079.804093383639,no
74,blue-collar,married,basic.4y,no,unknown,yes,telephone,jul,wed,1136,14,19,0,nonexistent,0.5499607262150848,92.29481367986006,-45.0357475591112,4.098917078347977,5172.964175846741,yes
30,admin.,married,high.school,no,no,unknown,telephone,may,thu,3808,24,5,3,nonexistent,-2.6615855632924075,93.55499868758861,-42.406042816452214,1.0206670645211893,5078.633009930277,yes
61,blue-collar,single,university.degree,yes,no,unknown,cellular,apr,fri,331,1,10,3,nonexistent,-0.7687049917172499,94.53985998116349,-45.89766503703275,3.0879269450889035,5091.0597818244605,yes
41,services,married,basic.6y,no,yes,unknown,telephone,oct,mon,3449,14,13,1,nonexistent,0.32763876044879275,92.85785756662986,-48.14633367126663,2.5915254059160326,5191.145960297498,yes
71,management,single,high.school,unknown,unknown,yes,cellular,jun,tue,3826,20,24,4,failure,-3.2326642439047673,94.75700850013563,-32.72672285983801,2.1967069831251145,4963.849198115085,yes
64,management,divorced,high.school,no,unknown,yes,cellular,feb,fri,2702,28,9,1,failure,-3.200703827805252,92.69808892476966,-45.062479986084334,0.9611954360560147,5036.06960769546,yes
73,management,single,basic.4y,yes,unknown,no,telephone,jan,thu,2088,18,9,0,nonexistent,-1.0451622990159606,93.32234589523583,-42.01510831927209,4.470439103282059,5133.904549687955,yes
54,blue-collar,divorced,basic.6y,unknown,unknown,no,telephone,jul,thu,1793,3,10,1,nonexistent,-2.523297858543054,92.96049813117253,-44.88028432462196,3.958156725231526,5207.451000095742,yes
24,management,single,basic.6y,unknown,yes,yes,cellular,apr,thu,958,27,3,3,nonexistent,-1.2372688210810776,92.86272138568576,-49.75259043765194,4.651915705961906,4966.919005412747,no
25,technician,single,basic.6y,yes,yes,unknown,telephone,jul,wed,3868,6,24,6,success,-3.189109648792066,93.05803824387787,-33.37713136734288,1.3376997052839934,5086.406971949278,yes
40,admin.,divorced,high.school,unknown,unknown,yes,telephone,jun,tue,104,4,27,2,nonexistent,1.288979121320236,92.09075370346883,-35.42441438886669,3.118795927933592,5100.213172807179,no
31,admin.,single,basic.6y,unknown,no,unknown,telephone,nov,mon,201,1,23,0,failure,-0.25989349943706763,93.48962895208109,-39.420586395080605,0.68481372572373,5227.940546139968,no
21,services,divorced,university.degree,unknown,yes,no,telephone,sep,thu,2497,21,2,3,nonexistent,-0.10385920632276167,94.07594688612488,-34.683371717984336,1.381849020403433,5147.985097698628,yes
38,self-employed,married,basic.6y,unknown,no,yes,cellular,dec,tue,1842,3,8,0,success,-0.9533022534127971,94.41861896696842,-30.568652473994035,4.071832312473126,4997.017236227309,yes
78,blue-collar,divorced,high.school,unknown,no,yes,cellular,oct,thu,1866,29,28,1,failure,0.5595688679302734,92.90819455973309,-36.018746456074844,1.8625671686865872,5110.48970338959,yes
63,admin.,single,basic.6y,no,no,yes,telephone,jun,thu,1996,28,27,1,failure,0.6003573679894628,93.54113186615477,-29.127833117795284,1.4678912136507485,5004.335191799373,yes
27,blue-collar,married,basic.6y,yes,unknown,unknown,cellular,mar,mon,1289,18,4,5,nonexistent,-2.63636477694777,94.49982887719716,-45.984264861574665,2.9858955367364306,5155.659936721719,yes
39,services,single,high.school,yes,yes,no,cellular,jul,tue,909,20,999,0,nonexistent,0.2882977537619497,94.23964225331936,-29.68775288473095,3.4840626322779342,5059.715737863106,yes
47,management,married,basic.6y,no,unknown,unknown,cellular,sep,thu,209,29,10,5,nonexistent,-0.6799608068863187,93.29941001686377,-37.85731774813491,3.285525549213147,5138.418617645262,no
47,self-employed,divorced,basic.4y,no,no,no,telephone,nov,wed,562,20,7,0,failure,0.25944834331980016,92.46156951655217,-30.68514480092093,1.0362675808549389,5200.211016407716,no
77,services,married,high.school,yes,unknown,unknown,cellular,oct,thu,3189,3,20,1,nonexistent,1.0097578465742494,93.56324717672818,-33.022951972543034,4.693753629878875,5172.992707477224,yes
33,technician,married,basic.6y,yes,no,no,cellular,dec,tue,2760,21,4,0,success,-1.7915383678384749,94.77114934516881,-49.42240731371139,1.379658769896142,5174.34127392095,yes
28,management,married,basic.4y,no,unknown,unknown,cellular,dec,fri,3448,21,1,5,failure,-0.6596246022511192,94.12100171877206,-30.77668126486891,4.671687291326658,5037.807352689723,yes
39,management,single,university.degree,no,unknown,yes,cellular,jun,thu,3622,16,8,1,nonexistent,0.3799179761294668,94.37446327880058,-42.73880530912413,2.7284002932091145,5119.931657446601,yes
46,management,married,high.school,unknown,yes,unknown,cellular,jul,wed,1563,24,5,5,failure,1.3364892411356317,92.52853258883725,-40.687067544145,1.0530035312197137,5013.24582061819,yes
42,services,divorced,basic.6y,no,yes,yes,telephone,aug,wed,770,26,10,0,nonexistent,-0.4596338737218796,94.53089545435368,-50.53531858365034,1.2539339359108403,5022.057027413889,yes
75,technician,divorced,high.school,no,no,yes,telephone,apr,thu,3155,7,9,6,nonexistent,0.061894459464127353,92.03954332217714,-32.66655549103861,2.4956019004722774,5150.822251824947,yes
31,self-employed,divorced,basic.4y,unknown,no,yes,cellular,may,tue,2501,27,11,2,nonexistent,0.6624562749831072,94.41419256077967,-39.63972027841189,4.991354069040415,5071.216813422556,yes
31,blue-collar,married,high.school,unknown,no,unknown,telephone,apr,thu,2714,9,2,0,nonexistent,0.20615030926944952,92.66953810752746,-28.343122372214502,4.49776103979371,5198.621662447239,yes
19,services,divorced,university.degree,yes,unknown,yes,cellular,jan,wed,628,23,6,0,failure,1.123193691783517,93.74359716177771,-44.08414907907551,4.913017180799732,5092.4583680021115,no
71,admin.,single,basic.6y,yes,no,unknown,telephone,jun,thu,3585,2,17,6,nonexistent,-2.297395336553971,92.82054576469876,-38.943884490174945,2.601260165143997,4981.844816254216,yes
30,admin.,divorced,university.degree,no,yes,no,telephone,jul,wed,1628,3,22,3,nonexistent,0.9574197220209592,92.37882866515524,-40.97387739561229,3.5909448352646045,5073.294226415448,yes
20,services,married,basic.4y,unknown,no,unknown,telephone,feb,fri,1701,22,11,2,nonexistent,-2.4058924178596626,92.69187431393865,-31.86857071920358,2.884457371126558,4999.034351849432,yes
47,blue-collar,divorced,high.school,unknown,no,unknown,telephone,jun,thu,386,1,10,1,failure,-0.6873857524528676,93.32419920277516,-37.99811941165905,0.7301135670518872,5226.64043274151,no
35,admin.,married,basic.6y,yes,unknown,unknown,telephone,nov,mon,1935,24,1,1,nonexistent,-0.8900968971430243,94.57505190603631,-39.80891743692658,1.2240891564395786,4969.889661164142,yes
71,blue-collar,married,basic.6y,yes,yes,no,telephone,feb,thu,3421,23,26,4,failure,0.5903921904754328,93.08921103057007,-28.171007881606638,1.8555656170482508,5112.172031942954,yes
53,management,divorced,basic.4y,no,no,no,telephone,oct,wed,2343,6,20,2,nonexistent,-1.4869733284977191,92.15643472026319,-41.76715473596959,1.977722882553053,5059.987395748582,yes
38,services,single,basic.4y,unknown,yes,no,cellular,may,tue,2305,21,9,2,nonexistent,-2.7127222670637097,92.06655017919547,-39.088545744901886,3.6573605845916597,5124.11883026266,yes
70,management,single,high.school,yes,no,yes,cellular,jan,wed,1104,15,12,0,nonexistent,-0.007380716512193289,92.58763768749203,-37.55603396749814,3.7713986854446904,5106.187636166644,yes
36,admin.,divorced,basic.6y,no,yes,unknown,cellular,mar,fri,267,26,25,3,nonexistent,-0.4881664047140012,92.14568083091528,-49.5126301188288,2.5822687240034172,5206.434384848787,no
33,blue-collar,married,basic.4y,no,no,unknown,cellular,apr,tue,2466,5,12,6,failure,0.5699275888509026,93.0391622456662,-38.21635925271042,2.2676196328345393,5011.861359546574,yes
45,management,divorced,basic.6y,no,no,yes,cellular,apr,mon,2282,13,14,1,nonexistent,0.24142764588997773,93.07590832230649,-42.774380295618975,1.379189195041102,4995.252710996302,yes
21,admin.,married,high.school,yes,unknown,yes,telephone,feb,mon,1856,8,24,6,failure,0.8951610270742202,94.72199420738052,-35.25910122995227,0.7801420174149551,5193.810348054221,no
68,technician,married,university.degree,yes,unknown,unknown,telephone,aug,fri,3382,24,12,6,nonexistent,0.6277643967995977,92.85745681265742,-35.4173683879913,3.175510885848919,5210.049164167973,yes
72,management,married,basic.4y,yes,yes,yes,telephone,jun,fri,3884,13,8,1,nonexistent,-0.10702572585229703,93.67701557442548,-33.79996402009901,2.1312495978937793,5057.52807285366,yes
32,technician,single,high.school,yes,yes,yes,cellular,sep,fri,1998,19,5,6,success,-1.1646047487770337,94.29270636892478,-41.26030839794031,2.6976258822598425,5216.540902849508,yes
18,technician,single,university.degree,yes,yes,no,telephone,jun,fri,3033,9,2,3,failure,-3.3022512317315305,93.43646402711416,-48.29557595299619,4.56369689646912,5054.283222243516,yes
65,self-employed,divorced,high.school,unknown,yes,yes,telephone,mar,thu,1380,3,27,5,nonexistent,-1.923550645128209,93.95039996525124,-40.30423856081199,3.5378207970447897,5118.17367631119,yes
64,admin.,single,basic.4y,unknown,unknown,yes,cellular,dec,wed,1236,29,19,3,nonexistent,0.0921072251478131,94.7282887594304,-37.60274226685562,4.026579271656517,5139.947111920854,yes
33,services,married,high.school,unknown,yes,unknown,cellular,feb,thu,573,26,19,5,nonexistent,-3.114385468557231,92.90762650752811,-50.20607899614126,1.3915768672869178,5226.4974586103035,no
71,blue-collar,married,basic.6y,unknown,no,yes,telephone,sep,tue,48,14,8,5,nonexistent,0.23165436241682963,92.20778961391828,-37.71802430515234,0.6068742459126614,5008.6491703482825,no
37,admin.,divorced,basic.4y,no,no,yes,telephone,mar,mon,1150,24,3,2,failure,-0.921358961162543,93.20488102205452,-41.25729577818661,1.1953807862360382,5041.547108682179,no
50,self-employed,married,basic.6y,no,no,yes,telephone,jun,mon,222,7,19,5,failure,0.7653719216843128,93.51377401275982,-39.36486794509076,3.9795615277688903,5108.070137115218,no
34,self-employed,divorced,high.school,unknown,unknown,no,telephone,oct,tue,2968,13,4,3,nonexistent,-0.23288291301667194,93.62396197232174,-43.550263780258426,2.552858488755668,5020.379296560899,yes
22,management,divorced,basic.4y,yes,yes,unknown,cellular,feb,mon,3350,9,21,3,success,0.43252091750774196,94.06797529256083,-39.037865257104805,1.5412012991252901,5117.017610586993,yes
79,blue-collar,married,basic.6y,unknown,no,no,cellular,jul,fri,1431,11,23,0,nonexistent,-2.5767768579749437,94.51463805775404,-29.724007971771627,4.832246071673662,5169.423057452362,no
22,self-employed,single,basic.6y,unknown,no,yes,cellular,jan,fri,1528,9,11,2,nonexistent,-2.570012010534202,93.40046273305339,-31.970407741722862,2.741514220373798,5196.160099557528,yes
75,services,married,basic.6y,no,unknown,unknown,telephone,sep,fri,3365,11,16,5,nonexistent,-2.3867626150398533,92.4015359730004,-36.07654413616259,2.2233662710183375,5052.532413939408,yes
56,admin.,married,university.degree,yes,unknown,unknown,telephone,jan,tue,1819,14,4,4,nonexistent,-1.8001035178909544,93.12954360634274,-35.824807166008796,4.899456742785698,5009.240645704531,yes
30,services,divorced,basic.6y,no,unknown,yes,cellular,sep,wed,2324,15,24,4,nonexistent,0.9412525457633211,92.43503431603192,-29.40017003281561,1.1877682057882915,5144.970766779836,yes
61,management,single,basic.6y,yes,no,no,telephone,nov,tue,1461,17,25,1,nonexistent,0.31667586295796746,92.51044883499247,-39.33526136284142,3.2380219893014743,5145.187015257632,yes
53,admin.,divorced,high.school,no,unknown,yes,telephone,jan,wed,1130,1,3,3,nonexistent,-1.6497135644295726,92.0047592216171,-37.90961434657873,3.895652432367066,5079.423814565427,no
47,management,married,high.school,unknown,no,no,cellular,jan,mon,1681,3,7,0,nonexistent,1.0087087305644076,94.60319406965799,-30.241732323120928,4.739367343420762,5120.610409742799,yes
74,blue-collar,divorced,high.school,yes,yes,yes,cellular,aug,mon,2467,23,8,3,failure,0.3388444464430973,94.08672774932793,-32.76225750252122,4.269601557845974,5174.811843278628,yes
21,blue-collar,divorced,high.school,no,no,unknown,telephone,jan,mon,2658,3,16,1,nonexistent,-0.2509243254167146,92.28077292939678,-40.4498383417654,1.8734029863321493,5157.54123313362,yes
40,services,married,university.degree,unknown,yes,unknown,cellular,aug,wed,3500,3,23,3,nonexistent,-1.3044795964136666,94.57629802215078,-43.504230626001736,1.7457591413905735,5141.586187688899,yes
38,services,divorced,high.school,no,no,no,telephone,mar,mon,374,4,7,4,failure,-0.27203246079512944,94.43700334435019,-38.42413329980771,1.0297553069145193,5138.664239786919,no
38,blue-collar,married,high.school,no,yes,yes,telephone,apr,tue,2120,24,4,2,success,-0.5525005060383545,94.54769204977869,-47.917392721863365,1.3366479201105463,5155.153385562423,yes
23,technician,divorced,high.school,no,no,no,telephone,feb,wed,2021,17,9,3,success,0.3529564135513091,92.27247903903007,-34.53752607956644,3.8123755300446494,5124.279792721391,yes
41,blue-collar,single,basic.6y,unknown,no,unknown,telephone,jun,fri,3705,20,17,5,nonexistent,-2.3172182483327317,92.22370067388235,-39.69969782715899,1.8726905077028997,4985.946959456145,yes
64,admin.,married,university.degree,yes,no,unknown,telephone,jul,wed,1053,4,27,4,nonexistent,0.8507732966932483,92.18965873841152,-36.579788960521554,2.54426306106092,5117.775324461282,no
70,management,single,high.school,no,no,no,telephone,oct,tue,3259,13,22,4,nonexistent,-0.5590241397240131,94.70738231977536,-30.575847843139535,3.63741347879185,5198.906951996489,yes
48,blue-collar,divorced,basic.6y,unknown,unknown,no,cellular,mar,tue,3435,24,13,1,nonexistent,0.47244108344839025,93.84931599726485,-42.283939610469695,3.5257826186271366,4973.547042860903,yes
36,blue-collar,single,basic.4y,no,no,no,cellular,sep,tue,1889,7,26,2,success,-1.7329467046437885,92.49834983001566,-38.91768598998839,4.0898921028395065,5069.148748471263,yes
55,self-employed,single,university.degree,yes,no,no,telephone,mar,mon,1823,4,26,1,nonexistent,-1.5188116273440997,94.60164655900789,-37.51899581378493,0.8565766224057847,5067.5274178082545,yes
79,management,single,high.school,no,unknown,no,telephone,jul,fri,1474,28,4,0,nonexistent,1.0989830945454877,93.24086211124025,-44.10382099536699,3.117337457543803,5030.7978474141055,no
29,self-employed,divorced,basic.6y,unknown,unknown,yes,telephone,apr,fri,2242,8,14,5,nonexistent,-0.41461555629078006,94.19925153440737,-44.23142618467877,4.525641876061331,5115.560259673861,yes
31,management,married,basic.4y,no,unknown,no,cellular,may,thu,1179,11,27,2,nonexistent,-1.874861338811161,93.78132705644607,-38.22328258370001,2.241744663909149,5008.730456782702,yes
67,admin.,divorced,basic.4y,no,unknown,no,telephone,dec,tue,3243,19,4,0,failure,-3.0056436110784217,93.81903342603923,-44.65380075972743,1.4425215922490542,5205.974057808424,yes
77,management,divorced,basic.6y,yes,unknown,unknown,cellular,sep,mon,2894,26,21,6,nonexistent,-1.315106439946549,93.23124158493931,-30.21726423537299,0.9028297794259663,5004.76690331979,yes
29,services,divorced,basic.6y,yes,unknown,unknown,cellular,mar,wed,1064,7,11,2,nonexistent,0.6755975482919504,93.10586065898731,-27.022483599586607,4.735023731717738,5218.844386452716,no
73,blue-collar,married,university.degree,yes,unknown,yes,telephone,mar,mon,3134,9,9,4,nonexistent,-2.193127330065702,92.45337746912311,-45.76063291031886,0.6167056426053263,4966.674529837099,no
73,management,divorced,basic.6y,no,unknown,no,cellular,sep,tue,2070,22,7,6,nonexistent,0.729377773758437,92.19818596829288,-37.051324501566164,4.084833862964782,5092.664588566606,no
32,admin.,divorced,high.school,unknown,unknown,no,cellular,sep,mon,359,4,26,0,nonexistent,-2.624094668410201,94.59837620352376,-47.32546474883243,1.7637091191114527,4973.180159190278,no
36,management,married,basic.4y,no,unknown,unknown,cellular,apr,tue,3146,4,999,2,nonexistent,-2.7763240901594974,94.62254635449054,-46.3648457484476,1.6667575073059806,5195.608587704741,yes
45,blue-collar,married,high.school,no,unknown,unknown,telephone,jan,wed,2607,1,2,2,nonexistent,-0.49267800179700355,93.795634298395,-32.493341295440764,1.293175184297187,5174.868391429114,yes
57,technician,married,high.school,no,yes,unknown,cellular,jan,wed,2719,6,27,0,failure,0.4622620054073484,93.08657159978257,-46.027645435298446,1.4526283483093752,5023.124016124018,yes
58,management,single,high.school,no,no,no,telephone,dec,fri,2041,3,15,6,success,0.34425403378755026,92.07025202343772,-32.89887187944958,2.8618326046305604,5000.101832822616,yes
22,services,married,basic.4y,yes,no,no,cellular,sep,thu,3896,3,22,6,success,-0.7906784053532088,93.25343719740901,-41.143713604749095,4.452187956243336,5019.679472834901,yes
22,blue-collar,single,basic.4y,yes,unknown,yes,cellular,jun,mon,1141,1,29,2,success,-0.33427968213737796,93.84513094788576,-39.3409214309669,2.2170883985075123,4984.317770843381,yes
23,admin.,single,basic.4y,yes,unknown,unknown,cellular,may,thu,1635,7,10,1,nonexistent,-2.16064340455263,92.84080318270209,-44.6000603935036,3.880486217745692,5026.270876276771,yes
40,blue-collar,divorced,basic.6y,yes,yes,unknown,cellular,dec,mon,1403,9,8,6,nonexistent,-0.7541396287220564,92.95882433268423,-37.679347360940355,1.6852714452579902,4981.61471870721,yes
20,self-employed,single,high.school,unknown,unknown,unknown,cellular,oct,fri,1943,3,9,1,nonexistent,-2.4030327769826414,93.32250554681481,-42.87583746769609,4.578118206443774,5189.0910460841915,yes
54,technician,divorced,university.degree,no,yes,unknown,telephone,mar,fri,678,23,1,0,failure,1.056120825108028,93.38576971377013,-46.62786915373536,4.621280727226851,5189.233299131103,no
50,admin.,single,basic.6y,no,no,unknown,telephone,mar,wed,3361,25,19,4,success,-0.14532766866832073,94.08002146069175,-47.4761539526256,1.0763277473359674,5108.806801934163,yes
60,technician,married,basic.6y,no,no,no,cellular,feb,wed,2487,15,10,3,failure,-0.6897087236200069,93.39933146656033,-26.908198609355768,4.290795696432131,5206.910350713185,yes
75,technician,divorced,university.degree,unknown,unknown,no,cellular,jul,wed,3739,3,19,0,nonexistent,-2.213717019066621,94.36676919665081,-42.53937182708201,3.688329820929344,5056.248395094501,yes
38,services,single,high.school,unknown,yes,unknown,cellular,sep,mon,2980,25,10,5,success,-1.4369047034613025,93.35177429343621,-31.562298891924026,2.3328932993375546,5010.901080697829,yes
37,management,divorced,university.degree,yes,yes,unknown,cellular,jun,thu,6,11,6,0,nonexistent,0.34504035815111567,92.08935338089651,-42.64089604569756,4.273013720718081,5044.090489325581,no
18,services,married,basic.4y,no,no,no,telephone,oct,thu,3267,18,20,0,nonexistent,-2.250839955190744,92.3959371235316,-35.91127362068204,4.575323422123972,4996.311585970448,yes
56,services,single,high.school,no,no,no,telephone,jan,wed,2468,3,27,6,nonexistent,-2.781485450024107,94.01085301765897,-30.696216889712883,2.7840555776906104,5181.113798214143,no
64,self-employed,single,basic.6y,unknown,yes,yes,cellular,jun,fri,1591,27,10,5,nonexistent,-1.9247025266266826,93.26521283168627,-34.1647858561126,2.83869871349521,5164.730906452459,yes
34,services,married,basic.4y,no,yes,no,telephone,nov,thu,832,20,4,5,nonexistent,0.4134643883345768,93.29140881328274,-49.149078782071896,3.6988220091867445,5013.798990919262,yes
46,admin.,single,basic.4y,unknown,no,yes,cellular,aug,fri,3264,7,22,5,nonexistent,0.838957201143358,94.73841904925447,-46.19265474342119,1.674570297612731,5107.888876061644,yes
25,management,single,basic.6y,yes,yes,unknown,cellular,aug,wed,2606,27,11,0,nonexistent,-1.4110560070182676,93.60009246202989,-29.921354014845296,0.9378806466684816,5037.828485981922,no
79,management,divorced,university.degree,unknown,no,unknown,telephone,oct,mon,3219,9,17,1,nonexistent,0.3500369727362059,92.32737696478658,-39.53776603229961,2.926196904933117,4998.287054791806,yes
43,admin.,single,basic.4y,no,yes,unknown,telephone,mar,tue,1810,29,23,0,failure,-1.8053246491819652,93.21451226213824,-36.49657576740946,2.0097743383672437,5028.486743434952,no
45,services,married,basic.4y,unknown,unknown,no,cellular,jan,thu,3740,17,21,4,nonexistent,-0.9578052187564516,93.57171081943885,-50.215577441183996,1.1407184697255477,5122.256638328887,yes
51,services,single,high.school,unknown,no,no,cellular,may,wed,3273,28,4,3,nonexistent,-3.3031145611483845,92.10490376819577,-39.15313209379417,1.2165527336948778,5135.702773757331,no
43,technician,divorced,high.school,yes,yes,unknown,cellular,jun,wed,3515,9,14,3,failure,0.017580201520863665,93.02090759363487,-40.502530579816586,1.5372486431441592,5013.024576865824,yes
30,technician,single,basic.6y,no,no,unknown,telephone,oct,thu,913,10,11,4,success,0.049812508123092195,94.70989076936816,-34.39991505730034,2.0862588794888506,5168.2732858316995,yes
61,self-employed,divorced,basic.6y,no,yes,yes,cellular,sep,tue,2011,13,999,0,nonexistent,-2.91902211359827,94.10364901978183,-44.24070692786083,2.5220886378493064,5115.663256038445,no
54,blue-collar,single,basic.6y,yes,unknown,no,telephone,feb,mon,1442,5,29,6,nonexistent,-1.6777353130315982,93.0420271894021,-33.021007382031726,4.808900105055321,5077.139449074389,no
30,technician,divorced,university.degree,unknown,unknown,no,cellular,jan,thu,1450,14,17,3,nonexistent,-1.0789759530012335,92.73391295281621,-34.765588944686534,2.735027911572032,5134.539288722405,yes
55,management,divorced,basic.4y,unknown,unknown,yes,telephone,jul,mon,3054,4,5,1,nonexistent,0.3157109449786947,92.79282671221208,-38.61789048172724,4.618983096546327,5051.754493582508,yes
42,admin.,single,basic.6y,no,no,unknown,telephone,feb,wed,1502,14,5,3,nonexistent,0.553311352778958,94.319560746566,-41.8219430670626,3.003509729610881,5033.381012539573,yes
64,services,married,high.school,unknown,unknown,unknown,telephone,nov,thu,3546,29,28,5,failure,0.05196181572126669,93.12455554008882,-43.58240186901381,1.2955718648725136,5208.609235157917,yes
79,blue-collar,married,basic.4y,yes,no,no,cellular,feb,mon,125,11,10,4,nonexistent,-2.3639346311594265,94.36088951365812,-38.0111212709791,4.308901441347162,5201.438682431926,no
40,technician,single,basic.6y,no,unknown,no,cellular,mar,fri,2442,28,24,3,failure,-1.68956451136138,94.54448223387523,-37.013908349508384,0.6725142320954771,5089.30061477941,no
39,blue-collar,single,basic.4y,unknown,no,unknown,cellular,apr,fri,816,22,10,4,failure,-2.2129462197068137,93.29975768118904,-40.08964363257862,3.0804427000762167,5123.328397297196,no
38,admin.,single,basic.4y,yes,unknown,yes,telephone,jul,fri,2928,10,15,0,success,-0.34151051618493344,94.64676279768499,-43.13827021398465,2.103979164285161,5137.36189651847,yes
71,admin.,single,basic.4y,yes,yes,yes,telephone,jan,mon,1829,5,5,6,nonexistent,-0.2927220213003368,92.8398638940503,-29.770380643426634,2.528245851671052,5137.010451618299,no
47,blue-collar,single,basic.6y,no,yes,yes,telephone,jun,fri,575,21,999,3,success,-3.322388034762807,92.72805764989744,-43.38591100953627,4.108815501913329,5103.297897011439,yes
28,blue-collar,married,basic.4y,no,no,no,telephone,nov,wed,2372,12,27,4,nonexistent,0.11221410728205804,92.3004455302659,-34.73523500190574,0.6240089683241505,5046.314355761642,yes
21,self-employed,divorced,basic.4y,unknown,unknown,yes,telephone,jul,mon,1415,21,22,1,nonexistent,-2.2983496684488434,92.68825139194999,-29.174671230409185,1.402255349859818,5198.887655022578,no
50,blue-collar,divorced,basic.4y,unknown,unknown,no,telephone,mar,wed,929,15,15,1,nonexistent,0.44660424065997967,94.1634303336702,-35.34029186533491,4.175741025874449,5112.231684213611,yes
64,services,married,high.school,unknown,yes,no,telephone,mar,tue,3759,24,27,2,nonexistent,0.5975099653919327,93.1306053472091,-42.0544376708799,3.00012128792255,5203.571202905506,yes
29,management,married,basic.6y,yes,unknown,unknown,cellular,feb,mon,3699,13,2,3,failure,0.4254850397022911,92.4148560653509,-43.69673147805894,1.7365844135159374,5182.71313079904,yes
26,technician,divorced,university.degree,yes,unknown,unknown,telephone,may,fri,1463,26,23,0,nonexistent,-1.4410575088590478,92.29968822360891,-30.403698287276764,2.7901480546756106,5135.428365931269,no
49,technician,married,high.school,unknown,no,yes,telephone,jul,fri,3275,8,5,5,nonexistent,-1.7281491911422784,93.37267672273533,-39.09004225724174,2.37281675049626,5151.536222128103,yes
28,technician,single,basic.4y,no,yes,yes,telephone,nov,tue,3557,26,2,2,nonexistent,-1.3114187936815913,93.51019237372806,-36.61850571745192,3.9822843597591233,5204.62212122358,yes
54,blue-collar,married,basic.4y,yes,unknown,no,telephone,dec,thu,832,4,18,3,nonexistent,-0.8692639935678725,94.22475400936803,-36.54843463791898,3.9287660990036044,5130.578661392653,no
41,blue-collar,married,university.degree,yes,unknown,unknown,telephone,mar,tue,1054,13,28,1,nonexistent,-2.200384358041876,94.00146264161917,-38.042138624037555,2.6377128111345374,5087.470239634575,yes
24,self-employed,married,university.degree,unknown,no,unknown,cellular,jul,fri,3459,15,7,6,failure,1.0718546886822287,92.46792189626157,-28.54130081525897,1.8139557451966333,5080.576478848326,yes
25,blue-collar,married,high.school,no,no,no,telephone,aug,fri,1648,9,21,0,nonexistent,-0.9804881915183532,92.77528408197814,-28.548283195587864,0.6530829586905864,5222.776424912776,yes
50,self-employed,divorced,basic.4y,yes,no,yes,telephone,mar,thu,1900,24,1,1,nonexistent,-3.048654373049567,93.94253980537896,-49.8339263898703,2.6793314241604693,5162.401308891653,yes
42,self-employed,divorced,university.degree,no,no,yes,telephone,nov,tue,1457,28,18,3,nonexistent,1.3865700357844502,92.50560380731037,-38.71458139220774,3.2072097876536305,5141.153879111999,yes
18,services,divorced,high.school,yes,unknown,no,cellular,jan,wed,2884,6,27,5,nonexistent,-1.0763006061508302,94.24902811090631,-37.28293253897539,3.26400669589827,4989.007103351451,yes
20,services,divorced,university.degree,no,unknown,unknown,telephone,mar,tue,2973,18,14,0,nonexistent,1.1455465735053383,93.84060131650584,-28.679152653183316,4.4190992803252005,5119.134223297654,yes
57,services,single,basic.4y,no,unknown,no,telephone,jun,wed,1399,9,21,0,nonexistent,-1.5266381546902417,93.5017584785663,-49.135181913146745,2.6566477189990283,5013.560769263146,no
45,services,single,basic.4y,yes,no,no,cellular,jan,fri,3415,22,13,2,success,-2.3211481474925053,93.80391590897891,-31.941118969365082,3.7699491959414133,5066.697113996741,yes
60,admin.,divorced,basic.4y,no,unknown,yes,telephone,sep,fri,442,24,13,0,nonexistent,0.13702452859196526,92.27920381121386,-35.44619330173254,1.1596647485119569,5111.007792080323,no
50,services,divorced,basic.4y,yes,yes,unknown,telephone,mar,tue,3650,6,22,3,nonexistent,-1.3240272951277399,93.53446171599258,-33.293268714683336,3.9615950213600732,4965.708638438272,yes
63,services,divorced,basic.6y,yes,yes,yes,cellular,mar,fri,2122,21,3,5,nonexistent,0.831001364407022,93.26363928823167,-43.828241728753966,2.558676816891607,5191.6746659562095,yes
18,services,married,basic.6y,no,unknown,yes,cellular,dec,thu,556,7,23,5,failure,-1.1704427503218926,93.43630189554283,-32.955955647317566,3.6552345187467394,5079.6347926472645,no
55,self-employed,single,basic.6y,yes,no,unknown,cellular,jul,mon,3843,12,18,4,nonexistent,-1.7759648290612282,92.9454674905904,-44.044132342877305,4.274671251631254,5128.300365376053,yes
70,technician,single,high.school,no,yes,yes,telephone,jul,wed,3737,4,29,4,nonexistent,1.240054206240194,93.31089545696395,-34.65154500684716,1.7175268584322105,5017.017440416719,yes
44,technician,married,high.school,yes,unknown,no,telephone,jun,fri,1178,26,21,0,failure,0.5857981529441608,94.47309931748467,-31.990163084094018,3.5330583841846392,5149.052402003247,no
55,technician,married,university.degree,no,yes,no,telephone,jul,wed,3501,11,6,4,nonexistent,-2.4131233246326285,92.96559010508646,-32.07897096431669,1.1422931618560492,5045.612568439031,yes
52,management,married,university.degree,yes,yes,unknown,telephone,may,tue,2037,3,15,5,nonexistent,-1.0534949256012145,92.12581973098231,-37.78949036520022,1.091209445233601,5100.113187035297,yes
27,admin.,single,high.school,yes,yes,no,telephone,aug,thu,362,27,7,3,nonexistent,-2.856080356861756,92.71814840869101,-40.91574322587569,1.847797254401976,5049.099189277437,no
29,self-employed,married,university.degree,unknown,yes,no,cellular,oct,wed,2495,28,26,2,nonexistent,-2.882826213032241,93.27221797592559,-44.97905863278164,1.1760888575852242,5134.079367452752,yes
27,blue-collar,married,high.school,yes,unknown,no,telephone,feb,fri,1257,7,14,1,nonexistent,0.69632033076831,93.49377357263891,-49.99946277824807,2.5928606876767017,5188.529295006159,yes
71,self-employed,married,basic.6y,yes,yes,no,cellular,may,mon,3634,2,19,1,nonexistent,1.0727638750441388,93.19601448074503,-49.63140792882705,4.4174308533468585,5133.165787560867,yes
51,services,divorced,high.school,no,unknown,yes,telephone,nov,thu,1841,10,4,3,nonexistent,0.14639681612413252,94.31451402234103,-40.79747616512781,0.9271801016862065,5010.727916187301,yes
41,technician,married,high.school,no,yes,no,cellular,sep,tue,2309,3,21,2,nonexistent,1.3483361663565114,94.56248417008216,-48.531015294689425,2.1988401776746014,5029.632408159789,yes
45,self-employed,divorced,university.degree,no,yes,unknown,cellular,apr,fri,1850,17,999,3,nonexistent,-3.182661565028829,93.36304205499455,-48.12407372180293,1.5142967825025193,5101.865311902861,yes
39,admin.,single,university.degree,no,yes,yes,telephone,aug,thu,2172,11,11,0,success,-1.8087547951912957,92.21246340485744,-46.14663820265515,2.6185323975357693,5035.358196814301,yes
62,services,single,high.school,unknown,unknown,no,cellular,mar,fri,910,28,8,2,failure,-2.7658033107191935,93.1787645277122,-39.29675193960589,3.3908182492520322,5015.299940413707,yes
33,management,single,basic.4y,unknown,yes,no,telephone,jun,tue,244,1,18,5,failure,0.353688815620357,92.50746902926645,-36.657160030450655,4.352972713657238,4975.9408751323135,no
30,blue-collar,divorced,university.degree,no,yes,unknown,telephone,aug,tue,541,2,17,4,nonexistent,0.8739825193232963,92.79378992222388,-34.20703144973579,0.7035330812265072,4991.149017017056,no
53,services,married,high.school,no,no,yes,cellular,sep,mon,2532,13,26,0,nonexistent,-1.25383101123013,94.33211827705792,-39.17934181236353,3.099988087397454,5112.994389601931,no
53,blue-collar,single,university.degree,no,yes,no,cellular,jul,thu,2169,14,6,4,nonexistent,0.5801831374481176,93.49881731293515,-34.91279491333488,3.6354709255215445,5015.078832370143,yes
79,self-employed,married,basic.4y,no,no,unknown,telephone,jun,mon,2172,17,10,0,nonexistent,0.668583750072327,94.32005679539427,-30.195614673915145,1.1933323320929194,5095.429963027443,yes
60,services,divorced,university.degree,yes,unknown,yes,telephone,nov,mon,1572,2,10,0,success,-2.7294857854359322,94.75975381976839,-41.857503739109,4.725437284088806,5133.368062888095,yes
40,management,single,high.school,no,yes,yes,telephone,jun,mon,2217,17,29,0,nonexistent,-1.5904689700475871,93.52664041044612,-34.351089421326584,0.9561754766765846,5029.761719471249,yes
31,self-employed,married,high.school,yes,yes,no,telephone,dec,wed,123,19,19,6,nonexistent,-2.497464490194936,94.55433433748586,-35.06171126391864,2.0088659441259296,5214.752028854915,no
49,admin.,married,basic.4y,no,no,unknown,cellular,jun,tue,3940,25,19,0,nonexistent,-0.1837553876252452,93.91370471664604,-35.587753755784405,1.6494351164854058,5031.491359094371,yes
20,blue-collar,single,high.school,unknown,no,unknown,telephone,oct,mon,3106,9,25,6,nonexistent,-1.5408107453548168,92.28509177986716,-36.85444657003659,0.8983196375400451,5006.475663114964,yes
44,blue-collar,married,basic.4y,unknown,yes,no,cellular,sep,wed,3158,24,14,2,nonexistent,-0.19468088960329555,93.17011693929574,-33.44482818392671,3.679937637032226,5084.443634750009,yes
36,admin.,divorced,high.school,no,unknown,no,telephone,mar,wed,2693,25,24,2,nonexistent,0.804206133543118,93.84503167007455,-31.236815019937023,2.849608780838494,5080.551117997365,yes
39,blue-collar,single,high.school,unknown,no,no,telephone,apr,wed,1731,12,22,0,nonexistent,-1.4187887501674936,93.97473262603118,-41.42810545662841,2.479349609650116,5190.637478363755,yes
74,self-employed,single,university.degree,unknown,yes,unknown,telephone,mar,mon,785,16,24,3,failure,1.2652340413984957,94.40986474145794,-35.15115959753595,1.4775511549038227,4976.124868961423,no
18,technician,single,university.degree,unknown,no,yes,cellular,sep,wed,2043,4,16,0,nonexistent,-1.4386524445073934,93.78441563562724,-44.86058931258446,2.5486107171999444,5035.662005653389,no
22,admin.,single,basic.4y,unknown,unknown,no,cellular,may,mon,2248,24,2,0,success,-2.3740736552818995,92.25226264752733,-32.731450945236375,4.565458132509505,5196.113597068008,yes
66,management,divorced,university.degree,yes,no,no,cellular,oct,thu,2416,11,25,3,failure,-0.8594904090861964,92.39884038485557,-29.75859970876687,2.1628893984418665,5164.286420554525,yes
50,services,divorced,basic.6y,yes,yes,yes,telephone,aug,tue,796,21,10,3,nonexistent,-1.4846150378156895,92.9193019758912,-32.60080479651269,2.8385313969515757,4964.628616327678,no
68,services,married,basic.4y,yes,no,yes,telephone,dec,fri,76,20,25,0,failure,-2.7999927606676973,92.82332242458273,-39.06293137475772,4.686167129663022,5103.229130488026,no
36,admin.,divorced,basic.6y,yes,unknown,unknown,cellular,aug,mon,58,29,12,1,nonexistent,-3.2886786708186038,92.62049500677254,-47.61084212539616,3.6413896438654274,5028.33490443366,no
53,technician,married,basic.4y,no,yes,no,telephone,sep,tue,2478,4,27,1,success,0.17122002832024702,93.72842936505346,-29.932836284916693,0.7841764669972128,5224.998026161994,yes
68,self-employed,married,basic.6y,unknown,yes,unknown,cellular,oct,mon,2685,2,29,3,nonexistent,1.077725536275544,93.2031882077471,-31.330543219781426,2.062419759662068,5223.753041506445,yes
23,management,single,university.degree,unknown,yes,yes,cellular,jul,thu,1523,10,5,0,nonexistent,-1.2857223073874877,93.91796858664664,-34.11770892971933,4.896092743746934,5208.8862036716155,yes
77,services,married,university.degree,no,yes,no,telephone,mar,tue,1936,9,13,5,nonexistent,-3.086046028718644,93.08351313880996,-30.44951148435769,4.406787535746515,4966.238892690875,yes
32,services,single,high.school,no,unknown,unknown,cellular,may,tue,2156,29,10,4,nonexistent,0.15508692472953362,92.76742923282625,-38.06065952168565,4.48381797270051,5202.9590829909575,yes
53,self-employed,married,basic.6y,yes,yes,unknown,telephone,mar,wed,3807,25,12,4,success,0.761945437798492,93.54131928558895,-27.12030138727523,4.709809537461394,5050.006547847484,yes
73,technician,divorced,high.school,yes,unknown,yes,telephone,feb,mon,3055,17,16,0,nonexistent,-1.846465186444032,92.27092820085609,-30.793961840107496,3.3876298003611005,5133.385466033167,yes
50,blue-collar,single,basic.4y,unknown,unknown,no,cellular,mar,mon,1301,12,13,0,nonexistent,-2.3343266900237727,94.7682433439756,-46.89004901189654,4.033256613904926,5082.409800647924,yes
41,admin.,married,basic.6y,no,no,unknown,telephone,dec,fri,67,4,20,0,nonexistent,-1.7821283237821903,93.83576381214367,-41.18852418571602,3.475458563367429,5057.392772219194,yes
44,technician,divorced,high.school,unknown,no,unknown,cellular,oct,wed,3140,9,13,4,success,0.9599132056709209,92.3420545771477,-46.73377286402342,2.924940073322372,5039.496558115421,yes
66,technician,divorced,basic.4y,no,yes,yes,cellular,sep,wed,3236,14,3,4,nonexistent,-1.3937865839989918,93.74274408234996,-45.440168629686866,2.8872976371949695,5076.748867951192,yes
28,technician,single,basic.6y,yes,yes,no,cellular,sep,fri,3560,4,29,3,nonexistent,-0.2600419352747887,92.2084101525443,-38.82675797135527,0.6570719547624208,5042.164832007823,yes
66,technician,single,high.school,unknown,unknown,yes,telephone,aug,wed,2352,2,3,2,nonexistent,-3.0430955332373224,93.41743255044817,-42.16255644813197,1.6201560463096167,5208.531940002428,yes
40,blue-collar,single,basic.6y,unknown,no,unknown,cellular,jul,wed,1932,18,13,3,failure,-2.048613239289414,92.81441648129871,-29.057202562361276,0.7276395575292649,5079.1966409857205,yes
50,self-employed,married,basic.6y,no,yes,no,telephone,jan,thu,2721,13,13,3,nonexistent,-2.3054757887928043,93.96213627902057,-50.797224259157346,2.5789035936215208,5213.456344134275,yes
58,management,single,high.school,unknown,yes,yes,cellular,sep,tue,364,10,27,6,nonexistent,-3.099403641885572,93.36380158646196,-50.55250738077087,3.773838267888558,5061.857554186401,no
63,technician,divorced,university.degree,yes,unknown,no,telephone,oct,fri,3925,14,6,1,nonexistent,-2.821060426400179,94.20044969384989,-28.80323242255748,4.728177328349432,5032.352292570254,yes
64,technician,divorced,university.degree,unknown,no,no,cellular,feb,thu,820,9,15,5,failure,-1.400299163171327,92.64332276569107,-45.087464017481494,0.659765014658891,5177.619700153371,yes
73,admin.,single,high.school,no,yes,no,cellular,jun,thu,1402,11,13,3,nonexistent,-0.7215767235584213,93.83730138406389,-50.740927643801655,2.7590540957846468,5101.269102485395,no
46,services,single,basic.4y,unknown,yes,unknown,telephone,oct,thu,2390,20,4,3,nonexistent,-1.902789549590222,93.92594927031872,-40.34097185808756,3.6793393583361773,5006.668917077973,yes
48,blue-collar,divorced,high.school,yes,yes,no,cellular,may,wed,946,1,6,3,nonexistent,-1.3863919604515194,93.33704774286994,-46.1239998036426,3.535681726199544,5209.0565203488795,no
18,technician,married,high.school,no,yes,yes,cellular,jun,fri,2946,12,16,6,failure,0.24556439796518723,94.40325584618633,-49.52541541962511,3.912690365928681,5218.0754613922845,no
51,management,divorced,basic.6y,no,yes,no,telephone,aug,wed,1577,29,26,6,success,-2.213503217864871,92.41061315659955,-38.12176989110785,4.319076710734552,5145.630994338782,yes
35,management,divorced,university.degree,yes,yes,no,telephone,aug,wed,1377,17,29,3,nonexistent,-3.236212553518574,94.12355793016785,-47.44974590708507,4.622314694257664,5220.653068708414,no
35,management,divorced,university.degree,no,no,unknown,cellular,oct,thu,1439,17,14,2,nonexistent,-2.16645367463138,92.36956550121111,-30.79860290155127,1.3937660869117188,5141.910262893249,yes
23,admin.,single,university.degree,no,unknown,yes,cellular,feb,mon,3180,8,24,1,nonexistent,1.0227263215239502,92.43933242761803,-43.578317055093386,4.802515475089394,5128.438946783021,yes
69,management,married,university.degree,unknown,unknown,no,telephone,jul,fri,3634,17,23,4,nonexistent,-3.313478880906951,92.56416383310051,-45.50239021008838,4.145771641267339,5182.057204248134,yes
57,self-employed,married,high.school,no,unknown,unknown,cellular,feb,fri,761,21,6,5,nonexistent,-2.781089682183725,93.85101483845027,-33.11981035959975,4.559614446921424,4981.508758688797,no
18,admin.,single,basic.6y,unknown,yes,unknown,telephone,jan,thu,3568,25,9,0,nonexistent,-3.087613070074665,93.78923509462761,-30.51730449002345,2.110251189468297,5080.745778988488,yes
64,blue-collar,divorced,university.degree,yes,unknown,no,telephone,dec,thu,340,20,17,4,nonexistent,-1.5907506165734184,93.24848187330238,-48.574896087400866,4.993720488912525,5077.452415863652,no
59,management,single,university.degree,yes,no,no,cellular,aug,tue,2989,27,10,1,success,-0.2908102029188376,92.8804997446773,-47.17743183599138,0.6536737700602578,5127.806327602208,yes
47,services,single,basic.6y,yes,yes,no,telephone,sep,thu,382,25,21,3,nonexistent,0.9696519832769853,93.7157619099944,-39.458252006941386,4.4310492226002545,5055.427841061227,no
21,technician,married,high.school,yes,no,unknown,telephone,jul,wed,1003,21,13,4,nonexistent,0.411520081460625,92.40372899596603,-36.69372274222493,3.5873405599750323,5083.547515312393,yes
49,blue-collar,married,high.school,no,yes,no,cellular,apr,thu,1556,13,3,3,nonexistent,-2.196611617165513,93.76024526009599,-48.80998837214952,1.2062123297643252,5188.281377988997,no
27,self-employed,single,high.school,no,yes,unknown,cellular,jul,fri,299,25,2,5,nonexistent,-0.3527682742090328,92.03346514754506,-41.83722832592355,4.257521899047122,5214.323615386554,no
60,services,single,university.degree,unknown,unknown,yes,cellular,apr,mon,138,13,28,2,nonexistent,-0.21354580648021335,92.40451303467053,-29.347315469309798,4.09032295522056,5091.650453740124,no
22,blue-collar,married,university.degree,unknown,no,no,cellular,jul,mon,358,15,23,2,nonexistent,-2.9655401340456167,93.98219329841866,-29.861655514979272,2.9739257921699482,5150.128795039417,no
26,self-employed,married,university.degree,unknown,unknown,yes,telephone,apr,wed,835,18,13,5,nonexistent,-1.349755621762626,94.44711609392412,-43.36172818033384,3.388308400513646,5108.362067755487,no
22,management,divorced,high.school,no,yes,yes,telephone,sep,mon,1522,13,19,5,failure,-1.9060003015105693,92.21168010454335,-45.36442169297613,1.1604754608799688,5193.079744487866,yes
78,blue-collar,single,university.degree,unknown,no,yes,telephone,may,thu,3456,8,2,1,success,-2.6458531209883787,93.78854778311229,-36.87188208163601,2.615560632599181,5032.83091058803,yes
28,blue-collar,divorced,basic.4y,no,no,unknown,cellular,jul,mon,1627,7,26,5,nonexistent,-3.118376075395499,92.17333647877422,-48.502629768362745,0.7742717008562677,5191.983359728908,yes
52,blue-collar,divorced,basic.6y,yes,yes,unknown,telephone,nov,thu,1982,23,20,4,nonexistent,-3.269748289229571,94.46111501705376,-45.222442061916645,3.13989517988002,5099.840546081285,no
44,admin.,divorced,basic.4y,no,unknown,unknown,cellular,aug,tue,1303,19,28,2,nonexistent,0.7218975166970739,93.09666182156944,-46.81451088569579,2.5876345308335176,5084.251218321664,yes
21,services,married,basic.4y,yes,yes,unknown,telephone,may,fri,3708,10,24,5,nonexistent,-1.8129162260526062,94.0752927280591,-45.834960069783655,0.9763833706309539,5215.405862416641,yes
27,self-employed,divorced,university.degree,unknown,no,yes,cellular,jan,wed,2530,12,25,1,nonexistent,-1.0332439325503917,92.48370600476366,-45.665941370935215,2.412314245365713,5044.29188173003,yes
56,management,married,basic.6y,no,no,unknown,cellular,apr,tue,908,2,2,6,failure,-2.0001649251063407,94.41178102750551,-35.80312882228007,2.526644884844914,4985.399474190423,yes
50,technician,married,basic.4y,unknown,no,yes,telephone,mar,mon,1134,27,24,1,success,-2.603891856975426,93.20167709819383,-39.134108824279394,3.8454220614016132,5141.316952778974,no
76,management,married,high.school,unknown,yes,yes,cellular,jul,wed,2913,14,19,6,success,-2.1457583870474237,92.58480027839074,-30.19120067094568,0.8351933765993973,5033.164227164064,yes
55,management,single,high.school,yes,no,unknown,telephone,jun,thu,2186,10,11,6,nonexistent,-2.5840667419256946,93.60285775147027,-33.218762604232495,3.301292285136671,5133.356929390855,yes
25,admin.,divorced,high.school,unknown,no,yes,telephone,jun,tue,995,17,9,1,failure,0.23781219930470807,92.80685180171851,-38.87739349886577,2.8566526479953924,4978.4096340950255,no
66,admin.,married,high.school,no,unknown,unknown,telephone,feb,fri,2482,13,19,4,failure,0.9560658210527125,92.80374065737723,-43.45265192645082,1.8096203488600715,5112.326898771666,yes
41,blue-collar,single,basic.6y,unknown,unknown,yes,telephone,jun,fri,2556,1,17,5,nonexistent,-1.3143921308514075,92.32072707051475,-30.91609976742702,3.875423160026507,5026.323065749453,yes
56,management,single,high.school,yes,no,no,cellular,aug,tue,2320,23,11,4,nonexistent,0.5500367588147305,92.598913160164,-48.89907392931648,3.07700686528203,4983.509418524466,yes
50,services,single,basic.6y,yes,unknown,unknown,telephone,may,tue,3170,25,23,1,failure,-1.3562228323967502,94.23401780487508,-34.52410237435536,2.8894675839062978,4978.293823693099,yes
58,admin.,married,basic.6y,unknown,yes,yes,telephone,sep,tue,3835,15,3,0,nonexistent,-1.255447359284755,93.46601999705456,-48.09922160675716,4.790345426007393,5216.878573079292,yes
60,self-employed,married,basic.6y,yes,unknown,unknown,telephone,nov,mon,3921,1,18,6,nonexistent,-1.0714447684974702,92.99383081952521,-38.066165706203044,4.1841925838534415,5033.798856119912,yes
36,admin.,married,basic.6y,unknown,unknown,yes,cellular,feb,fri,2151,15,28,6,nonexistent,0.5371343442639416,94.60224476680524,-29.251415946510203,1.508289072483534,5117.490989871678,yes
19,services,single,university.degree,yes,unknown,unknown,telephone,jul,fri,1237,26,18,5,nonexistent,1.0943586001609593,94.23268518709331,-45.110189760142035,2.307059981855907,5091.776513754824,yes
72,admin.,married,basic.4y,unknown,unknown,no,cellular,jun,mon,1784,20,16,5,nonexistent,0.17332693590009263,92.8687620631863,-48.92312829790034,3.5167169322151777,5059.587155912033,yes
28,services,divorced,university.degree,unknown,yes,no,telephone,nov,wed,3735,15,7,4,success,0.8645278634764598,92.31005114367197,-42.68597501046063,3.0203975690352127,5107.115136050614,yes
52,technician,married,basic.4y,no,unknown,unknown,telephone,nov,fri,2809,14,28,4,nonexistent,-0.31491677927535733,92.51615707564996,-39.369649140518966,2.495085087938865,5111.635425708765,yes
34,services,married,university.degree,no,no,unknown,telephone,jun,wed,2834,13,10,0,nonexistent,0.6284353737644602,93.89047212995015,-33.47707147041751,4.917870327392366,5185.053049229681,yes
59,technician,divorced,high.school,unknown,unknown,yes,telephone,apr,wed,164,2,4,4,nonexistent,-0.7272463569495837,93.57658673635623,-50.08937725382699,1.3300907443172543,5065.762763826747,no
78,self-employed,married,basic.6y,no,unknown,yes,telephone,oct,wed,998,8,4,4,nonexistent,0.30898788764648244,94.74617756172884,-47.671899340797225,2.089610110759662,5056.9239326063025,yes
20,blue-collar,married,high.school,no,no,unknown,cellular,sep,fri,3924,9,12,5,nonexistent,-0.014792685763982441,92.03778315146792,-40.98345559874541,2.3434647997066667,5143.252630636066,yes
39,blue-collar,married,high.school,yes,yes,no,cellular,jun,thu,2567,19,3,2,nonexistent,0.19645778256205387,94.45502111978195,-48.52899236918308,0.9007754581291401,5061.934041112889,yes
52,admin.,married,high.school,no,no,no,telephone,dec,wed,1307,19,12,0,nonexistent,-2.2749920585514296,92.03995378656418,-27.95421549799534,2.65896595853907,5098.76800257774,yes
38,services,single,university.degree,yes,no,unknown,telephone,aug,thu,2564,23,15,6,nonexistent,-2.661995163549057,93.18932584774313,-38.58736760462501,2.9081979468373125,5009.396011640671,yes
42,admin.,married,high.school,no,no,yes,telephone,aug,mon,656,9,11,2,nonexistent,-0.2654582879504366,94.56644836895873,-41.79128878398505,1.764224580577796,5038.677075089915,no
56,services,divorced,basic.6y,no,no,unknown,cellular,apr,thu,2660,23,13,5,nonexistent,-1.0821412045407242,93.84356314517193,-27.384517177732107,4.832225376322399,5016.812425575276,yes
19,admin.,divorced,basic.6y,unknown,unknown,unknown,telephone,may,thu,2211,28,20,0,nonexistent,0.27036829743049356,93.63323907488898,-35.3583340607852,2.9554518018999,5185.954185527654,yes
18,blue-collar,single,basic.4y,no,unknown,no,cellular,feb,tue,1909,29,27,0,nonexistent,-2.696779210427716,92.87779805589628,-38.47183288674663,3.159818312850125,5174.671767025346,yes
24,self-employed,married,university.degree,unknown,unknown,no,telephone,apr,wed,3730,7,20,0,success,1.1489245688891354,94.70515702834723,-45.036884667981056,4.532810384288953,5067.317424513009,yes
37,blue-collar,divorced,basic.6y,unknown,unknown,yes,telephone,dec,fri,2046,14,8,4,nonexistent,-0.020621833880043676,92.47102875763797,-44.75142059910456,1.8066646363213197,5080.05724734965,yes
60,admin.,single,basic.6y,unknown,yes,yes,telephone,jun,tue,2111,2,26,1,nonexistent,-3.289652559506933,92.75568506139462,-42.141810702677965,3.3904452059534465,5072.208845720009,yes
72,services,married,university.degree,unknown,unknown,unknown,cellular,feb,thu,3162,12,5,3,nonexistent,-0.6326375112712729,93.26827604509467,-32.85765152204576,2.5766608273170686,5014.591216237414,yes
23,management,single,high.school,no,unknown,unknown,telephone,feb,mon,1140,11,28,1,nonexistent,-1.8994241019828242,92.3536376357448,-31.29748220706582,2.234390966264744,5170.792674784747,no
72,self-employed,married,basic.6y,unknown,yes,unknown,cellular,oct,fri,1889,17,24,4,success,-2.0815547399285026,93.18593232685879,-46.20941734372375,2.259918285233778,5182.853087832586,yes
53,services,single,high.school,no,no,unknown,telephone,jul,mon,266,2,7,4,nonexistent,0.9303904419018987,92.11016033123681,-31.26386296500257,0.7057407539781326,5124.919790603931,no
68,admin.,single,basic.6y,no,unknown,no,cellular,oct,thu,1845,28,15,6,nonexistent,0.612553341077678,94.58753254359853,-42.890576198721064,4.212938615930172,5159.896527514592,yes
77,services,divorced,basic.4y,yes,unknown,yes,cellular,may,mon,1708,22,18,6,nonexistent,-3.3541427015089536,92.90198958082443,-46.012939729153466,3.1768506284369913,5136.23045111965,yes
38,technician,divorced,high.school,yes,no,yes,telephone,mar,tue,3630,28,1,3,nonexistent,-2.5279772308400097,93.77464722887692,-46.14469649923567,4.703718289468749,4990.733515838197,yes
68,services,single,basic.6y,yes,unknown,yes,cellular,mar,mon,3211,12,5,4,failure,0.05375282172529264,94.43747580109854,-39.72401168859406,4.320045171288704,5109.358250003078,yes
63,blue-collar,married,university.degree,unknown,no,yes,telephone,jul,tue,2293,26,29,0,nonexistent,0.6713150179409915,94.29131337823667,-32.465580476437175,4.933514534976431,5055.368159750668,yes
52,blue-collar,married,university.degree,no,no,no,telephone,mar,wed,3732,15,28,2,nonexistent,0.04449812201457433,94.44549417150488,-37.15989966645369,0.7489399427455211,5021.841250980767,yes
53,technician,married,university.degree,no,no,unknown,telephone,dec,fri,3829,29,1,2,nonexistent,-0.878540418884738,94.0168642172528,-39.69493714024685,3.4529532993210967,5139.455697375477,yes
25,self-employed,married,basic.6y,unknown,unknown,yes,telephone,oct,mon,2442,8,18,0,nonexistent,1.3259704064451012,92.54248273021973,-50.36940876265653,4.800347083779174,5198.69007011904,yes
67,services,married,high.school,yes,no,yes,cellular,may,tue,1510,8,18,6,failure,0.4269422455671982,93.02633591687493,-37.330884668716386,3.9814838966687707,5228.061065606378,yes
21,self-employed,divorced,basic.4y,yes,unknown,unknown,telephone,feb,thu,475,22,12,1,nonexistent,-1.153944082029789,93.43368880834889,-34.6745266003405,1.9960216053929647,5116.2933163374755,no
60,management,single,basic.4y,no,yes,no,cellular,mar,thu,3588,18,16,2,nonexistent,-0.599312866729216,92.94346098370141,-48.456097308870454,1.095186939833731,5141.446822926743,yes
33,services,divorced,basic.6y,no,no,no,telephone,apr,tue,976,14,20,0,nonexistent,-3.184868749561904,94.67465501028326,-27.947367109719032,3.540370065069826,5135.90570503598,no
20,blue-collar,married,basic.6y,no,unknown,yes,cellular,jan,fri,1207,25,7,1,nonexistent,1.2307296329351167,94.2591434651628,-48.61215986107299,3.4968860508593904,5147.436611213578,no
24,blue-collar,single,basic.6y,yes,no,yes,telephone,apr,wed,1043,10,8,5,nonexistent,-1.6588540012293356,94.23706466788504,-34.292828622843906,1.8860802472437723,5028.730079961901,no
19,self-employed,married,high.school,no,unknown,yes,cellular,apr,wed,1960,4,22,2,nonexistent,-0.22470866651481247,93.01109487715352,-38.26313931658274,4.14491893873214,5005.763345222114,yes
18,admin.,married,university.degree,yes,unknown,no,telephone,mar,fri,557,16,4,0,nonexistent,-0.19863891710550094,94.11354779676603,-29.667879552260597,3.3812598251344737,5071.364752686505,no
75,blue-collar,single,high.school,yes,yes,yes,telephone,oct,mon,1017,16,7,2,nonexistent,-3.1266782429148074,93.71934742636849,-40.903156756725075,2.424818912337012,5086.82859900623,yes
18,admin.,married,high.school,yes,no,unknown,telephone,sep,tue,3595,29,8,2,nonexistent,-2.1239062034761185,93.05060041057534,-38.64581855788706,2.6494592680783624,5165.493642672018,yes
55,blue-collar,divorced,basic.6y,unknown,unknown,no,cellular,mar,wed,1605,21,15,2,success,-0.25027814728817416,92.86318376742419,-37.58512472750971,1.6899598420179558,5128.310807674337,yes
68,blue-collar,divorced,basic.4y,unknown,yes,no,telephone,feb,fri,3600,17,15,3,nonexistent,0.9783560786070757,94.20873888119414,-29.891157688002767,2.9699145273664134,5109.6767553401405,yes
24,management,divorced,high.school,no,unknown,unknown,telephone,jul,wed,882,9,11,1,nonexistent,0.33743856674064643,93.67103997572889,-31.68842739971698,2.809057572690515,5095.45008271704,no
41,admin.,married,basic.4y,yes,unknown,unknown,cellular,sep,wed,2194,11,24,2,nonexistent,-0.6153355665563741,92.10358708137879,-44.10537788809998,4.750448621852845,5022.601586815317,yes
22,admin.,divorced,basic.6y,no,yes,no,cellular,jun,mon,665,27,24,6,nonexistent,-2.284073860246767,92.06075732308621,-27.969385663101637,2.840989348198395,5062.204526243147,no
38,blue-collar,married,high.school,yes,no,yes,telephone,may,wed,3375,27,10,6,nonexistent,1.1544442150431833,94.35751785974068,-32.80161983418302,4.02096829301408,4992.531641655758,yes
45,admin.,married,university.degree,no,yes,no,cellular,jan,tue,2667,26,17,6,failure,-1.4623917675212588,92.25149378538069,-50.512136839128154,3.302517299416388,4981.012105017778,no
35,blue-collar,divorced,university.degree,no,no,yes,cellular,mar,fri,1771,13,12,0,nonexistent,-2.6804559517676503,93.45421295228239,-46.40847962453189,1.5909860312631314,4967.092875677212,yes
41,blue-collar,divorced,high.school,unknown,unknown,unknown,telephone,sep,mon,2867,1,2,3,nonexistent,-3.296133447372707,93.70425866397306,-30.34623287223141,0.8180192831518474,4986.781667373746,yes
75,self-employed,married,university.degree,unknown,unknown,yes,cellular,aug,mon,863,7,17,4,nonexistent,1.160724591856705,94.56469394321174,-35.36386605803288,3.688496586753056,5120.954744227035,yes
49,services,married,high.school,unknown,yes,unknown,cellular,sep,fri,581,11,10,4,nonexistent,0.3339938614873883,93.44067383484014,-44.63071682303428,4.130335395031819,5220.568076578124,no
62,admin.,married,university.degree,unknown,yes,yes,cellular,aug,tue,3070,25,29,1,nonexistent,-2.361355267056654,92.54328062933305,-46.70301069425761,4.449550536280869,4971.185976494883,yes
50,technician,married,basic.6y,yes,yes,yes,telephone,jan,wed,694,3,10,0,failure,-2.7194703977342654,92.7298774651723,-47.29262892425073,3.608390204687123,5170.758384906975,no
27,self-employed,divorced,university.degree,no,unknown,unknown,cellular,aug,wed,3833,2,4,6,nonexistent,1.2054938222007037,92.13679686097153,-43.19727981385705,2.510820836872232,5139.573182613411,yes
26,admin.,married,university.degree,no,no,yes,telephone,aug,tue,1251,14,29,3,nonexistent,-2.2442008915161606,92.62176063907069,-29.325132111864953,2.7672541581433316,5190.738527562864,yes
66,admin.,married,basic.6y,yes,yes,no,telephone,may,thu,3173,10,27,6,nonexistent,-1.1827026165187793,94.28239260281259,-42.386092613761754,3.9455435762859286,5213.643631038329,yes
50,management,married,basic.6y,yes,no,yes,cellular,jun,fri,1610,24,2,0,nonexistent,-0.4679030648813651,94.11926011497022,-35.00925650620618,1.3837196671039111,5178.635166721547,yes
50,technician,married,university.degree,no,yes,no,telephone,feb,tue,3488,20,28,3,nonexistent,-3.1005740243127975,92.22944004692457,-48.13358093534099,2.591911851121325,5174.609235154143,yes
24,technician,married,basic.4y,unknown,yes,unknown,telephone,jan,wed,1239,17,24,5,nonexistent,-1.7467204216674825,93.34287302501238,-38.09955032464522,0.8373467009657051,4986.415430645939,no
21,management,single,basic.4y,unknown,yes,yes,telephone,aug,fri,2454,8,1,5,nonexistent,1.129472833132513,92.8451034174385,-42.60530120056568,1.0632026032989974,5058.537023589051,yes
45,management,single,high.school,unknown,yes,yes,telephone,jul,fri,398,15,14,5,nonexistent,-0.03833125587894454,93.81985654618468,-46.96354739036421,1.6154949235833351,5126.676496110877,no
40,admin.,single,university.degree,yes,unknown,no,cellular,apr,wed,1946,22,4,3,nonexistent,-1.6346308778767873,94.69175352221684,-31.733088137564362,3.372198054204712,4968.113592255348,yes
70,services,divorced,high.school,no,unknown,no,telephone,nov,tue,714,6,27,6,nonexistent,0.400304958833764,93.76592291823043,-31.308604994283677,4.648428813532019,5089.132745502962,no
49,management,married,basic.6y,yes,yes,unknown,telephone,dec,thu,703,20,4,4,nonexistent,0.6184967026037318,94.08795873809946,-43.48012063590541,2.205684980998893,4965.7972176528565,no
61,technician,divorced,university.degree,no,unknown,no,telephone,jul,fri,2808,22,20,5,nonexistent,-2.67145911340861,93.11475893119037,-35.17499269090794,2.801530546222525,5159.756303460208,yes
33,technician,married,basic.6y,unknown,unknown,no,cellular,feb,fri,2546,2,15,6,nonexistent,-0.5843467381695238,92.09152580944915,-41.38167308268619,3.110278945527673,5033.8720421044345,yes
63,admin.,single,university.degree,unknown,unknown,no,cellular,nov,fri,3825,22,16,1,nonexistent,-1.6395779175317922,93.17067653617438,-49.73701950968156,1.8521341787642938,5163.285034744281,yes
72,services,married,university.degree,unknown,unknown,yes,telephone,feb,tue,3536,15,25,1,nonexistent,-0.967057246492707,93.43022764150487,-40.57611703751184,3.635031119278335,5090.576967101345,yes
27,blue-collar,divorced,basic.6y,no,no,yes,telephone,jul,fri,1714,16,6,0,failure,-1.148497726657156,93.37950389702483,-37.03692865388888,1.5345526101610358,4992.164167271888,no
31,management,divorced,university.degree,unknown,no,yes,cellular,mar,wed,1972,2,29,3,nonexistent,-0.9816446701425662,92.65392064455311,-43.653021770428005,1.4329928132789493,5206.752695241093,yes
56,management,married,university.degree,no,unknown,yes,cellular,jun,wed,3021,22,1,6,nonexistent,-0.8946494207404223,93.3299794761705,-28.12139242294861,1.5055861437901927,5148.211738666228,yes
53,admin.,divorced,high.school,yes,no,yes,cellular,dec,mon,3802,14,27,5,nonexistent,-3.067569192130193,94.01037991832045,-37.46276708165152,2.7088418034140194,5155.20299729553,yes
51,self-employed,single,basic.6y,unknown,yes,no,telephone,dec,fri,81,25,29,3,nonexistent,-2.5470671413075032,92.87213424835264,-41.921873243268216,1.700926998136945,5024.662485527619,no
41,self-employed,married,basic.4y,yes,no,no,cellular,jul,thu,603,23,13,2,nonexistent,-0.6822516522495715,93.77520746949992,-33.233019970706906,2.506021417189655,4996.817603586108,no
35,services,single,basic.4y,yes,yes,yes,cellular,jul,mon,1970,28,17,1,nonexistent,1.092967349208727,92.42905548143905,-42.65200618043705,2.25828118249964,5216.059955164618,yes
33,technician,single,university.degree,no,no,yes,telephone,oct,fri,1710,28,24,3,nonexistent,0.1832760099854745,92.77852926500826,-50.20952281133985,4.256383244245228,5055.194336693613,no
58,technician,divorced,high.school,yes,no,unknown,telephone,apr,fri,2046,20,11,0,nonexistent,-2.254512815235141,94.47499814824519,-50.602568207783975,1.563863422195554,5025.610819752005,yes
54,blue-collar,married,university.degree,no,yes,unknown,cellular,mar,tue,3822,1,16,5,nonexistent,-1.66375321299315,93.7545426298895,-43.58292601846868,1.9468250622694547,5195.940544527819,yes
58,technician,single,high.school,no,yes,no,telephone,jan,tue,2819,9,24,4,failure,-1.7901754941555503,92.24035061609088,-47.071981239837534,4.790482351119903,5086.153595167454,yes
42,self-employed,single,university.degree,yes,unknown,unknown,telephone,jul,wed,902,17,5,5,nonexistent,0.2936800410887935,92.74098309377163,-42.37612836841892,1.6763886859225678,5136.623904885306,no
79,self-employed,married,basic.4y,no,no,no,telephone,sep,mon,364,21,4,4,nonexistent,1.2665448030025355,94.78309139998584,-32.40511028891926,4.10634118998359,5034.025938430023,no
25,management,divorced,basic.6y,no,yes,unknown,cellular,jan,mon,162,14,20,1,nonexistent,-1.6940522161326894,92.75629358546713,-43.4136917265776,1.2229344697411213,5219.933271027627,no
41,blue-collar,single,high.school,no,unknown,yes,telephone,may,mon,3119,23,20,5,nonexistent,-3.329148659650967,93.62542508613811,-37.42442819500822,3.181573311080587,5088.978638783859,yes
37,services,married,university.degree,yes,yes,yes,telephone,apr,wed,2558,10,21,1,nonexistent,1.0970357695603186,93.54097246338675,-28.82046884314752,1.0047354507028634,5075.841548427964,yes
65,blue-collar,married,university.degree,no,unknown,no,telephone,oct,thu,3400,13,6,2,nonexistent,0.21549512938114534,93.1266179626371,-34.11080065151042,2.4039704725093,4980.69575862568,yes
47,services,single,high.school,unknown,unknown,no,telephone,feb,thu,1863,13,26,6,nonexistent,0.6049073208535177,92.09457777856096,-37.373980289306154,4.804782223382392,5150.871816203869,yes
37,self-employed,single,high.school,yes,yes,no,telephone,jul,thu,115,26,24,1,nonexistent,-2.3983323694282244,92.79614346705073,-30.077367959200895,3.427586284550183,5106.701202839498,no
79,technician,single,basic.4y,yes,yes,no,telephone,jul,mon,2988,22,17,3,failure,-0.30084511916320694,94.66937790514599,-42.897609939513806,1.5136972421288262,5219.165530214917,yes
35,admin.,divorced,high.school,no,no,unknown,telephone,aug,fri,3920,19,19,3,success,-2.282998250798853,92.0537345867838,-46.071510541466886,4.15893252675821,4997.357959294164,yes
21,blue-collar,divorced,university.degree,yes,no,yes,telephone,mar,mon,2384,27,10,3,nonexistent,-3.3442369495231925,94.00391380510771,-32.942649020392196,3.4797532505136166,5067.032482752957,yes
65,blue-collar,married,basic.4y,unknown,unknown,unknown,telephone,jun,fri,880,8,4,6,nonexistent,-2.6460811050156297,94.49969894911378,-49.394826741201506,4.6819526188640745,5030.793726559445,no
53,management,married,basic.4y,yes,yes,yes,cellular,apr,tue,2784,27,5,3,nonexistent,1.029473822524149,94.13468255880854,-40.662040531011144,1.6065359980069889,5140.188768799226,yes
23,management,single,basic.6y,yes,no,yes,telephone,dec,wed,3935,7,6,2,nonexistent,-2.3664651068475893,92.90509879522929,-43.93887167217003,1.1335906673401759,4982.562910385324,yes
20,self-employed,married,basic.6y,yes,unknown,unknown,telephone,nov,thu,839,25,2,1,nonexistent,-0.5913176817027924,93.4573100789264,-27.585332437473127,3.393609809328582,5226.145966301849,yes
35,services,divorced,basic.6y,no,no,no,telephone,mar,mon,2194,17,29,1,nonexistent,1.2464634775764711,94.4291330469308,-41.78741442979738,4.619798158201999,5152.533648710132,yes
64,admin.,married,high.school,unknown,unknown,unknown,telephone,apr,mon,3646,8,2,1,success,-3.0367056446790057,94.73128163790543,-34.944043859829016,4.022154201742875,5064.444251774117,yes
57,management,married,basic.4y,unknown,no,unknown,telephone,dec,tue,3877,4,24,6,nonexistent,0.4780982906919506,92.27168139104049,-44.38321812057524,2.408938696334325,5061.022596760275,yes
35,management,single,high.school,unknown,yes,unknown,telephone,jan,fri,1346,7,24,2,nonexistent,-0.5317267810084904,92.3481794313816,-27.302175796577988,2.499505300947329,5090.691699403838,yes
73,technician,single,basic.4y,yes,unknown,yes,cellular,jul,thu,2490,23,29,2,nonexistent,-1.8476808939275016,94.67626967229137,-46.48863828916652,2.063418172282815,5148.186033591765,yes
40,technician,divorced,university.degree,unknown,unknown,no,telephone,jul,wed,2884,20,1,3,failure,-1.6515781438152757,94.44334837698418,-29.12980342405062,4.636250001654881,5120.047186047354,yes
52,self-employed,married,high.school,no,no,yes,telephone,jul,fri,1036,24,19,5,nonexistent,-3.2695228055693115,92.59101064452253,-40.155618245995676,4.17124821783494,5091.6239223023285,yes
23,self-employed,married,basic.4y,yes,no,unknown,cellular,feb,fri,942,29,3,2,nonexistent,-2.1719908621469077,94.7162913501319,-40.58811449270337,1.7765530030872534,5015.285467343864,no
71,management,married,basic.6y,no,no,unknown,cellular,jan,thu,3565,28,4,2,nonexistent,-1.367677383063996,92.58520568975696,-34.03899617183527,2.0110544601121814,5009.567751765221,yes
43,services,single,basic.6y,yes,yes,yes,cellular,sep,wed,1724,17,1,0,failure,0.041185133718539074,92.24784274836708,-48.569711556131324,3.855040060546739,5205.822724084362,yes
79,admin.,divorced,university.degree,no,no,yes,telephone,feb,thu,2334,5,15,3,nonexistent,-2.0810634803460353,93.9092798872407,-37.73405478136302,2.466282247406319,5109.510710149524,yes
38,management,married,high.school,yes,no,no,telephone,may,thu,2767,20,11,3,failure,-0.614511570412693,93.51142884508329,-45.54270130033428,3.2827637203222273,5116.985189370145,yes
78,services,married,basic.4y,no,yes,unknown,telephone,may,mon,1137,4,14,0,nonexistent,0.11210152783385215,92.67106207840723,-47.044791641782446,1.2840464952446045,5078.0781642381435,yes
41,services,married,basic.6y,unknown,no,yes,telephone,nov,wed,2527,19,26,1,nonexistent,-0.04705174520464407,94.59917795492899,-29.828358994301727,4.237024836823183,5150.899097864056,yes
32,management,married,basic.4y,yes,yes,yes,telephone,aug,fri,21,1,26,5,nonexistent,-0.5666007326031899,93.13187166012567,-26.96484580530388,3.0480011892027155,5175.621011985238,no
44,services,divorced,high.school,yes,yes,yes,telephone,jan,thu,3420,21,3,6,nonexistent,-0.6150814867295571,93.1281384526075,-27.58839510496028,4.233239163978314,5072.372964848528,yes
49,blue-collar,divorced,basic.6y,no,no,yes,cellular,nov,tue,1749,24,26,0,nonexistent,0.061812346551529944,93.76911238606277,-31.174244450766228,3.7453593570652925,4977.518634298099,yes
29,services,divorced,university.degree,no,yes,unknown,telephone,jul,wed,682,10,29,0,failure,-1.78954354213124,92.64622612524691,-28.812701842296633,2.487606528090566,5030.363087344536,no
22,management,single,university.degree,no,no,no,telephone,mar,tue,3906,6,2,5,nonexistent,-1.2389684681438013,93.64317301534861,-28.711320230233696,3.594482531788719,5180.918606529247,yes
24,services,married,high.school,yes,yes,yes,cellular,feb,fri,3637,12,13,6,nonexistent,1.2376009274269135,93.0191584134065,-46.58496111302686,0.863347550906987,5111.773821737257,yes
39,management,married,high.school,no,unknown,yes,telephone,may,wed,2953,17,12,5,nonexistent,-0.1907111029969416,93.94602473573815,-48.75180663298453,2.519103181477451,5196.699581878123,yes
44,technician,married,basic.4y,unknown,no,no,cellular,apr,mon,1833,5,26,6,nonexistent,-0.904517454909918,92.69358091282604,-47.76982427180772,2.5176709882647894,5064.57346504137,yes
32,management,married,university.degree,no,unknown,unknown,cellular,sep,wed,2367,22,5,0,nonexistent,-0.6241020027287066,92.51929338318996,-46.91375518948925,2.4508339147705698,5046.908449717855,yes
56,services,divorced,high.school,no,unknown,yes,cellular,nov,fri,125,9,3,2,nonexistent,-2.89874182665108,92.69947853814746,-31.143517037229998,1.1173543961901897,4963.975930154429,no
62,management,single,high.school,no,unknown,no,cellular,jan,mon,276,9,999,0,nonexistent,-0.5584539722126002,94.62061751436953,-28.303530893290986,2.742677870583798,5011.26507433074,no
74,admin.,single,university.degree,unknown,unknown,no,telephone,nov,fri,1999,5,2,4,nonexistent,0.6151950490024644,94.37784099322583,-42.39105235137763,3.9515006453369086,5052.249788514644,yes
52,management,married,basic.4y,no,no,unknown,telephone,mar,wed,1227,19,23,0,success,-0.8866446923749816,94.3209155036652,-49.97870851788558,2.0213622397753563,4984.615398775729,yes
43,management,divorced,basic.4y,no,yes,no,telephone,mar,fri,2241,22,11,1,nonexistent,-2.5508907763013458,94.18594505641794,-43.451223288398005,4.201780398774417,5123.516320962481,yes
40,admin.,single,university.degree,yes,no,unknown,telephone,apr,wed,3752,27,2,1,failure,-1.2485924203018222,93.78346202238065,-33.923288705801696,3.176067378268029,5225.379754088294,yes
30,admin.,single,university.degree,yes,no,no,telephone,jul,mon,3735,24,22,5,nonexistent,-2.0654859059896102,92.27551782688957,-28.264574203399455,3.7861532751909976,4978.996738607398,yes
43,admin.,married,university.degree,no,yes,yes,telephone,may,wed,3618,28,17,6,nonexistent,-1.6732439855251149,92.90902537351765,-40.052313438537105,4.5498782067744745,5067.251175369239,yes
20,self-employed,single,university.degree,yes,unknown,unknown,cellular,nov,fri,695,11,13,1,nonexistent,-2.319956803481745,93.573232412604,-42.767991992825245,2.7218400855504123,5069.421887794003,no
46,blue-collar,married,university.degree,no,yes,no,cellular,oct,fri,1309,28,4,0,nonexistent,-1.7972257321513132,92.29609923497617,-35.1879613600788,4.317661849304232,4982.070206559361,yes
19,self-employed,divorced,high.school,no,unknown,yes,cellular,jun,fri,56,12,22,3,failure,0.5441519324165724,92.08432587885609,-45.75407117508775,1.217655133668187,5012.652402456611,yes
45,management,married,basic.6y,unknown,no,no,cellular,mar,tue,3805,5,999,1,nonexistent,0.23698958982361762,92.2615999415261,-32.49704527529477,4.025003589969436,5083.377494209458,yes
40,self-employed,single,university.degree,no,yes,yes,cellular,may,tue,3374,8,13,0,nonexistent,-1.0454122458876534,92.30259500607274,-40.90459990978288,4.268231891156881,5216.347576400475,yes
53,self-employed,married,basic.6y,yes,yes,unknown,telephone,dec,tue,3234,17,26,1,failure,0.3560088100864751,92.30670748855091,-27.443213659777584,4.574961108672785,5114.411892723929,yes
66,admin.,married,basic.4y,yes,unknown,yes,telephone,nov,thu,18,8,11,2,nonexistent,1.2827128830929029,92.53248223004216,-28.47456082434205,0.9564584204969215,4990.008619646976,no
23,admin.,married,high.school,yes,yes,no,cellular,feb,wed,3441,2,999,2,nonexistent,-1.45050636844341,93.39747062543357,-34.89768623717056,1.1146612442927812,5159.904745975436,yes
28,technician,married,basic.6y,yes,no,yes,cellular,apr,tue,2311,23,26,0,nonexistent,1.3039385167490016,92.79926180153,-35.31324485821888,0.6995376672695459,5190.352693058243,yes
55,self-employed,married,basic.4y,no,yes,yes,telephone,dec,fri,2841,18,23,1,failure,-2.2196504821168626,94.40837100355537,-47.85670637280007,2.8255108771545387,5177.362985967155,yes
71,blue-collar,married,basic.4y,unknown,yes,unknown,telephone,mar,fri,112,19,1,1,nonexistent,1.1817815271359362,94.4531880262262,-44.08540716201711,1.4485955736097378,5180.049227218893,no
51,management,single,basic.4y,unknown,no,yes,telephone,mar,tue,3559,21,11,4,nonexistent,0.749282184559404,94.57669931183243,-30.19988873426209,3.0982041346879616,5178.308862695989,yes
34,services,married,university.degree,no,unknown,yes,telephone,dec,tue,3398,10,12,6,nonexistent,-2.444171394571881,93.31924558729821,-42.124683465576815,4.526047379775394,5022.531411746804,yes
20,blue-collar,single,high.school,yes,yes,no,telephone,apr,fri,541,7,26,5,success,-1.720751185546206,94.16731703539055,-40.66338792274756,2.038911488581351,5120.755573962659,no
61,blue-collar,married,basic.4y,unknown,unknown,no,cellular,aug,tue,2694,9,19,5,nonexistent,-0.0019787900617155444,93.65475188271486,-30.728228605278527,0.6235276251894648,5006.6132685030025,yes
63,technician,divorced,university.degree,unknown,yes,unknown,cellular,dec,thu,578,12,14,1,nonexistent,-2.480218800620125,92.40424326308731,-40.59647335537269,4.515414137458212,5050.4520143774835,no
51,management,married,basic.6y,no,no,unknown,cellular,aug,thu,1088,12,15,3,nonexistent,-0.5646086393439286,93.77995608306281,-30.48472109929665,3.336287943788894,5073.968933804343,yes
39,management,single,high.school,yes,unknown,unknown,telephone,jan,thu,3363,5,18,2,success,-0.8329257807778532,94.3436588998725,-49.14064643146953,1.486607458998036,5077.844455145867,yes
46,admin.,single,basic.6y,unknown,yes,no,cellular,dec,mon,24,11,4,1,failure,-1.9990044065558286,92.9742338950128,-34.283301403565176,3.6463845206999554,5079.419571677975,no
77,admin.,divorced,basic.6y,no,unknown,yes,cellular,may,thu,1572,17,1,6,success,-1.957439489323494,94.0906909154106,-49.29407768613206,3.38440812168082,5170.8388709748815,no
71,blue-collar,married,university.degree,unknown,yes,unknown,cellular,feb,fri,2048,15,5,3,nonexistent,-0.9217203011203189,94.16864829084341,-31.918701726415495,2.272538693037462,5127.638853893814,yes
46,technician,divorced,basic.6y,unknown,no,no,telephone,oct,mon,2958,11,7,5,nonexistent,-1.9607228721550638,93.8020333120459,-37.601989171454065,1.5334341577746056,5133.350640208095,yes
22,management,married,high.school,yes,no,no,telephone,jun,fri,1572,15,20,6,nonexistent,-2.534777461282641,94.47316802751959,-37.5146467198329,4.966673055813474,5166.910738922596,no
27,technician,married,basic.6y,yes,yes,unknown,telephone,mar,fri,140,16,6,0,failure,0.31212174530587916,92.40549980995077,-41.797148877399174,3.429288492960878,5018.327983514529,no
27,services,single,university.degree,unknown,yes,no,telephone,dec,tue,1767,19,20,2,nonexistent,-0.6075443335759617,94.36156659521255,-29.21026220144901,0.6076901187550511,5086.44051571362,yes
70,management,divorced,basic.4y,yes,unknown,yes,cellular,oct,wed,647,21,12,0,nonexistent,-1.2993470053733054,93.71004699311109,-38.63263069961819,1.152610426232908,5189.795967022331,no
26,admin.,divorced,university.degree,unknown,yes,no,cellular,oct,thu,3972,12,5,5,failure,-2.5300115930593123,94.39585443218905,-44.57555233262295,1.6886225678548528,5150.258526330516,yes
79,blue-collar,single,basic.4y,unknown,unknown,no,telephone,sep,wed,2235,3,8,5,nonexistent,-0.5470457067208573,93.49149733994389,-31.103296097417072,4.177803615810087,5196.3851234004915,yes
38,technician,single,basic.6y,unknown,yes,yes,telephone,sep,wed,3199,8,11,1,nonexistent,-0.38268836927317856,92.91829510169657,-28.139611407832632,2.6884607357618,5083.477262621148,yes
30,admin.,divorced,basic.4y,no,no,unknown,telephone,aug,tue,200,24,26,0,nonexistent,-1.0971730184398005,94.5121422381596,-45.009241621662696,0.8645552547053197,5166.17512887153,no
27,blue-collar,single,university.degree,yes,unknown,no,cellular,feb,wed,3198,11,29,5,nonexistent,-1.6108508190829636,94.45673006061871,-36.334179782698236,1.7664095621133953,5033.953194047157,yes
55,admin.,married,university.degree,yes,unknown,yes,telephone,nov,thu,256,1,9,6,failure,0.7627843140391203,92.7494974395877,-36.73313423363024,4.915146303806717,5193.130403024307,no
28,management,divorced,high.school,unknown,no,unknown,cellular,feb,mon,3747,24,10,2,nonexistent,-0.01691292525907503,94.08350301878573,-36.23007850597656,3.9786238246563275,5042.072812878911,yes
21,technician,divorced,high.school,yes,unknown,yes,telephone,nov,fri,546,4,999,0,nonexistent,-1.690377121455585,92.25562518542245,-37.31481328786038,0.6205006603506188,5053.688532359997,no
75,services,single,basic.4y,unknown,no,no,telephone,feb,thu,2241,27,9,6,nonexistent,-0.5531658446308544,92.24073821609198,-48.40576175994305,4.290280547204437,5153.422189364485,yes
63,self-employed,married,basic.4y,yes,no,yes,telephone,may,tue,2750,6,24,0,nonexistent,-2.2780905511328564,93.43193247394711,-40.94157030492147,1.4459785916471997,5161.3821912276135,yes
79,admin.,divorced,high.school,yes,no,unknown,cellular,dec,mon,3175,10,15,0,nonexistent,-3.3449441634490693,92.10013245482816,-27.241395411876855,2.055406993613185,4977.513339263875,yes
48,self-employed,divorced,basic.6y,unknown,yes,unknown,telephone,oct,tue,3606,15,18,3,nonexistent,0.770467060850179,93.2145086400402,-48.691931183399035,1.1209089418416953,5003.320224436799,yes
66,technician,married,high.school,yes,no,unknown,cellular,sep,thu,3336,8,9,3,nonexistent,0.5306673333342874,94.21409333269774,-34.79572713301878,0.6465477403782859,5029.6487322872235,yes
69,management,single,basic.6y,unknown,unknown,yes,cellular,jul,fri,801,14,14,1,nonexistent,-0.3308646596333864,94.49052628635383,-29.42624666827889,2.8176501792876594,5228.0645747181115,no
51,admin.,single,basic.4y,no,yes,yes,telephone,jul,wed,941,2,13,0,nonexistent,0.4943054353087358,92.71338801040706,-46.00428057389737,1.8583392541682384,5181.136695731791,yes
59,management,single,basic.4y,unknown,no,unknown,cellular,mar,wed,3455,24,2,3,nonexistent,0.3479485225382413,92.21554474668636,-31.622171797034454,2.184731464993907,5152.7300084162935,yes
52,services,single,university.degree,yes,no,unknown,telephone,mar,tue,3331,23,3,2,failure,0.7292299050211652,93.76583229661048,-45.02158481430475,1.343578088854749,5218.429191568219,yes
56,services,married,university.degree,no,no,unknown,telephone,oct,mon,413,20,7,2,failure,0.8809473210626941,92.74153195503567,-50.07394387885684,4.148391906178105,5145.362913286876,no
56,blue-collar,married,basic.6y,no,unknown,no,telephone,mar,fri,2014,28,999,5,failure,0.5302555707515423,92.06565490179545,-38.34494099451042,1.3633292495479319,5146.5399474171,yes
50,blue-collar,divorced,basic.6y,unknown,yes,no,telephone,jan,tue,1381,21,19,0,nonexistent,0.6883938145443195,92.3673543416915,-33.81011857668408,2.8761127559052957,5201.16830332826,no
25,blue-collar,divorced,high.school,no,yes,no,cellular,dec,fri,1098,6,14,1,nonexistent,-0.9918601813271352,94.62739609542933,-46.093111723106475,2.6652860519924886,5043.467513680864,yes
49,management,married,basic.6y,unknown,yes,unknown,cellular,aug,tue,3426,3,6,5,nonexistent,-0.0015643051887036222,94.4502136724816,-49.116728767548416,4.6467959408940285,4964.0651080698235,yes
72,blue-collar,divorced,basic.4y,yes,unknown,no,telephone,dec,mon,3655,2,11,3,nonexistent,-1.8004161001790595,94.32292873198948,-37.572349644907355,4.946025677501193,5152.703437448974,yes
50,technician,married,basic.4y,unknown,no,unknown,telephone,nov,thu,3842,14,2,5,nonexistent,0.7334329981554023,92.95052591382952,-47.26945809269903,4.5853283301126435,5004.891991115628,yes
25,self-employed,single,basic.4y,no,yes,yes,cellular,feb,wed,909,18,22,3,nonexistent,0.7212350538920649,94.00066365691748,-46.394866329954,3.8275219948727983,5039.575029629781,no
63,self-employed,married,university.degree,unknown,no,unknown,cellular,nov,fri,187,15,26,3,success,-3.0825161007441113,94.67964138706138,-33.98740088161251,2.495066330677228,5181.1524628128645,yes
31,management,married,basic.6y,unknown,unknown,unknown,cellular,jul,fri,3756,4,4,5,nonexistent,-1.7343047327497338,93.58922707218262,-36.17064270387495,1.1744304310881326,5169.3585311306115,yes
51,management,divorced,basic.6y,yes,yes,no,cellular,sep,mon,2015,16,28,1,nonexistent,-2.5770649450731997,92.93266938525122,-28.167345608446873,4.427528485249619,5089.177742157543,yes
25,blue-collar,married,university.degree,unknown,unknown,yes,telephone,feb,fri,1313,23,25,4,failure,-2.748160308438569,94.23812241561895,-43.07036226141448,3.751498917210747,4991.197189228391,no
68,self-employed,single,university.degree,yes,yes,yes,cellular,jan,thu,2092,12,26,3,nonexistent,-1.4085146856708233,93.20494493862692,-45.6760682567018,1.1799088698391398,5042.502944980783,yes
59,self-employed,single,university.degree,no,yes,yes,cellular,may,thu,3644,17,24,6,failure,-0.39682529357985175,93.61656233703614,-35.12781821641005,0.9873587555715948,5089.377292421187,yes
24,blue-collar,divorced,basic.4y,no,no,no,telephone,oct,mon,2130,1,7,0,failure,-1.7501161972422212,93.51539175343852,-27.569259560070872,3.5669089907296128,5166.783296902208,no
30,management,divorced,basic.6y,unknown,unknown,no,telephone,may,tue,1146,20,10,3,success,-1.9157681475314707,92.60876999323624,-37.57185303113911,4.586041216562152,5224.056574178727,yes
71,services,married,high.school,unknown,yes,no,cellular,jan,tue,357,9,18,3,nonexistent,-2.9466035578939933,92.00186875983637,-43.777786180142684,1.540930882126131,5129.066656180563,yes
38,services,divorced,high.school,no,yes,no,telephone,sep,fri,1551,12,29,4,nonexistent,-1.5619850118759562,94.79674094400669,-29.03977304409099,2.4127632631210116,4977.714372622348,yes
64,blue-collar,single,basic.6y,no,unknown,no,cellular,mar,fri,1089,28,11,5,nonexistent,-1.1393070071304932,93.16712896452013,-36.211539419599426,4.843519470902507,5022.089312962725,no
49,services,divorced,basic.6y,no,no,unknown,telephone,feb,mon,2983,5,19,6,nonexistent,-1.4862112408767094,92.79468612050297,-45.715789525726855,4.762342156690349,5032.247092874567,yes
28,technician,divorced,university.degree,unknown,unknown,yes,cellular,dec,thu,1680,17,6,0,nonexistent,-0.13559525228836855,94.14446849902674,-28.104188871325373,3.6742676959404785,5131.4084578644015,yes
75,technician,single,university.degree,no,yes,no,telephone,jul,mon,2422,3,28,0,nonexistent,-2.0168409739869633,93.65906919564291,-44.27505160237529,2.6858552063190664,4968.473440503223,yes
31,technician,married,basic.4y,unknown,unknown,yes,cellular,dec,tue,161,27,13,6,nonexistent,0.037004722343315914,94.46528765950295,-29.32623858390428,2.240703501078419,5097.584728926133,no
28,management,married,university.degree,no,no,no,telephone,may,thu,3817,6,1,0,nonexistent,0.8372926665885839,94.18708282653627,-36.111385772700025,2.32060686035485,5226.967808885784,yes
19,management,divorced,basic.6y,no,no,unknown,cellular,apr,fri,3451,29,25,3,failure,-0.5620465649219197,92.78895393856831,-38.786727653016335,2.8214769411420715,5166.914931480737,yes
51,management,single,basic.4y,unknown,no,yes,telephone,apr,tue,3727,3,26,3,failure,-1.5343472451612086,93.65828393435754,-42.85164467712138,3.625823589859764,5167.098470338289,yes
78,management,single,high.school,yes,no,no,telephone,sep,wed,3429,27,21,2,nonexistent,-2.5374741554756644,93.40756547288449,-47.959439370317455,2.8479536219095047,5160.754132467828,yes
